Device_ID,Device_Type,BS_position,No_of_sensors,Threshold_distance,Energy_consumed_by_amplifier_long_distance,Initial_energy,Cluster_radius,Energy_consumed_by_electronics_circuit,Energy_consumed_by_amplifier_short_distance,Simulation_time,Secondary_model_parameter_value,Bandwidth,Data_packet_size,Message_size,ICMP_IPV4_TYPE,ICMP_TYPE,DNS_QUERY_ID,DNS_QUERY_TYPE,DNS_TTL_ANSWER,FTP_COMMAND_RET_CODE,ATTACK,LABEL,DATASET
Device_1,Camera,787.39,374,95.19,0.0025800335152697637,3.215,20.76,0.0034861182701876156,0.0005053680522102345,1183,3.863,99,1635,3534,0,8,55345,15,34843,226,Normal,0,NF-ToN-IoT-v2
Device_2,Router,454.35,478,58.66,0.0031809330573502486,4.564,67.63,0.0017138126189814582,5.652641946982089e-05,3074,5.47,641,192,1211,11,0,50515,15,6645,220,Port_Scan,1,NF-ToN-IoT-v2
Device_3,Gateway,630.25,362,32.86,0.008515394564432616,2.29,34.65,0.0016985574982955123,0.00028783992749472763,9475,3.223,531,205,2085,3,0,45691,28,65781,200,Port_Scan,1,NF-CSE-CIC-IDS2018-v2
Device_4,Router,248.38,297,28.72,0.006071569351704736,4.148,30.25,0.0014198883524469855,0.0003743322851409829,5666,3.743,271,936,3654,3,8,3602,5,63054,226,Port_Scan,1,NF-ToN-IoT-v2
Device_5,Router,705.46,445,153.92,0.0015422570205607471,4.341,10.62,0.002318856243036984,0.0006292155231651365,6781,0.381,985,1554,709,3,0,41818,2,57643,226,Port_Scan,1,NF-CSE-CIC-IDS2018-v2
Device_6,Actuator,427.6,92,52.47,0.007292068280608733,3.663,77.82,0.003882682788247632,0.0004695691719459644,2724,7.881,1,1605,2394,0,0,65095,5,32667,200,DoS,1,NF-BoT-IoT-v2
Device_7,Gateway,442.55,234,20.58,0.002153846094650796,0.918,88.85,0.004194482656745539,0.0006117598797990664,5605,9.696,287,1391,2625,3,8,27793,5,74582,425,Normal,0,NF-CSE-CIC-IDS2018-v2
Device_8,Gateway,649.32,421,161.53,0.004386748808113554,0.572,82.89,0.004042088600647811,0.000716194061168743,7649,7.718,997,57,3013,3,0,41737,2,16250,220,Normal,0,NF-BoT-IoT-v2
Device_9,Gateway,936.28,232,39.27,0.006501411644709004,1.259,49.27,0.003143848530298246,5.229148099099381e-05,2832,5.23,180,1821,892,11,8,41009,5,45657,220,DoS,1,NF-ToN-IoT-v2
Device_10,Router,64.01,478,128.78,0.002792102420829124,1.031,55.73,0.0014740949217855633,0.0002656949695335784,2097,8.292,939,1559,1759,3,8,27184,1,47470,200,Normal,0,NF-BoT-IoT-v2
Device_11,Camera,824.74,127,74.34,0.003902657465290343,3.763,28.02,0.0037007905084610504,0.00017919483381928505,9540,8.593,256,1354,2268,8,0,13224,15,72467,150,Brute_Force,1,NF-BoT-IoT-v2
Device_12,Gateway,292.38,491,34.03,0.007368081013311095,3.007,21.42,0.00029287351453643063,0.00019558056797926152,7775,5.491,174,468,2337,11,8,28258,28,66803,425,Port_Scan,1,NF-ToN-IoT-v2
Device_13,Router,443.92,201,88.75,0.009385318438900999,2.867,83.19,0.004010946795821197,0.0005080941416756717,7877,9.378,854,1850,2944,8,0,47502,2,10863,331,Data_Exfiltration,1,NF-BoT-IoT-v2
Device_14,Actuator,21.91,88,12.81,0.005339526063898784,1.638,80.84,0.0039231150639262155,0.000742578988734926,4443,0.399,50,790,1742,0,0,33143,28,39800,200,Normal,0,NF-CSE-CIC-IDS2018-v2
Device_15,Camera,301.05,87,169.8,0.00019871261841056517,1.196,78.85,0.0033830054545647414,0.00028004926358612356,8303,0.2,532,42,3529,3,0,16406,15,71773,220,Brute_Force,1,NF-CSE-CIC-IDS2018-v2
Device_16,Actuator,502.63,156,107.56,0.0034507911372941217,1.429,49.02,0.0005798347049293308,0.0008262047457543552,3707,0.906,617,1293,329,0,0,62539,28,49951,425,Port_Scan,1,NF-BoT-IoT-v2
Device_17,Camera,56.18,116,36.44,0.004046479914970791,2.301,87.13,0.004986972544088659,0.0008935319520364882,9028,0.673,190,650,1353,0,0,2672,2,39571,150,Brute_Force,1,NF-CSE-CIC-IDS2018-v2
Device_18,Router,491.1,391,55.03,0.0034578188380222164,3.831,92.99,0.0038064050427648764,0.00035702853330014884,609,4.304,751,1465,3684,3,8,12570,28,7005,226,DDoS,1,NF-CSE-CIC-IDS2018-v2
Device_19,Sensor,927.11,280,95.12,0.004419061725044072,1.645,36.19,0.003700553471938675,0.000684542973564683,9560,9.409,43,1389,1375,11,8,33797,5,75270,226,Normal,0,NF-CSE-CIC-IDS2018-v2
Device_20,Camera,105.39,399,45.89,0.006363395912802158,3.644,26.35,0.0004136384773936264,0.00012587880114425703,6194,6.785,517,1368,1379,0,0,37143,5,74085,226,Normal,0,NF-CSE-CIC-IDS2018-v2
Device_21,Actuator,764.44,253,61.03,0.0012991674672777564,2.712,49.1,0.002053655120207203,0.0007465880026309637,5845,6.629,975,1056,3455,3,8,59989,15,47986,331,Normal,0,NF-CSE-CIC-IDS2018-v2
Device_22,Router,409.67,82,111.53,0.0027990420377883045,4.484,22.04,0.0005222476982702091,0.0001733736367218526,4916,3.91,760,554,536,3,0,16776,5,6709,425,DoS,1,NF-ToN-IoT-v2
Device_23,Camera,655.17,366,168.2,0.005125716051574484,1.548,88.98,0.0018690813333642996,0.0006905416457333107,3142,5.384,66,1725,2510,8,0,47049,28,34207,530,Brute_Force,1,NF-CSE-CIC-IDS2018-v2
Device_24,Sensor,260.24,477,86.35,0.0032241757509817535,2.529,37.11,0.002895379216350198,0.0004276810034255826,5010,3.111,396,119,1160,0,0,36285,1,22521,220,Normal,0,NF-ToN-IoT-v2
Device_25,Sensor,159.49,363,146.23,0.009911744847540057,0.935,59.74,0.004406473722947415,0.0009291717584023554,6672,5.227,251,273,2639,0,0,48962,28,65983,150,DoS,1,NF-ToN-IoT-v2
Device_26,Gateway,160.46,431,176.57,0.004371171523671134,2.008,61.5,0.0014863948916730347,0.0004698159760140733,1158,7.492,128,1040,1960,3,8,25669,1,9705,220,Port_Scan,1,NF-BoT-IoT-v2
Device_27,Gateway,70.49,35,51.1,0.00871101162056294,2.781,53.92,0.003154731797163145,4.0593789292918766e-05,4400,5.631,697,1187,3218,8,0,58841,28,16783,425,Brute_Force,1,NF-ToN-IoT-v2
Device_28,Actuator,185.65,219,163.37,0.008975447372577258,3.797,19.87,0.0009067944194895476,0.00048586234588343804,9181,4.247,188,629,2285,11,0,22508,1,84002,331,DDoS,1,NF-CSE-CIC-IDS2018-v2
Device_29,Camera,664.22,101,153.91,0.008376469297251265,1.391,99.15,0.001834422899016898,0.0007975437564213931,5603,8.465,183,1677,953,8,0,40269,1,49290,331,DDoS,1,NF-CSE-CIC-IDS2018-v2
Device_30,Camera,881.69,134,77.82,0.0005642925853571614,1.481,21.4,0.004741463628658031,0.0006506134875779814,3052,2.946,583,1383,3563,0,0,8675,2,34713,425,Data_Exfiltration,1,NF-CSE-CIC-IDS2018-v2
Device_31,Gateway,814.13,444,198.01,0.00948269264297218,3.342,76.39,0.0037634404863553846,0.0009666520446485273,5796,4.867,578,142,1675,8,8,43817,2,82132,200,Brute_Force,1,NF-ToN-IoT-v2
Device_32,Camera,685.13,82,59.89,0.0013745513651184516,2.221,80.18,0.0027744482445171414,0.0008448397651640983,7710,9.784,968,1775,2402,0,0,4923,28,13972,425,Port_Scan,1,NF-CSE-CIC-IDS2018-v2
Device_33,Camera,110.43,489,58.41,0.00044059591437151563,2.669,18.79,0.0013333143158651918,0.0005312861462685874,2844,9.676,841,320,444,11,8,28498,5,19777,530,Brute_Force,1,NF-CSE-CIC-IDS2018-v2
Device_34,Sensor,289.19,132,156.73,0.00420225911827492,4.263,93.65,0.0019605555909550545,0.00021445535994934413,9800,0.162,762,1472,2674,0,8,26799,2,68453,220,Data_Exfiltration,1,NF-CSE-CIC-IDS2018-v2
Device_35,Gateway,309.81,318,92.58,0.0020268769243027753,2.746,51.34,0.0008677973358773211,1.3736883523901835e-05,7737,5.369,667,105,3498,11,8,49079,1,54996,530,DoS,1,NF-BoT-IoT-v2
Device_36,Router,249.96,193,72.85,0.0019235456436660385,3.436,64.74,0.0018319892461755984,0.0009806973730313545,3133,3.436,412,1889,249,11,8,57574,28,25714,226,Port_Scan,1,NF-CSE-CIC-IDS2018-v2
Device_37,Gateway,515.01,196,43.95,0.0029494141724238907,3.455,66.01,0.0008381008488072424,0.0009389365013196435,6134,2.983,933,1816,1092,11,0,32854,5,9419,200,Brute_Force,1,NF-BoT-IoT-v2
Device_38,Router,535.55,207,155.41,0.002559215491943863,4.116,52.97,0.0039970044617544595,0.00028140255413444096,9424,6.003,79,139,4069,8,8,53636,28,8785,530,Normal,0,NF-BoT-IoT-v2
Device_39,Sensor,356.89,87,159.4,0.006879474481286517,3.372,18.49,0.0004957195407172122,0.0006418336283614899,1301,4.518,19,1571,3397,11,8,34411,1,44799,220,Data_Exfiltration,1,NF-ToN-IoT-v2
Device_40,Actuator,353.79,357,117.65,0.001949095335697094,0.792,76.42,0.0010280868510548148,0.0007319471672572922,348,7.355,478,1782,2290,3,8,8910,2,673,200,Normal,0,NF-CSE-CIC-IDS2018-v2
Device_41,Camera,828.56,195,191.89,0.005476871221452861,2.04,60.27,0.003486716975925694,0.000582233326422269,8103,0.369,947,1746,3277,0,8,63197,2,20693,200,Normal,0,NF-BoT-IoT-v2
Device_42,Sensor,789.29,353,70.45,0.009865622806820944,4.952,16.27,0.004522331890860837,0.0008445320580897169,5376,9.276,781,1722,4079,0,8,21216,15,51699,425,DDoS,1,NF-CSE-CIC-IDS2018-v2
Device_43,Camera,307.8,262,51.73,0.00438058596746726,1.384,71.53,0.004826498887861248,8.704640194769361e-05,8521,5.719,45,832,1355,0,0,2229,15,47311,150,Normal,0,NF-CSE-CIC-IDS2018-v2
Device_44,Actuator,913.79,22,138.72,0.006454543777074822,3.14,71.76,0.004196512292029806,0.0008975290938087113,2775,6.872,774,768,2737,0,0,35237,28,57050,200,Normal,0,NF-CSE-CIC-IDS2018-v2
Device_45,Actuator,952.82,308,154.1,0.009696779609525748,4.293,57.11,0.0011362117041945022,0.00039809882105482715,9576,6.085,222,1160,2581,11,8,47762,28,59060,425,Data_Exfiltration,1,NF-CSE-CIC-IDS2018-v2
Device_46,Sensor,326.74,85,52.73,0.0014626260806095063,3.14,13.6,0.0014999853005770438,0.0004858831213590436,2975,9.892,129,1437,1068,8,8,39364,5,40347,530,Normal,0,NF-CSE-CIC-IDS2018-v2
Device_47,Actuator,354.42,60,24.56,0.00424420939200119,2.175,38.5,0.004366686529692909,0.00045028631391745544,8612,9.864,618,1651,3827,8,0,2248,2,3214,331,Normal,0,NF-CSE-CIC-IDS2018-v2
Device_48,Router,505.63,284,164.0,0.008516904761933015,0.861,9.84,0.004457731527246143,0.0005359733607396614,7394,6.138,763,108,3112,8,8,16966,2,45055,530,Normal,0,NF-ToN-IoT-v2
Device_49,Actuator,941.12,158,195.54,0.00932982625917431,2.127,50.37,0.003239200512518551,0.000602186787166896,127,6.871,633,234,4017,8,0,36887,15,24891,226,Brute_Force,1,NF-ToN-IoT-v2
Device_50,Camera,876.32,228,132.49,0.0060522369737931615,1.319,91.11,0.001636841386015663,0.0007132399986494,609,6.224,230,882,1155,0,8,33640,1,78390,150,Normal,0,NF-BoT-IoT-v2
Device_51,Camera,102.57,131,62.79,0.0015198639651482116,4.824,5.21,0.0011978776489252859,0.0005296909356844521,740,3.176,793,1556,2218,3,8,63989,1,8201,200,Normal,0,NF-CSE-CIC-IDS2018-v2
Device_52,Camera,392.73,220,199.37,0.009024568681081785,3.718,30.33,0.0042761852263874574,0.0006879255234488014,3350,2.007,227,1296,2682,3,0,35151,15,36845,150,Normal,0,NF-CSE-CIC-IDS2018-v2
Device_53,Camera,553.37,289,179.72,0.0018270210052903316,3.872,80.99,0.0011057494924038036,0.0003449144691547936,3847,4.087,922,831,3921,8,8,24548,28,77415,425,Normal,0,NF-CSE-CIC-IDS2018-v2
Device_54,Router,503.13,35,107.54,0.0035934906984879736,2.462,5.94,0.003342841318343843,0.000937314061555407,2819,6.859,397,738,3572,0,8,36489,2,45052,226,Data_Exfiltration,1,NF-CSE-CIC-IDS2018-v2
Device_55,Gateway,193.86,182,166.81,0.0038175289798463912,0.995,5.97,0.004842971379397248,7.388570960177147e-05,4003,0.654,275,1427,3166,11,0,26068,2,41881,226,Brute_Force,1,NF-BoT-IoT-v2
Device_56,Sensor,858.82,165,165.01,0.004528186244739018,1.7,63.03,0.003555927823248992,0.0005500852024754826,5105,5.192,138,1260,3682,8,8,56468,2,42598,150,Port_Scan,1,NF-ToN-IoT-v2
Device_57,Camera,676.94,247,187.61,0.0079226415777164,1.669,79.97,0.001362584534506528,9.652221426149752e-05,9603,4.143,173,443,3907,11,0,62446,1,85645,220,Port_Scan,1,NF-BoT-IoT-v2
Device_58,Actuator,837.91,385,169.78,0.008041229343214598,2.691,78.77,0.0014842789162447798,0.00044833936567656104,3436,5.322,327,1269,584,11,8,46990,28,46832,226,DDoS,1,NF-CSE-CIC-IDS2018-v2
Device_59,Camera,858.76,91,132.3,0.007224585225453331,2.574,79.06,0.0005551843995624365,0.0002650065340763016,9782,8.616,783,472,1708,11,0,13887,1,82641,331,Normal,0,NF-CSE-CIC-IDS2018-v2
Device_60,Actuator,748.36,365,125.77,0.00031907387677365803,2.45,39.3,0.003462563700807979,0.0009375344150868211,1518,0.571,215,1586,718,3,8,45196,28,4642,331,Normal,0,NF-CSE-CIC-IDS2018-v2
Device_61,Actuator,439.21,499,98.8,0.005691966511949801,2.732,88.86,0.0026403348391726166,2.2944632522083978e-05,7699,7.66,228,1726,105,8,0,47091,15,77673,200,DoS,1,NF-ToN-IoT-v2
Device_62,Camera,610.55,422,129.03,0.007500180263225861,4.942,6.22,0.0011117113277272187,0.0003972915948300425,9750,6.702,107,1267,3322,0,0,6897,28,58087,220,DoS,1,NF-CSE-CIC-IDS2018-v2
Device_63,Router,160.37,282,161.09,0.004501789876609275,1.843,34.66,0.0012155746726922076,0.000784222322209885,3559,2.118,159,84,2708,0,0,44278,1,34077,220,Data_Exfiltration,1,NF-BoT-IoT-v2
Device_64,Actuator,673.65,77,194.12,0.009454866849117425,3.269,37.03,0.00014422031835919727,0.00019657679852495111,5004,7.368,894,1566,2975,0,8,1094,2,12971,425,Normal,0,NF-BoT-IoT-v2
Device_65,Actuator,179.25,53,98.78,0.008255724166615474,1.578,20.73,0.004894255055622566,0.0008174323226195904,7412,5.014,136,1143,3848,8,8,53159,1,66481,200,Botnet,1,NF-CSE-CIC-IDS2018-v2
Device_66,Camera,693.95,70,118.99,0.006417735148319626,2.6,36.94,0.004157289109150564,0.0008611278369465756,7442,4.862,763,703,4015,3,0,4487,15,77361,226,Data_Exfiltration,1,NF-CSE-CIC-IDS2018-v2
Device_67,Actuator,229.6,132,94.51,0.0007180093184568825,1.4,60.66,0.002031432757588293,0.0007109229696493123,9629,4.882,30,40,1887,11,8,14314,2,10185,530,Brute_Force,1,NF-ToN-IoT-v2
Device_68,Actuator,117.55,358,137.01,0.006558227851073069,3.012,54.43,0.004735840268891049,0.00021697849060190908,5348,9.497,98,722,911,0,0,51447,1,63508,150,Normal,0,NF-CSE-CIC-IDS2018-v2
Device_69,Camera,165.28,205,129.68,0.009124638052396968,1.693,35.35,0.003417887701856567,0.00027931827001574677,3181,9.449,609,114,1388,3,8,42088,2,86145,220,Port_Scan,1,NF-BoT-IoT-v2
Device_70,Camera,1.99,339,13.39,0.003856509330121419,0.666,76.19,0.0037821664245762865,0.00017526538140840835,446,9.145,769,1718,2372,11,0,15269,15,39953,220,DoS,1,NF-CSE-CIC-IDS2018-v2
Device_71,Sensor,718.74,418,112.82,0.008397512003493073,4.169,72.91,0.0034317819493813275,0.0001922230998293857,216,8.879,784,1080,1577,11,8,21555,28,50486,530,Normal,0,NF-BoT-IoT-v2
Device_72,Router,732.4,488,26.81,0.003200295314335572,1.077,31.67,0.003808559276576024,4.6127373510621575e-05,9712,0.472,882,256,734,3,8,18689,28,14534,425,Normal,0,NF-CSE-CIC-IDS2018-v2
Device_73,Router,514.93,332,15.01,0.005744022586318298,2.156,35.71,0.0009376007478643256,0.0008587419303862839,3182,4.066,523,1552,3800,8,8,21988,5,48523,226,Normal,0,NF-CSE-CIC-IDS2018-v2
Device_74,Actuator,161.36,120,160.33,0.0065194017418707464,2.647,32.31,0.00285575018792051,0.0005332172645535574,1731,8.959,923,461,2807,8,8,24981,2,44444,425,Normal,0,NF-ToN-IoT-v2
Device_75,Router,83.55,267,59.14,0.00681215087183306,2.446,17.24,0.004261943749403442,0.0003344816316481811,2099,7.576,342,1483,1344,3,8,34422,15,17670,150,DDoS,1,NF-ToN-IoT-v2
Device_76,Actuator,19.13,98,74.72,0.008837238213197048,3.765,76.51,0.000195758661453286,0.00029668122610277396,8159,4.621,168,1249,892,11,8,21365,1,84767,331,Botnet,1,NF-ToN-IoT-v2
Device_77,Sensor,165.75,442,22.18,0.002422760443362193,3.185,9.4,0.0007048704716038512,0.0005492493334831106,7369,7.755,211,1173,3202,0,8,44035,1,49209,220,Normal,0,NF-CSE-CIC-IDS2018-v2
Device_78,Camera,890.86,207,44.11,0.0026974588943608495,1.829,19.31,0.0013036350673393366,0.0003334179735720496,8232,2.161,684,866,3860,0,8,58931,5,55369,425,DoS,1,NF-CSE-CIC-IDS2018-v2
Device_79,Camera,241.54,291,155.46,0.007070005833776295,0.733,15.0,0.0015441608139656168,0.0008650807952602445,6198,6.038,838,926,283,8,0,22894,1,30322,530,Normal,0,NF-CSE-CIC-IDS2018-v2
Device_80,Camera,354.27,209,103.77,0.0018542187435919774,3.954,83.41,0.0009952489462946015,0.00021884786068654166,9098,5.377,632,1979,3458,0,0,26630,15,62280,226,Normal,0,NF-ToN-IoT-v2
Device_81,Router,105.35,108,177.33,0.0046962770091432075,2.086,9.18,0.0031592189106622237,0.0008834787734987242,7103,5.778,185,791,4073,11,0,28672,15,72020,425,Port_Scan,1,NF-CSE-CIC-IDS2018-v2
Device_82,Sensor,222.36,36,85.48,0.0002983404023644299,4.504,68.14,0.001540693448849343,0.0006674515284733948,1791,7.246,432,1026,927,3,8,12626,28,20389,220,DoS,1,NF-BoT-IoT-v2
Device_83,Router,519.22,98,61.05,0.0014956954362021298,2.278,9.23,0.0008746892341965985,0.0009570629282504205,2804,9.503,424,109,3871,11,8,11961,2,34194,331,Botnet,1,NF-CSE-CIC-IDS2018-v2
Device_84,Router,607.75,155,76.04,0.006820579211785729,3.729,79.71,0.0045385482927153215,2.4956169219336504e-05,5640,2.714,39,1207,2096,0,0,52925,2,77609,530,Brute_Force,1,NF-CSE-CIC-IDS2018-v2
Device_85,Sensor,245.35,191,145.43,0.007499869874469365,4.728,91.71,0.0035056692045819142,6.850461005404493e-05,3535,7.605,980,1111,1693,11,0,53597,1,33865,200,Normal,0,NF-CSE-CIC-IDS2018-v2
Device_86,Sensor,57.73,266,115.45,0.0012416584290549809,3.43,51.25,0.0013056878582181112,0.0005058856479972075,8502,6.487,387,1873,3194,8,0,6769,2,73768,425,Normal,0,NF-CSE-CIC-IDS2018-v2
Device_87,Sensor,391.03,198,181.8,0.0023543245490708505,2.361,81.43,0.0018686728032247418,0.0009132550417317279,9982,6.982,951,388,3313,3,0,40641,5,45872,226,DoS,1,NF-ToN-IoT-v2
Device_88,Sensor,234.2,249,124.41,0.001079154020716806,3.053,72.11,0.0037298492581546226,0.0007334870020148436,1877,4.346,769,1314,524,3,0,34870,2,14169,530,Normal,0,NF-CSE-CIC-IDS2018-v2
Device_89,Camera,219.55,368,103.67,0.004390787154858657,2.946,80.59,0.003975459360495347,0.00062591457319414,3247,9.451,791,566,353,0,0,31348,1,69349,150,Normal,0,NF-CSE-CIC-IDS2018-v2
Device_90,Gateway,959.86,396,159.29,0.0013485491003718696,3.132,77.84,0.0009645372105591227,4.128613410358192e-05,8157,4.849,742,705,1199,0,0,3852,2,25528,530,Brute_Force,1,NF-CSE-CIC-IDS2018-v2
Device_91,Gateway,616.3,205,190.03,0.004429230569952212,1.161,24.51,0.004689222811961285,0.00036062215052848324,2599,1.304,451,1832,3459,11,0,58139,15,45284,530,Normal,0,NF-CSE-CIC-IDS2018-v2
Device_92,Sensor,556.88,306,77.61,0.007347772732431204,3.643,52.46,0.00394783250105106,0.0003523943639738287,786,6.839,958,1649,2293,11,0,64781,15,58518,200,DoS,1,NF-BoT-IoT-v2
Device_93,Gateway,415.78,174,57.48,0.006865547468119833,1.153,96.24,0.004298390741955884,0.0005466648254373067,5166,1.376,115,602,2577,3,0,60290,28,8120,425,Normal,0,NF-CSE-CIC-IDS2018-v2
Device_94,Gateway,428.94,316,127.08,0.0028765588198332677,0.566,37.64,0.0008049081541201667,0.00026524950155329424,9221,3.294,930,609,287,8,8,59663,28,7211,150,Normal,0,NF-CSE-CIC-IDS2018-v2
Device_95,Sensor,540.91,280,104.79,0.006770249237544632,3.312,97.2,0.0008024990458455768,0.00027448415802598246,9606,2.357,401,437,2509,8,8,19288,28,81917,530,Data_Exfiltration,1,NF-CSE-CIC-IDS2018-v2
Device_96,Gateway,696.43,17,197.95,0.009284350095905811,1.026,60.4,0.0015963073367043007,0.0006246521920759918,2933,5.435,304,146,3295,0,8,1453,28,55901,331,Brute_Force,1,NF-BoT-IoT-v2
Device_97,Router,702.15,47,97.85,0.0035404914321406637,3.967,48.85,0.00041676745616236755,0.000945121867881015,2345,3.54,603,1858,517,8,0,25454,2,45817,530,Normal,0,NF-ToN-IoT-v2
Device_98,Actuator,171.69,123,24.12,0.003358279621606305,4.397,67.49,0.0005462299015932774,0.0006635773126003284,1285,1.683,309,1982,426,3,0,29048,1,55989,150,Port_Scan,1,NF-CSE-CIC-IDS2018-v2
Device_99,Actuator,500.11,348,195.7,0.005757242649671973,4.751,82.5,0.0008017150620476924,0.0006714488227412248,2564,7.929,573,505,2110,8,8,57730,2,71443,220,Normal,0,NF-ToN-IoT-v2
Device_100,Sensor,411.96,65,170.28,0.002530467929171971,3.49,42.45,0.003590905690156241,0.0009863526652542343,8675,4.738,103,785,1936,3,8,61025,1,69585,331,Normal,0,NF-CSE-CIC-IDS2018-v2
Device_101,Camera,870.53,440,43.87,0.006550631387004496,2.669,8.13,0.00024812842904187594,0.0001619433853990922,1621,4.599,727,1389,2887,0,0,51586,1,75900,530,Normal,0,NF-ToN-IoT-v2
Device_102,Sensor,631.42,483,181.87,0.008339391529657562,2.085,72.34,0.0005078994287061429,4.34964264583568e-05,1079,8.875,102,1676,2786,11,8,31912,1,74025,200,Normal,0,NF-CSE-CIC-IDS2018-v2
Device_103,Camera,532.5,368,74.73,0.004647253200476458,2.709,95.84,0.004726499327309839,0.0007480588112388352,4277,5.434,907,1871,1879,8,8,42140,1,20702,530,DDoS,1,NF-CSE-CIC-IDS2018-v2
Device_104,Actuator,115.39,147,81.65,0.0068271225167909864,1.357,64.37,0.000509917740194486,0.0004443995588579734,3710,7.128,655,1364,66,3,8,20903,15,59865,220,Normal,0,NF-ToN-IoT-v2
Device_105,Sensor,605.64,111,182.21,0.0065536656964416545,2.068,22.9,0.0027335656143181084,0.0004345351212044862,7571,3.348,90,2043,656,0,8,33554,1,62551,425,Normal,0,NF-CSE-CIC-IDS2018-v2
Device_106,Router,117.2,343,110.72,0.0004827890622911362,3.731,28.58,0.0032486086420874384,0.000233050342599402,5800,5.657,118,362,3939,3,8,55955,2,53234,220,Normal,0,NF-CSE-CIC-IDS2018-v2
Device_107,Gateway,337.21,186,36.17,0.0019158213222401866,1.478,91.43,0.004797108217204946,0.0005117944101138481,7673,7.292,139,1599,754,8,8,12564,1,5114,331,DDoS,1,NF-ToN-IoT-v2
Device_108,Camera,142.84,178,80.12,0.008945947017999487,1.688,6.29,0.004509033317767055,0.00044775062028762456,2053,3.035,903,756,1447,3,8,3219,15,8519,530,Normal,0,NF-BoT-IoT-v2
Device_109,Gateway,692.07,348,147.2,0.009395032258913692,3.872,57.13,0.0022593455592143496,0.00035199550776786537,5646,6.916,303,1014,912,0,8,15195,2,8734,150,DDoS,1,NF-BoT-IoT-v2
Device_110,Gateway,206.25,295,43.09,0.007826352435120656,1.3,20.07,0.004716603900450874,0.00044831770774503467,9776,5.731,752,1559,2040,0,8,59182,5,50090,425,Normal,0,NF-BoT-IoT-v2
Device_111,Sensor,391.86,270,122.14,0.009220356668444177,1.606,31.86,0.0022181027865097987,0.00038999642301566095,983,4.399,648,119,3450,11,0,7258,2,2283,150,Normal,0,NF-ToN-IoT-v2
Device_112,Gateway,895.67,384,142.1,0.0031308716440938906,0.579,34.16,0.0033826017058060974,0.0009404973945086413,4923,7.158,517,939,669,11,8,6699,15,51207,200,Brute_Force,1,NF-ToN-IoT-v2
Device_113,Router,204.32,232,75.33,0.002552338620612565,3.74,25.83,0.001372079546519148,0.0009804491409010768,223,3.237,209,605,792,8,0,34541,15,79070,331,Normal,0,NF-ToN-IoT-v2
Device_114,Gateway,507.81,208,141.84,0.003904571856849148,3.281,80.27,0.0032195581768587615,0.0008415019231866365,625,7.174,87,34,2133,0,0,27761,28,86269,200,Botnet,1,NF-ToN-IoT-v2
Device_115,Sensor,419.27,220,178.0,0.0006478857856494834,3.625,36.56,0.002737125828582461,0.0009905099501020037,2186,5.556,962,1829,2532,8,0,18426,5,45533,530,Normal,0,NF-BoT-IoT-v2
Device_116,Router,18.12,296,99.7,0.008117729028509145,1.464,37.82,0.0030734721094958016,0.00027306223473888823,6511,2.531,859,1438,2058,0,8,58968,1,33617,226,DoS,1,NF-BoT-IoT-v2
Device_117,Actuator,792.76,189,82.75,0.009843337302639265,3.593,48.04,0.003444990886534941,0.0008444958588197502,6199,6.716,319,1679,1213,8,8,56321,15,19978,331,Normal,0,NF-ToN-IoT-v2
Device_118,Gateway,69.05,259,57.72,0.008257889995122437,3.184,90.72,0.0009499309705004738,0.00041256272178359486,9668,8.859,789,555,3915,0,8,44532,28,57484,226,DDoS,1,NF-CSE-CIC-IDS2018-v2
Device_119,Sensor,474.26,240,124.8,0.005594255815040227,2.148,70.38,0.0015761877247807434,0.0007486750337999759,4506,3.169,967,1620,1492,8,8,14506,28,60017,200,Port_Scan,1,NF-CSE-CIC-IDS2018-v2
Device_120,Actuator,560.68,481,177.17,0.003023291507781203,2.47,10.87,0.0037075827959350874,0.0002093787142241685,4235,8.142,887,1203,1742,3,8,56760,1,77320,226,Data_Exfiltration,1,NF-CSE-CIC-IDS2018-v2
Device_121,Actuator,628.43,491,71.69,0.002057209096581448,3.056,8.73,0.0009027375327263438,0.0008138365288438942,8126,3.428,633,537,2379,11,8,15959,2,61833,226,Brute_Force,1,NF-ToN-IoT-v2
Device_122,Camera,688.63,32,85.28,0.003704222430786934,2.72,58.81,0.0017867766797228593,9.262978189535032e-05,4976,8.229,245,677,3989,3,8,58592,5,66232,220,Normal,0,NF-BoT-IoT-v2
Device_123,Router,253.27,57,87.26,0.0067029983425272435,3.388,89.27,0.003365745586356155,0.0002778521296492397,8872,0.606,870,115,2726,11,8,20626,1,34943,220,DoS,1,NF-ToN-IoT-v2
Device_124,Gateway,9.98,118,116.55,0.004525909399854154,1.314,35.71,0.004694489827439201,0.0008237330906786841,2093,0.171,90,1453,2679,8,8,34393,1,71386,200,DoS,1,NF-CSE-CIC-IDS2018-v2
Device_125,Sensor,723.44,305,53.4,0.009347192218836411,2.933,28.54,0.0004689710133178639,0.000749687629603633,4625,1.221,478,215,802,0,0,34239,2,54298,200,Normal,0,NF-BoT-IoT-v2
Device_126,Camera,535.66,15,166.22,0.008556781395360752,2.526,76.08,0.0026311479155442844,0.0005062342874413764,8748,8.752,652,200,1193,0,8,54701,2,20059,150,Normal,0,NF-BoT-IoT-v2
Device_127,Router,836.12,47,66.16,0.0011137660980326998,2.575,62.2,0.0005013361622649941,0.0006760648465473068,9743,5.384,112,1616,719,8,8,61096,15,288,425,Normal,0,NF-CSE-CIC-IDS2018-v2
Device_128,Camera,821.39,178,144.02,0.001402099716468529,2.612,58.68,0.0019577465596625487,0.00019371828425097034,303,5.982,907,139,2656,0,8,17730,2,10350,226,Port_Scan,1,NF-CSE-CIC-IDS2018-v2
Device_129,Router,843.33,365,107.51,0.006794767934471098,4.467,19.18,0.0009593938700279923,0.0006710859861228172,4313,8.438,950,224,3764,8,0,9306,2,44955,530,Normal,0,NF-CSE-CIC-IDS2018-v2
Device_130,Router,485.09,292,121.32,0.0023846070608055077,4.184,21.72,0.0032822482706347154,1.789640566807761e-05,6023,0.601,977,883,2282,3,8,13,5,36331,425,Brute_Force,1,NF-ToN-IoT-v2
Device_131,Gateway,333.63,212,44.13,0.007931195782416337,3.333,31.77,0.003813379504577999,0.0008348837087076911,6465,3.932,394,1269,2416,8,8,25747,5,45944,150,DDoS,1,NF-CSE-CIC-IDS2018-v2
Device_132,Router,791.56,334,149.65,0.005954445609030896,3.724,24.65,0.0013119817121385298,0.0005211247319189541,5092,6.467,887,1415,2445,0,0,34594,5,13436,150,Normal,0,NF-CSE-CIC-IDS2018-v2
Device_133,Camera,451.29,322,45.84,0.002375322224560165,0.693,97.29,0.003593147030358455,0.000944439667093486,6306,4.106,240,1150,3153,0,8,28118,1,48444,331,DoS,1,NF-ToN-IoT-v2
Device_134,Router,183.44,282,31.56,0.004838999295057853,3.848,6.77,0.0022894127954977304,0.00048338262464955406,7601,0.418,272,1598,3883,8,0,24984,5,62173,150,Normal,0,NF-CSE-CIC-IDS2018-v2
Device_135,Gateway,854.97,253,113.87,0.004120155294433631,2.688,64.48,0.0014895421489064435,0.0004387564095030777,7559,6.544,143,1211,2511,8,0,29055,5,61127,150,Data_Exfiltration,1,NF-ToN-IoT-v2
Device_136,Gateway,882.56,336,144.77,0.008744277655975106,1.93,54.17,0.002664668176564999,0.00045555228427383593,2292,3.975,954,1579,3303,8,8,21891,28,5719,226,Normal,0,NF-BoT-IoT-v2
Device_137,Camera,466.31,484,19.51,0.0004184085022727977,1.129,35.71,0.0019602857047227315,0.00036613133407254313,5149,0.29,719,303,3074,8,8,36920,5,65213,150,Brute_Force,1,NF-BoT-IoT-v2
Device_138,Actuator,75.7,56,23.19,0.008968854515621221,0.838,89.32,0.001226981647320709,0.0001750083330042274,2809,1.788,119,1792,938,11,0,2561,1,31224,226,DDoS,1,NF-CSE-CIC-IDS2018-v2
Device_139,Actuator,387.83,258,162.51,0.00655561856050946,0.702,68.67,0.0038085395010369226,0.0008436420996760506,9474,2.254,596,1218,3069,11,8,11841,28,34672,425,Port_Scan,1,NF-CSE-CIC-IDS2018-v2
Device_140,Router,803.54,88,163.72,0.00740162805672895,1.228,99.84,0.004007868329782984,0.00039519455368071187,2928,5.155,900,587,2969,3,0,43352,1,66522,226,Brute_Force,1,NF-CSE-CIC-IDS2018-v2
Device_141,Sensor,901.77,119,56.61,0.000125813887587074,0.636,21.02,0.004021529979699517,0.00053381734390697,9250,1.945,992,1891,398,11,8,34670,1,81738,150,Normal,0,NF-ToN-IoT-v2
Device_142,Router,203.47,22,126.89,0.006319570396968601,3.797,13.35,0.001972499700574903,2.9688047298802066e-05,4174,3.677,251,937,1955,0,0,11350,28,37287,226,DDoS,1,NF-BoT-IoT-v2
Device_143,Camera,66.97,404,94.2,0.005926013020739159,1.619,18.24,0.0009306894119059272,6.965133398685908e-05,6050,7.532,278,769,1242,11,8,41364,28,54445,200,Port_Scan,1,NF-CSE-CIC-IDS2018-v2
Device_144,Camera,877.35,389,130.21,0.005418335008224369,2.159,30.58,0.004218015279386644,0.0006012113971830661,168,8.096,163,796,2863,11,0,61684,28,54204,200,Data_Exfiltration,1,NF-ToN-IoT-v2
Device_145,Camera,389.4,374,173.95,0.007880081881388262,4.202,44.59,0.0017133929947824454,0.0008804358016884728,1737,7.975,654,776,693,0,0,40684,28,2087,226,Port_Scan,1,NF-ToN-IoT-v2
Device_146,Camera,541.76,99,25.17,0.005603123854325403,1.016,86.95,0.003765527331034895,0.0004984618697458137,5763,6.981,350,802,2487,11,0,54872,1,81436,530,Data_Exfiltration,1,NF-BoT-IoT-v2
Device_147,Camera,968.07,351,157.82,0.008585262176642591,4.26,31.94,0.004105507749116162,0.00017332483479901267,8493,5.464,31,830,1982,8,8,50010,28,18791,425,Brute_Force,1,NF-CSE-CIC-IDS2018-v2
Device_148,Gateway,66.56,357,103.68,0.00240305171545542,3.378,91.95,0.0038639472382535132,0.0001249660412223092,8557,5.551,458,1235,144,11,0,14387,2,77097,425,Brute_Force,1,NF-CSE-CIC-IDS2018-v2
Device_149,Actuator,648.32,289,117.18,0.008079227630819828,2.039,48.98,0.0020100495503849575,0.0009007901213789947,6351,9.539,838,1278,973,11,8,32458,5,82479,200,Botnet,1,NF-BoT-IoT-v2
Device_150,Camera,74.11,230,134.25,0.001875196450965577,1.03,66.47,0.004696281960287425,0.0007046214754751045,3225,8.791,91,147,513,11,8,42957,5,60369,331,DoS,1,NF-BoT-IoT-v2
Device_151,Sensor,375.47,82,185.3,0.0081498661404929,0.912,30.12,0.0033347958423349403,0.0009665335989663427,7194,6.533,128,992,3134,8,0,16592,2,76548,425,Port_Scan,1,NF-CSE-CIC-IDS2018-v2
Device_152,Sensor,803.81,243,20.78,0.009410588836402821,2.01,19.82,0.002921156793174484,9.152513513046064e-05,7605,4.738,779,1060,3034,8,0,46965,1,58333,220,Normal,0,NF-CSE-CIC-IDS2018-v2
Device_153,Sensor,433.47,269,15.6,0.0034233720088728027,1.132,87.6,0.003519754600167567,0.0009035867264731791,6433,7.318,548,804,1397,3,8,51342,1,16677,200,Normal,0,NF-BoT-IoT-v2
Device_154,Sensor,997.18,122,43.87,0.00534587450840387,1.705,15.4,0.00031916290400041137,0.0008471759894015478,338,0.721,970,97,1943,3,0,40877,5,66043,150,Brute_Force,1,NF-CSE-CIC-IDS2018-v2
Device_155,Gateway,559.06,55,197.43,0.006617457326939163,0.738,78.53,0.002013523366615326,0.0008942533310949122,5146,9.452,848,558,2043,8,0,56946,15,41345,200,Data_Exfiltration,1,NF-BoT-IoT-v2
Device_156,Sensor,321.16,283,145.86,0.0008867694919594967,3.178,60.19,0.004417964053846433,1.5705327041068153e-05,8117,5.521,792,480,743,0,8,1822,2,77088,331,Normal,0,NF-CSE-CIC-IDS2018-v2
Device_157,Camera,220.11,52,126.78,0.004991399110220791,1.154,86.81,0.0008892905373289994,0.0007444844457219227,390,5.078,725,1204,2796,3,0,7741,2,29772,331,DoS,1,NF-CSE-CIC-IDS2018-v2
Device_158,Router,350.52,217,18.94,0.003669791268223643,3.905,73.19,0.002130563173908015,0.0005534487330200226,6564,2.979,509,132,3490,11,8,545,5,24668,331,Port_Scan,1,NF-ToN-IoT-v2
Device_159,Sensor,372.53,426,177.03,0.00873731074938795,1.482,31.76,0.0020857151567426568,0.0005774476394208355,1908,0.134,936,2022,3459,11,0,58147,28,29637,425,DoS,1,NF-BoT-IoT-v2
Device_160,Gateway,68.71,358,164.42,0.008779127235212429,4.091,59.57,0.0018446043824448199,0.0004745099674792281,1054,0.706,745,1322,793,11,0,64120,15,36970,425,Normal,0,NF-ToN-IoT-v2
Device_161,Gateway,369.57,112,136.31,0.007037717441517645,1.354,6.24,0.0028555215114090017,0.0007452501485707371,7132,2.704,740,761,3363,0,8,1127,1,62102,200,Normal,0,NF-BoT-IoT-v2
Device_162,Sensor,464.24,133,74.43,0.006591672298465734,3.746,50.15,0.0049813704429699035,0.0009998408975716406,2030,5.461,881,585,3075,3,0,13355,1,83893,530,Data_Exfiltration,1,NF-ToN-IoT-v2
Device_163,Router,722.74,19,23.4,0.0073635157468309835,1.999,13.17,0.0013536593590544857,0.0007134329756814218,7089,0.927,810,97,2302,8,8,65214,1,18474,220,Normal,0,NF-ToN-IoT-v2
Device_164,Sensor,656.73,338,120.21,0.00372327031992779,3.124,45.75,0.003554289900617458,0.0006812699118789298,8575,9.723,237,1405,3873,8,0,55628,1,31139,150,Normal,0,NF-ToN-IoT-v2
Device_165,Gateway,708.77,196,146.74,0.004104740542831192,0.674,15.41,0.0038141754891007863,0.0006578933385232802,9098,4.169,983,1884,3084,0,0,53244,2,18128,220,DDoS,1,NF-ToN-IoT-v2
Device_166,Actuator,8.36,40,27.91,0.005581676756598183,2.729,95.77,0.002964042550430345,0.000698259553148884,7879,3.232,533,1883,1077,8,8,16630,2,14169,425,Normal,0,NF-ToN-IoT-v2
Device_167,Camera,217.67,165,130.42,0.009386478460908227,1.169,54.69,0.0005776308707157869,0.00034869134275652416,5230,5.299,608,1965,743,0,8,59921,28,85549,425,Normal,0,NF-BoT-IoT-v2
Device_168,Gateway,661.68,69,64.41,0.00726759875378367,2.688,91.76,0.0029046301369919565,0.00032701754622975455,6685,0.743,977,151,1384,8,8,57808,2,57841,200,Normal,0,NF-CSE-CIC-IDS2018-v2
Device_169,Sensor,483.99,258,155.21,0.005554793520512612,1.136,7.12,0.004771975930795188,0.0007864945984878013,2776,8.519,51,276,2300,8,8,39212,28,60125,220,Data_Exfiltration,1,NF-ToN-IoT-v2
Device_170,Camera,5.31,396,112.53,0.0077270888474774745,2.467,65.58,0.0017760947075045,6.255713717943588e-05,3671,4.657,849,420,3328,0,8,619,28,86386,226,Normal,0,NF-CSE-CIC-IDS2018-v2
Device_171,Sensor,804.49,383,34.52,0.0037718140911604083,0.998,34.16,0.0032344718192591983,0.0007616552608213501,3859,1.866,823,318,576,8,0,34726,1,85076,150,Normal,0,NF-ToN-IoT-v2
Device_172,Sensor,772.81,448,110.04,0.00733162034132927,1.49,46.02,0.004801048888883717,0.0008157031693178729,9910,1.701,469,1103,1096,3,8,27611,1,28090,226,DDoS,1,NF-BoT-IoT-v2
Device_173,Actuator,548.42,279,85.19,0.004165694857998734,3.178,87.94,0.00401015237805026,0.0005263819799904052,5221,3.673,892,831,650,8,8,39449,2,40299,226,Port_Scan,1,NF-CSE-CIC-IDS2018-v2
Device_174,Camera,66.46,451,44.27,0.0028686479294483622,4.895,98.1,0.00347270787551551,0.0009110466144588851,9100,5.776,388,856,911,11,8,26991,2,14553,220,Normal,0,NF-CSE-CIC-IDS2018-v2
Device_175,Camera,766.52,226,169.89,0.006136268070470696,2.521,28.42,0.0048586295059647394,0.0004783565627757127,3886,4.227,62,1822,2972,0,8,9421,28,67309,226,Normal,0,NF-CSE-CIC-IDS2018-v2
Device_176,Actuator,583.71,408,12.1,0.006900087840536827,3.592,95.08,0.000935856480964121,0.00018630580141488595,1041,6.008,343,449,3107,8,8,8548,5,27683,150,Normal,0,NF-BoT-IoT-v2
Device_177,Gateway,781.96,11,69.3,0.004647006255677686,2.927,70.43,0.003886469063649209,0.0003677846622196061,8331,7.084,153,1001,2254,3,8,35146,1,55939,226,Port_Scan,1,NF-CSE-CIC-IDS2018-v2
Device_178,Sensor,751.75,33,12.39,0.005698457240419465,2.743,95.38,0.0020934952598815892,0.0009068088308717754,1438,7.51,736,382,1914,8,8,65119,15,38330,200,Normal,0,NF-CSE-CIC-IDS2018-v2
Device_179,Router,803.0,215,28.24,0.006971254141073973,0.791,58.42,0.0018661152696344708,0.0009938009054411433,4752,4.069,966,186,2598,8,0,52503,5,16693,150,Normal,0,NF-BoT-IoT-v2
Device_180,Sensor,518.01,329,66.45,0.0077003295104193445,1.149,96.27,0.0026512953205696057,0.0004276354273195886,1421,7.198,654,1393,2305,11,8,33652,1,23858,530,Data_Exfiltration,1,NF-ToN-IoT-v2
Device_181,Sensor,140.32,208,20.31,0.008966157642922455,4.474,89.78,0.0002653801880095452,0.00017517808013772128,1754,1.501,41,1316,2633,3,0,55737,1,64859,530,Port_Scan,1,NF-CSE-CIC-IDS2018-v2
Device_182,Gateway,671.16,365,123.36,0.003609987642016849,2.346,17.22,0.0016313951425489777,0.0002934659874317965,3168,5.18,486,1584,3568,8,0,29172,2,84980,530,Normal,0,NF-CSE-CIC-IDS2018-v2
Device_183,Sensor,620.47,123,26.5,0.009519624803240676,3.264,34.53,0.0009144559231647183,0.0005577633790888243,4838,0.818,953,234,3274,8,0,9950,15,24952,200,Port_Scan,1,NF-CSE-CIC-IDS2018-v2
Device_184,Actuator,742.25,289,143.33,0.006409070120218567,2.877,28.09,0.0007795854071447932,0.0005763749590943751,6693,2.517,678,996,1117,11,0,13031,15,77970,200,Normal,0,NF-ToN-IoT-v2
Device_185,Actuator,169.88,164,20.0,0.007898248638719584,2.205,59.35,0.0017529684990984808,0.0006337588126266441,8686,5.874,702,1940,1366,0,8,60264,1,17810,530,Normal,0,NF-CSE-CIC-IDS2018-v2
Device_186,Camera,194.98,174,21.27,0.00702771353046624,2.245,81.27,0.004031095354252476,0.0008369998388468215,891,7.43,809,471,853,0,8,9649,28,11603,425,Normal,0,NF-ToN-IoT-v2
Device_187,Router,890.41,495,68.01,0.0021351600809492257,3.0,77.14,0.0010854442324898367,0.0007141020101711474,6776,1.044,557,1221,4082,0,0,39111,15,12488,530,Port_Scan,1,NF-CSE-CIC-IDS2018-v2
Device_188,Sensor,749.98,231,180.35,0.0008072399917874004,1.135,74.04,0.002703937343718807,0.0002682318242374819,843,2.15,720,410,1129,11,8,16934,5,68339,331,Normal,0,NF-ToN-IoT-v2
Device_189,Sensor,908.23,100,131.86,0.007290235993779391,2.243,40.65,0.0037684153507722587,0.00040109362008904043,6624,9.92,382,1493,3363,0,0,8391,28,22437,331,Normal,0,NF-CSE-CIC-IDS2018-v2
Device_190,Gateway,758.72,176,156.32,0.005159421411166308,2.511,18.27,0.0012807605210350811,0.0008414184179659734,6674,3.443,96,79,3932,3,0,25966,2,3764,200,Normal,0,NF-CSE-CIC-IDS2018-v2
Device_191,Actuator,597.16,456,36.89,0.007051912347242414,4.933,25.01,0.004628596149203282,0.000637048843899654,293,2.912,912,260,2028,0,0,52894,1,10509,425,Brute_Force,1,NF-ToN-IoT-v2
Device_192,Router,654.13,216,168.48,0.004820743758763052,2.082,75.46,0.004345839726324857,0.00017475386776227627,7994,0.944,787,1780,1567,0,0,29010,1,11926,226,Brute_Force,1,NF-CSE-CIC-IDS2018-v2
Device_193,Camera,889.13,291,11.55,0.00319112175212339,3.401,19.02,0.0013307732374958287,0.0003322834160395154,4374,6.979,293,1783,480,8,0,50595,5,81652,200,DDoS,1,NF-BoT-IoT-v2
Device_194,Actuator,578.81,74,50.48,0.002921677301669726,1.118,26.18,0.00494922653009239,0.0007931800033065924,3997,5.132,235,1021,4070,3,8,53926,5,17221,200,Botnet,1,NF-CSE-CIC-IDS2018-v2
Device_195,Camera,632.39,385,127.06,0.007332268095612944,0.795,45.33,0.0033789383611635797,0.00018037318209014678,8509,1.66,341,2031,3336,11,8,15071,2,83750,331,Normal,0,NF-BoT-IoT-v2
Device_196,Gateway,156.48,13,81.3,0.0028401228065111695,4.422,11.85,0.0015018901833599618,0.0006941401461935717,3682,6.366,719,1872,1408,3,8,41236,2,49001,220,Normal,0,NF-ToN-IoT-v2
Device_197,Gateway,473.92,166,197.0,0.007175301022161668,3.788,25.21,0.003437083530997283,0.0005679011708692573,5183,5.305,957,712,3857,0,8,14102,15,41065,220,Data_Exfiltration,1,NF-CSE-CIC-IDS2018-v2
Device_198,Sensor,716.4,258,15.76,0.0039012052505420476,1.929,19.23,0.003364616524976128,0.0001560001573371337,8229,5.693,538,1077,2801,8,8,16437,28,49917,425,DoS,1,NF-ToN-IoT-v2
Device_199,Router,270.94,266,199.73,0.007731894202756146,2.771,95.38,0.003070348761198212,0.0006919901347906271,5443,9.949,350,2008,2479,11,0,163,1,43875,530,Normal,0,NF-BoT-IoT-v2
Device_200,Camera,202.25,244,128.49,0.0015138182652484292,1.111,23.19,0.0035873109442845267,0.000150925480948618,7617,0.383,872,2017,2709,3,8,39566,15,22874,425,Normal,0,NF-CSE-CIC-IDS2018-v2
Device_201,Actuator,313.83,315,116.15,0.0021293014377230207,3.682,86.87,0.0014147468828386762,0.0004044512233185844,7889,9.158,207,1330,2671,3,0,13697,2,80618,220,DoS,1,NF-ToN-IoT-v2
Device_202,Gateway,241.5,375,21.31,0.00689052489662962,0.816,15.91,0.004897028879388719,0.00031547432527927514,4003,8.435,960,1168,868,0,8,59467,5,53981,200,DDoS,1,NF-CSE-CIC-IDS2018-v2
Device_203,Sensor,214.91,479,61.93,0.0056462880899628,3.907,87.62,0.004303689210648275,0.000693109853160088,1885,4.212,491,1924,2829,0,0,19173,15,77382,200,Normal,0,NF-ToN-IoT-v2
Device_204,Sensor,424.85,404,185.69,0.0021183955919538322,2.961,61.95,0.0037541326278836724,0.0007845387330405858,8062,8.821,381,929,3989,11,0,16197,5,53443,530,Botnet,1,NF-ToN-IoT-v2
Device_205,Camera,907.84,83,77.31,0.009037987416095534,1.755,85.72,0.00022889446865592065,0.00017663341613635434,9474,6.521,141,1770,2016,0,0,29677,28,22895,226,Port_Scan,1,NF-ToN-IoT-v2
Device_206,Gateway,507.06,196,135.71,0.0028318470593851983,4.382,87.4,0.0029928883289280575,0.0008138767751729524,623,8.905,859,1600,1989,8,0,37285,5,46764,425,Normal,0,NF-BoT-IoT-v2
Device_207,Router,187.92,71,199.9,0.004268606842116975,4.937,61.66,0.0035617715418976644,1.7141915434612246e-05,3396,5.988,599,1000,2970,11,0,29248,1,36615,530,DoS,1,NF-CSE-CIC-IDS2018-v2
Device_208,Gateway,76.97,346,59.98,0.002102650624538126,1.645,92.18,0.004285089152828627,0.0005347579618691077,7056,2.24,930,986,3461,0,0,9445,28,82363,331,Data_Exfiltration,1,NF-CSE-CIC-IDS2018-v2
Device_209,Camera,696.16,173,119.46,0.0039414734215809915,4.128,60.62,0.004736169896765818,0.0005216210009759271,4579,5.805,891,1144,886,11,8,9521,5,21558,425,Normal,0,NF-BoT-IoT-v2
Device_210,Camera,382.8,65,142.32,0.004967302826103595,3.876,72.69,0.004587680189714587,0.0006275832164443015,7811,1.873,610,677,2027,3,8,9177,15,41761,200,DDoS,1,NF-CSE-CIC-IDS2018-v2
Device_211,Gateway,821.83,120,41.28,0.0030229458396778992,3.862,44.53,0.0020896201691651723,0.00024730352503132824,5785,1.494,23,42,1905,11,0,11380,1,32303,150,Normal,0,NF-CSE-CIC-IDS2018-v2
Device_212,Camera,659.51,227,38.25,0.0077140273646451865,4.808,91.84,0.004492855821072369,1.9758261630899416e-05,6747,6.575,762,1082,373,3,0,38127,1,29333,425,Normal,0,NF-ToN-IoT-v2
Device_213,Gateway,796.24,249,96.7,0.003999936488597847,2.69,83.3,0.00010366916515286885,0.00046021528697998544,8660,9.48,364,487,766,11,8,48982,2,83475,150,Normal,0,NF-BoT-IoT-v2
Device_214,Actuator,271.95,30,83.3,0.007322148999591795,3.534,20.84,0.0018222285363881537,8.069214914567197e-05,7894,5.926,762,1996,1448,0,0,31225,2,85374,530,DDoS,1,NF-BoT-IoT-v2
Device_215,Gateway,692.36,150,145.7,0.0021500145363634094,4.207,59.76,0.0006580172392289289,0.0008932719479387996,5690,7.978,148,1086,2639,3,8,64256,15,28273,331,Port_Scan,1,NF-BoT-IoT-v2
Device_216,Gateway,264.06,274,23.21,0.0038326514182524694,2.658,90.2,0.004427031730245992,0.00018192966243228166,4483,1.767,566,634,2751,11,0,38420,2,31474,530,Port_Scan,1,NF-CSE-CIC-IDS2018-v2
Device_217,Camera,939.07,148,194.71,0.0001797770600657982,2.666,80.34,0.004647111336624568,0.000430980637823674,498,6.577,969,1502,3438,8,8,17464,5,29030,150,Data_Exfiltration,1,NF-CSE-CIC-IDS2018-v2
Device_218,Camera,636.37,468,12.71,0.007610512080745747,1.934,96.44,0.001354441248936096,0.0004396603863379799,2251,7.356,954,1483,760,0,0,25234,2,51806,150,Brute_Force,1,NF-ToN-IoT-v2
Device_219,Sensor,324.51,79,124.25,0.006296277778871794,4.014,26.97,0.0018998211958147703,0.0005573360013598227,5530,0.512,827,1736,3777,11,8,37916,1,24300,331,Normal,0,NF-ToN-IoT-v2
Device_220,Sensor,269.51,394,116.9,0.008196450916712516,3.588,39.91,0.004921000335143753,0.0007847070252826933,3980,1.062,916,1614,3812,11,8,14769,15,54389,425,Normal,0,NF-ToN-IoT-v2
Device_221,Actuator,190.93,127,35.6,0.004610546802216862,2.53,53.18,0.0028737109722740423,0.0004774266690036918,226,7.838,551,996,668,3,8,35033,5,84953,200,Port_Scan,1,NF-ToN-IoT-v2
Device_222,Sensor,694.64,207,38.67,0.008017432372757108,2.387,27.1,0.0025355736327660337,3.549573454826838e-05,2187,4.456,505,622,3414,3,0,21025,1,76760,200,Port_Scan,1,NF-CSE-CIC-IDS2018-v2
Device_223,Gateway,218.72,214,160.61,0.006511067188282687,0.827,42.43,0.0025521335825812283,0.0007733993070633386,1870,4.115,846,545,3860,0,8,59378,1,65471,226,Normal,0,NF-BoT-IoT-v2
Device_224,Camera,595.3,223,178.64,0.0001357680320889628,0.529,56.07,0.0035113220784366347,9.135158147468259e-05,7125,9.212,218,430,2764,3,8,33616,28,68873,200,Normal,0,NF-BoT-IoT-v2
Device_225,Sensor,264.64,65,63.77,0.0026115735213762684,2.88,23.18,0.004777260870382868,0.0006451377593362756,8538,9.92,859,2046,1714,11,0,8657,2,86095,530,Normal,0,NF-CSE-CIC-IDS2018-v2
Device_226,Sensor,661.97,296,93.21,0.004989524386841856,2.379,29.39,0.0018964499057866266,0.0008053952135653765,6025,7.667,482,1587,384,11,0,37429,5,41172,150,DDoS,1,NF-ToN-IoT-v2
Device_227,Actuator,814.94,479,77.45,0.006225004762148516,4.082,16.86,0.0009460239361303105,0.00028986327075623336,3418,7.947,989,418,3612,3,0,7711,15,15355,530,Brute_Force,1,NF-CSE-CIC-IDS2018-v2
Device_228,Actuator,778.03,302,23.78,0.0007493495601799078,2.942,72.77,0.0010065631715496532,0.00045461541686719095,2181,2.162,416,649,367,0,8,37367,15,18182,150,Normal,0,NF-CSE-CIC-IDS2018-v2
Device_229,Gateway,760.85,184,137.91,0.007080291289019539,4.715,39.35,0.00019975928661604279,2.4192483763958462e-05,2157,2.003,937,1862,582,8,0,63875,15,37079,226,Brute_Force,1,NF-CSE-CIC-IDS2018-v2
Device_230,Camera,187.72,356,166.79,0.005481007366707873,1.383,25.93,0.002821511430984541,0.0008058364475939866,5387,9.809,749,1385,990,11,8,38429,28,41078,331,DDoS,1,NF-CSE-CIC-IDS2018-v2
Device_231,Actuator,88.38,379,67.93,0.005305215137501029,4.956,53.2,0.004652674372465209,0.000706228479021611,6003,6.981,325,1657,4094,11,8,25950,5,60436,530,Normal,0,NF-CSE-CIC-IDS2018-v2
Device_232,Sensor,698.95,471,198.13,0.0029912510251693595,1.841,11.48,0.0035940767873568445,0.00023907352044396464,5435,6.898,836,169,1004,3,8,32657,1,16499,150,Brute_Force,1,NF-CSE-CIC-IDS2018-v2
Device_233,Camera,368.35,137,24.41,0.0059887486849567115,3.391,92.72,0.004965526180205107,0.0003963239358871314,3089,2.933,855,1735,3191,8,8,13636,28,3717,200,Botnet,1,NF-CSE-CIC-IDS2018-v2
Device_234,Camera,432.35,440,135.74,0.0003721796073545691,2.758,32.97,0.004556684296384733,0.0006983633367831002,7675,8.876,789,684,2303,11,8,38879,2,16011,200,Normal,0,NF-CSE-CIC-IDS2018-v2
Device_235,Sensor,31.15,387,95.16,0.0007405332719894862,2.118,89.21,0.002510102599613078,0.0003645814906326946,5821,0.54,737,1780,2133,8,0,29212,1,32917,530,Normal,0,NF-BoT-IoT-v2
Device_236,Actuator,259.58,334,94.85,0.007365313863407132,1.127,52.27,0.0024840919648968706,0.0001707906278021228,7178,2.818,489,513,2942,8,0,5515,15,73845,530,Data_Exfiltration,1,NF-CSE-CIC-IDS2018-v2
Device_237,Sensor,33.68,451,96.95,0.0032867242910862428,1.107,85.76,0.003178950426159984,0.0005233204735891291,439,1.883,408,331,143,11,0,59150,2,60501,530,Normal,0,NF-BoT-IoT-v2
Device_238,Camera,879.19,301,59.15,0.00353497404868239,3.702,28.47,0.0006435844272713242,0.0007263318945835754,2828,7.14,144,63,1371,8,0,59470,5,50093,200,Botnet,1,NF-BoT-IoT-v2
Device_239,Router,243.4,297,145.96,0.002163013512238873,2.199,21.65,0.0030776527782112213,0.00032760141193291644,1691,7.182,800,488,2539,8,0,31202,5,68931,150,Normal,0,NF-CSE-CIC-IDS2018-v2
Device_240,Router,557.34,235,147.1,0.004511644851789329,4.826,85.69,0.0023739626970779087,0.00013055454892801324,7943,5.394,211,573,166,3,0,31028,28,31457,220,Normal,0,NF-ToN-IoT-v2
Device_241,Gateway,38.98,73,63.66,0.0006147349709718731,1.965,25.23,0.0032494280906957954,0.0008312487201938571,5883,0.152,666,1440,792,3,0,8610,5,84532,150,Normal,0,NF-BoT-IoT-v2
Device_242,Sensor,666.85,464,168.71,0.0030735959133540254,4.926,75.89,0.002869528844597443,0.0002602738477826519,3261,8.75,259,1876,205,8,8,14570,15,60016,150,Normal,0,NF-ToN-IoT-v2
Device_243,Sensor,323.03,435,70.2,0.005318526825599206,1.424,37.74,0.0016209397153941411,0.0005176868045655404,9600,9.56,227,1387,3121,0,8,17843,28,83692,220,Normal,0,NF-CSE-CIC-IDS2018-v2
Device_244,Gateway,897.92,57,147.77,0.004709756023435457,0.963,76.08,0.003078033716790193,0.0006944297179943506,8275,2.103,999,75,3732,8,8,20916,28,66300,220,DoS,1,NF-CSE-CIC-IDS2018-v2
Device_245,Gateway,888.12,211,32.99,0.009996729466918035,1.907,91.23,0.0018934703290614308,0.0003239044483902786,4729,8.438,594,578,2514,11,8,6029,15,23528,200,Normal,0,NF-CSE-CIC-IDS2018-v2
Device_246,Gateway,325.29,346,42.05,0.00394877005595741,4.485,98.26,0.0010536435891743076,0.0006521501719986941,7001,9.736,889,1015,1019,0,8,65382,5,65618,530,Brute_Force,1,NF-BoT-IoT-v2
Device_247,Camera,900.96,423,70.0,0.003931290686617658,2.848,39.18,0.0034078471540143545,0.00046511241137711304,2397,3.337,372,455,3724,3,0,22673,2,59109,200,Brute_Force,1,NF-BoT-IoT-v2
Device_248,Sensor,996.16,414,122.84,0.005085459596403157,1.11,39.91,0.001601100755791043,0.0005747322885726076,5550,1.932,391,76,833,0,0,18597,28,14048,200,Port_Scan,1,NF-CSE-CIC-IDS2018-v2
Device_249,Camera,825.42,69,132.65,0.0019840007916851754,1.411,98.23,0.004456221421343577,0.0005946703425807733,7390,9.778,992,2011,882,3,0,49749,2,36794,150,DDoS,1,NF-CSE-CIC-IDS2018-v2
Device_250,Gateway,844.87,406,85.31,0.008775413787295664,1.901,86.85,0.0010767290525996469,0.0008259091800279174,5044,0.691,88,411,803,0,8,42149,2,37766,425,Normal,0,NF-CSE-CIC-IDS2018-v2
Device_251,Sensor,249.01,266,24.79,0.005765451109758041,3.156,9.28,0.003040705788319318,0.0006597630107009831,9801,2.832,400,528,1677,8,0,32310,2,32306,331,Brute_Force,1,NF-CSE-CIC-IDS2018-v2
Device_252,Camera,576.7,74,80.99,0.002001865628074282,1.996,59.48,0.0029005889967613405,0.0002716636252625664,5418,7.446,309,915,225,3,8,46474,2,11091,425,Brute_Force,1,NF-ToN-IoT-v2
Device_253,Camera,67.26,248,140.87,0.00795507175458411,3.862,22.22,0.0010689348239256427,6.90082977270618e-05,3907,6.212,984,1947,657,11,8,44866,15,13585,530,Normal,0,NF-CSE-CIC-IDS2018-v2
Device_254,Gateway,94.92,298,137.49,0.00043988849431424724,3.273,99.43,0.002255445510436245,1.1965688634381413e-05,112,6.877,4,990,2327,0,0,62716,1,62346,226,Normal,0,NF-BoT-IoT-v2
Device_255,Sensor,998.89,47,40.44,0.00982738558579573,4.432,18.2,0.0034101399805596916,0.0009053732109193256,4134,7.11,173,169,3613,8,8,15924,5,8934,331,Normal,0,NF-ToN-IoT-v2
Device_256,Gateway,326.64,34,11.48,0.008664978414236576,2.754,58.14,0.0016607833020008734,0.0009426889512841842,5630,6.893,544,1614,626,0,8,45005,1,6157,220,Normal,0,NF-CSE-CIC-IDS2018-v2
Device_257,Sensor,748.18,419,153.07,0.005838430609786797,1.99,68.19,0.0006577702212965785,0.00010317037278802124,9872,3.488,746,439,978,0,0,65451,1,29365,150,Normal,0,NF-CSE-CIC-IDS2018-v2
Device_258,Router,806.67,470,30.21,0.0012018270612949584,4.983,94.02,0.003114679503293615,0.0004921830820994256,3533,3.184,226,216,1763,11,0,5528,28,7310,425,Brute_Force,1,NF-ToN-IoT-v2
Device_259,Actuator,858.02,68,25.65,0.002231200455567747,2.1,85.49,0.0011981973210765289,0.0001600792514259291,4733,4.342,339,520,2362,0,0,25021,1,62371,150,Normal,0,NF-ToN-IoT-v2
Device_260,Actuator,997.63,485,10.51,0.002866408186104275,2.429,28.35,0.0034392274003809792,0.0009492615958370438,2151,8.096,206,49,788,11,0,53901,1,58040,226,DoS,1,NF-BoT-IoT-v2
Device_261,Actuator,241.5,426,92.19,0.002486214205245749,4.141,59.4,0.0042133887732624204,0.00025436419165429853,3976,9.389,102,1752,3858,3,8,46,15,60876,530,DDoS,1,NF-CSE-CIC-IDS2018-v2
Device_262,Gateway,40.35,366,105.62,0.005025448103489113,0.899,95.59,0.0007044413201039984,0.000506630624641029,6008,4.607,58,1127,1973,11,0,29790,2,10239,331,Port_Scan,1,NF-ToN-IoT-v2
Device_263,Router,411.19,392,131.16,0.009451147665644763,2.239,74.89,0.002244284600884374,0.00017396398981558758,6230,0.949,781,666,1497,11,0,12120,1,20683,220,Normal,0,NF-ToN-IoT-v2
Device_264,Sensor,130.08,306,66.25,0.004497308589201325,0.886,70.39,0.0022801191198091333,0.0003394334736580317,6527,9.389,150,1997,2786,3,0,64438,1,63864,226,Normal,0,NF-CSE-CIC-IDS2018-v2
Device_265,Camera,22.43,167,144.98,0.006649489224916715,1.127,76.72,0.003199426001406041,0.0002741382973179091,1923,0.896,252,202,1406,11,0,26088,28,61120,150,Normal,0,NF-CSE-CIC-IDS2018-v2
Device_266,Sensor,360.43,66,42.17,0.00691697373919035,0.521,35.64,0.0017385988511080832,0.0004806717825424638,3530,1.675,479,1132,1959,8,8,24274,5,6358,226,Brute_Force,1,NF-CSE-CIC-IDS2018-v2
Device_267,Camera,783.74,442,168.08,0.00872864918001938,0.543,74.28,0.0021509888623850227,0.000425584142401927,2840,8.69,556,431,451,0,8,31371,28,70057,200,Normal,0,NF-ToN-IoT-v2
Device_268,Sensor,566.18,57,118.65,0.00043483074695804065,2.211,27.12,0.00015875709573845068,0.0003374898166543716,1888,5.56,428,941,2196,11,8,1286,5,64826,331,Normal,0,NF-CSE-CIC-IDS2018-v2
Device_269,Router,312.78,337,120.94,0.0041028675875406685,4.141,45.67,0.0006998869647979706,0.00011481884147192796,2052,3.592,542,1576,2626,0,0,32176,5,10582,220,Normal,0,NF-CSE-CIC-IDS2018-v2
Device_270,Camera,654.34,442,49.86,0.007868877629452384,3.142,89.54,0.00289232428781952,0.0004896421517868786,9243,9.316,919,1256,68,11,0,51853,5,50403,200,Normal,0,NF-CSE-CIC-IDS2018-v2
Device_271,Gateway,232.02,440,24.08,0.008167183448157918,3.357,6.8,0.0011578894214456376,0.0008517059379106369,3520,9.609,524,1810,2346,3,8,42908,15,8130,331,Normal,0,NF-CSE-CIC-IDS2018-v2
Device_272,Sensor,14.38,65,98.3,0.00928059289022271,2.837,44.36,0.0008084267600022378,0.0007329211032197104,3127,3.375,491,1636,3548,3,8,33710,15,80996,200,Port_Scan,1,NF-CSE-CIC-IDS2018-v2
Device_273,Sensor,764.35,74,126.97,0.0070576641621982236,4.189,30.35,0.0016896225630243997,0.0007233691353210427,3201,8.697,526,270,438,0,0,43661,2,56875,226,Normal,0,NF-BoT-IoT-v2
Device_274,Camera,623.74,277,28.06,0.0025270240664369606,4.462,23.87,0.0009013249051723051,0.00037243081937785564,5973,6.817,292,1372,2386,0,8,62422,5,72092,220,Port_Scan,1,NF-BoT-IoT-v2
Device_275,Gateway,762.3,78,190.6,0.005106090856535344,4.324,84.66,0.0003921499387427044,0.0007113348898752309,3688,2.817,45,1578,1458,0,0,46770,15,62688,425,DoS,1,NF-ToN-IoT-v2
Device_276,Gateway,38.94,225,196.28,0.00042021835039708595,4.155,71.17,0.0014909054208064592,0.00047087616658591944,3945,9.42,200,1970,976,3,0,18674,15,36301,226,Normal,0,NF-CSE-CIC-IDS2018-v2
Device_277,Router,837.12,399,113.64,0.0065045905768726445,1.322,15.7,0.0009053563626912005,0.00015877332992978758,5837,0.724,24,351,3937,0,8,28301,1,26636,226,Normal,0,NF-CSE-CIC-IDS2018-v2
Device_278,Gateway,619.53,98,190.51,0.0055875225939366925,3.172,51.97,0.004017039137440699,0.00042485925247827053,9439,3.248,763,1605,1619,11,8,45910,5,63628,530,Normal,0,NF-BoT-IoT-v2
Device_279,Gateway,563.4,458,44.09,0.006701679179536802,3.12,49.36,0.00040701913796024934,0.00014141124472128147,1517,4.023,631,553,987,11,0,50055,28,27332,331,Normal,0,NF-CSE-CIC-IDS2018-v2
Device_280,Gateway,624.61,290,14.83,0.009308391478537195,2.876,18.54,0.003762471860156791,0.00012333799071747055,4009,6.937,387,559,904,0,0,38220,1,23170,220,Port_Scan,1,NF-ToN-IoT-v2
Device_281,Actuator,864.43,266,17.49,0.006904038456032273,2.664,80.98,0.0019757021026676888,3.282871537303462e-05,4845,0.48,590,508,1794,3,8,19043,15,35277,220,Brute_Force,1,NF-CSE-CIC-IDS2018-v2
Device_282,Router,586.94,169,121.63,0.003272454310710136,0.901,39.83,0.0034090744158120356,0.0002900257579597224,2872,8.909,435,1380,1481,11,8,17515,15,38585,226,Normal,0,NF-CSE-CIC-IDS2018-v2
Device_283,Sensor,580.95,499,21.71,0.002067492972314552,0.96,77.38,0.000358178238033607,0.0003375660363995254,5275,6.625,242,1521,2772,3,8,2368,15,11059,530,DoS,1,NF-BoT-IoT-v2
Device_284,Camera,990.68,243,192.12,0.008560898447504683,4.56,23.25,0.004611449574468897,0.0007024492758091077,6375,2.823,203,1810,691,3,0,56100,15,75796,220,Normal,0,NF-BoT-IoT-v2
Device_285,Sensor,756.73,140,36.97,0.0020238882184102297,3.336,34.93,0.003860140916532886,0.0005426247370359359,2349,6.618,237,790,2115,3,8,29145,28,15844,150,Normal,0,NF-CSE-CIC-IDS2018-v2
Device_286,Router,442.29,58,67.9,0.0016999348478941028,1.68,14.04,0.0007867010521837081,0.000859865214932779,3958,5.416,951,73,2645,0,8,60099,2,75529,530,Data_Exfiltration,1,NF-CSE-CIC-IDS2018-v2
Device_287,Camera,707.4,156,166.28,0.0021454595987416606,1.757,18.63,0.001172043418034066,0.00018470592043859992,1725,3.429,294,265,3974,3,8,63759,2,32413,220,Botnet,1,NF-ToN-IoT-v2
Device_288,Router,389.23,325,51.56,0.005137524396492018,3.246,88.9,0.0032555815399334803,0.00027329707940121594,2849,0.383,348,587,1789,3,0,19928,5,29053,226,Normal,0,NF-ToN-IoT-v2
Device_289,Gateway,228.88,422,56.16,0.001329455687278623,2.331,15.37,0.004615656761042317,0.0009416653500319815,2705,5.556,87,468,1611,0,0,8658,15,14488,150,Brute_Force,1,NF-ToN-IoT-v2
Device_290,Camera,596.85,443,132.04,0.009387371472907352,2.486,14.09,0.002284578715930544,0.00044960479530201623,1947,0.914,210,1986,4042,8,0,15763,5,7021,530,Normal,0,NF-CSE-CIC-IDS2018-v2
Device_291,Gateway,928.18,11,62.46,0.009665911701676888,0.773,94.34,0.0024796006956068475,0.0007911604336181692,7307,8.121,788,707,2517,11,0,4057,28,44353,150,Brute_Force,1,NF-CSE-CIC-IDS2018-v2
Device_292,Sensor,929.14,338,51.32,0.009740638347501688,1.124,66.36,0.0012652212808062454,0.0004972459721629942,8870,0.976,609,1717,1500,0,0,54002,5,9183,331,Botnet,1,NF-CSE-CIC-IDS2018-v2
Device_293,Sensor,341.91,449,58.29,0.0004873355677152261,2.27,14.59,0.001976753290543548,0.0004763748004554901,1236,4.345,2,1335,3324,11,8,14559,2,20846,226,Normal,0,NF-CSE-CIC-IDS2018-v2
Device_294,Camera,527.68,154,103.22,0.009467355512152314,3.649,97.31,0.0015014867438684978,0.00015663512514934596,3233,4.402,999,1259,2428,0,0,20418,2,20302,220,Normal,0,NF-ToN-IoT-v2
Device_295,Camera,211.64,453,193.56,0.00997440783291251,0.716,18.97,0.0018177986332252843,0.0008526876148391004,1257,5.606,229,774,2650,0,8,50287,2,22836,425,Botnet,1,NF-CSE-CIC-IDS2018-v2
Device_296,Router,995.63,375,168.13,0.009430048182520322,2.006,77.8,0.00020092836130120132,8.757172774215829e-05,7552,0.491,410,939,3566,0,0,9670,5,29570,150,Normal,0,NF-BoT-IoT-v2
Device_297,Router,981.12,429,64.08,0.006742295167050791,3.628,8.31,0.00030119764889396494,0.00031715848370651115,9941,2.118,243,834,2451,11,0,37151,15,56580,226,Normal,0,NF-BoT-IoT-v2
Device_298,Gateway,649.51,70,79.04,0.007042178508844159,4.064,64.33,0.003435364016153624,0.0006767333910029776,7375,2.075,770,1361,3789,0,0,5572,1,46777,331,Normal,0,NF-CSE-CIC-IDS2018-v2
Device_299,Camera,804.41,282,98.26,0.001310304104747132,1.356,56.94,0.0034407964257208803,0.0005121849752999496,5513,6.03,963,882,582,0,8,57684,2,37002,200,Port_Scan,1,NF-BoT-IoT-v2
Device_300,Sensor,715.1,58,196.0,0.00875554106304213,3.792,24.76,0.0017181299416455912,0.0008825645437018208,4472,2.71,468,1028,1998,0,0,14493,5,34694,200,Normal,0,NF-CSE-CIC-IDS2018-v2
Device_301,Router,593.16,341,42.75,0.000690431887824838,4.799,66.1,0.0044387657440938,4.890497326003676e-05,5711,1.528,458,877,1517,11,8,33427,1,66715,220,Normal,0,NF-BoT-IoT-v2
Device_302,Router,53.35,453,77.92,0.0032455324115146338,4.581,63.62,0.0014039493693796246,0.000652913444304733,1686,0.282,554,2038,987,8,8,185,2,31329,200,Brute_Force,1,NF-CSE-CIC-IDS2018-v2
Device_303,Sensor,454.76,413,148.59,0.009912401286967052,4.052,80.84,0.002039345431672079,0.00048269081592085364,2423,8.421,213,541,1514,0,0,51228,2,69394,150,Botnet,1,NF-CSE-CIC-IDS2018-v2
Device_304,Router,674.79,443,193.15,0.004281046003119654,3.705,88.21,0.0036837405589874644,0.00016276870523297443,333,9.718,808,1351,1609,0,8,50583,28,39268,425,Normal,0,NF-CSE-CIC-IDS2018-v2
Device_305,Gateway,677.53,140,39.58,0.0013984466172560616,1.558,53.46,0.003743483777174431,0.0007458193880414676,9557,7.062,905,53,754,0,8,45952,2,21800,150,Normal,0,NF-CSE-CIC-IDS2018-v2
Device_306,Camera,373.12,52,53.2,0.009696017154285893,3.353,51.58,0.0043197122372554,0.00041719378685196374,8016,4.186,386,1742,3650,0,0,17130,1,24069,226,Brute_Force,1,NF-BoT-IoT-v2
Device_307,Sensor,941.69,66,52.88,0.009842982505713187,3.395,64.05,0.00024238930533921585,0.0005362660851943166,131,1.308,412,1039,1035,0,8,65496,1,6821,220,Normal,0,NF-ToN-IoT-v2
Device_308,Camera,167.36,59,13.98,0.0019517225838632725,2.331,74.27,0.0010004175375916764,0.0009675934056994773,9663,4.804,515,273,1036,8,0,62490,15,68913,425,Port_Scan,1,NF-BoT-IoT-v2
Device_309,Router,500.36,461,124.78,0.00866155770652769,2.719,38.84,0.003238801676283298,0.0004913677802149368,9051,4.627,528,874,2726,3,0,62424,1,45147,226,DDoS,1,NF-BoT-IoT-v2
Device_310,Router,690.88,474,137.43,0.003965190929319529,3.623,52.94,0.0017571788692583783,0.0008251391369030564,3303,4.257,388,609,3435,3,8,3834,5,3176,425,DoS,1,NF-CSE-CIC-IDS2018-v2
Device_311,Sensor,697.14,187,124.48,0.0038755477984184733,4.784,60.58,0.00031345218756125394,0.0007718817481078318,5994,3.845,279,1449,3189,0,8,8724,5,44687,226,Botnet,1,NF-ToN-IoT-v2
Device_312,Gateway,648.64,302,23.55,0.0027007065557793264,1.829,98.9,0.0029736867021427733,0.000666127045598661,1894,5.018,990,1482,3297,11,8,23440,2,86166,530,Normal,0,NF-ToN-IoT-v2
Device_313,Actuator,275.29,55,23.15,0.0005426317180934755,1.609,60.83,0.0020260586724775765,0.0008978440219168303,861,0.824,102,484,3584,8,8,40027,15,28403,220,Normal,0,NF-CSE-CIC-IDS2018-v2
Device_314,Sensor,156.21,179,49.97,0.002753288938483713,3.208,26.3,0.0018840648068656834,0.00025908563046780913,4180,0.479,589,538,3877,8,0,19359,2,59905,425,Data_Exfiltration,1,NF-CSE-CIC-IDS2018-v2
Device_315,Actuator,635.94,280,65.16,0.0006323913627972151,1.089,60.86,0.0013953849949605466,0.0008225635191529866,381,0.733,390,1661,2968,8,0,22699,15,55011,425,Normal,0,NF-CSE-CIC-IDS2018-v2
Device_316,Actuator,599.3,426,159.44,0.009251283258963638,3.121,82.85,0.00012938967627311692,0.00038400961351336917,4171,2.08,202,244,2322,3,8,20593,28,24604,226,Normal,0,NF-CSE-CIC-IDS2018-v2
Device_317,Gateway,179.36,345,40.28,0.006651034656688012,0.9,86.45,0.0009935640831560716,0.0008143659811804091,4725,2.853,567,1296,3928,11,0,25697,15,71847,425,Normal,0,NF-CSE-CIC-IDS2018-v2
Device_318,Actuator,705.14,148,18.38,0.008877564235162276,2.708,81.02,0.0024237529593111647,0.000498850797700056,6078,1.778,721,1024,510,3,8,56574,28,38085,200,Port_Scan,1,NF-ToN-IoT-v2
Device_319,Actuator,455.17,256,84.86,0.00720117774655865,3.292,89.38,0.0014511086201302534,0.0008591321604138035,9107,2.594,392,440,133,8,0,52245,28,67715,331,Port_Scan,1,NF-CSE-CIC-IDS2018-v2
Device_320,Gateway,667.76,157,89.11,0.0013997400237181288,0.815,36.8,0.00438450452839093,0.0008958951023160564,4659,1.94,841,653,1388,3,8,64041,2,19470,226,Normal,0,NF-ToN-IoT-v2
Device_321,Actuator,837.37,239,95.67,0.009411757213679449,1.431,53.22,0.0008006983445661953,0.0006016674369272744,1570,1.592,354,590,3203,3,8,58488,5,14384,425,Normal,0,NF-CSE-CIC-IDS2018-v2
Device_322,Actuator,169.73,289,167.11,0.009008941230964395,2.009,79.06,0.004389167406477388,0.0005125506872629325,3387,3.001,593,1958,1881,0,8,57554,15,59787,150,Normal,0,NF-CSE-CIC-IDS2018-v2
Device_323,Actuator,19.14,134,28.62,0.0035459531712202534,2.159,30.12,0.0020836464616289653,0.0007854473418990108,4359,4.035,756,903,2393,0,8,52925,2,79299,530,Botnet,1,NF-CSE-CIC-IDS2018-v2
Device_324,Sensor,779.1,201,143.75,0.0012041800694815976,3.542,40.3,0.0014516175340366993,0.0002743163411473816,5806,7.468,235,699,1241,0,0,2863,28,15748,150,Normal,0,NF-BoT-IoT-v2
Device_325,Sensor,609.7,383,74.21,0.007071132032809851,2.881,83.96,0.0015910301067227138,2.519519443642528e-05,610,9.56,114,623,2573,8,0,24199,28,76446,530,Botnet,1,NF-BoT-IoT-v2
Device_326,Sensor,699.64,89,68.9,0.007310776897093554,2.219,78.16,0.0017173468848620612,0.00041302363692722184,8061,9.198,982,1100,4093,0,8,18817,1,45966,200,DoS,1,NF-ToN-IoT-v2
Device_327,Gateway,838.15,103,187.18,0.008978607543923,2.528,97.26,0.002582163524943652,0.0005126963915678091,8846,4.812,960,1924,3359,8,8,29572,1,2226,226,Normal,0,NF-CSE-CIC-IDS2018-v2
Device_328,Router,802.81,235,57.21,0.0006212920185656913,0.558,99.62,0.0018340233251926423,0.00030429009224436897,6884,4.667,67,738,431,0,0,56603,15,57870,530,Normal,0,NF-ToN-IoT-v2
Device_329,Actuator,960.92,74,132.08,0.0015028679964709814,3.967,27.87,0.003271311100487119,0.00038952826292038977,9598,1.344,809,1292,1947,8,8,51075,5,77220,226,Normal,0,NF-CSE-CIC-IDS2018-v2
Device_330,Actuator,535.94,97,62.27,0.0060226630495039055,0.685,90.54,0.002183377134706362,0.00014172765058693368,5593,9.72,40,754,1276,3,0,11316,1,17163,220,Normal,0,NF-CSE-CIC-IDS2018-v2
Device_331,Gateway,488.5,97,106.36,0.006229402353613818,4.232,13.98,0.0033910541774452635,0.0002845170043341161,358,7.625,733,811,2497,11,8,26467,28,53284,226,Normal,0,NF-ToN-IoT-v2
Device_332,Actuator,401.89,210,159.4,0.0004327356569185622,2.934,72.43,0.0030616894499228497,0.0002476943944354278,6688,8.491,103,1650,2152,8,8,33408,2,55283,226,Normal,0,NF-BoT-IoT-v2
Device_333,Sensor,153.69,223,177.53,0.004029627305510419,2.875,25.91,0.0012978244649033807,0.0003079769852885025,9516,2.418,411,1168,748,3,0,26190,5,33844,150,Normal,0,NF-ToN-IoT-v2
Device_334,Router,572.61,213,169.35,0.005883201139632887,3.671,33.53,0.004082589110465433,0.00030606356943524595,1765,4.071,295,1834,1044,0,0,1484,15,76787,220,DDoS,1,NF-ToN-IoT-v2
Device_335,Camera,277.01,410,120.61,0.007405322198202166,4.368,94.9,0.004015009192087325,0.0005633786873371373,9695,1.116,565,538,1837,3,0,22238,2,22647,226,Normal,0,NF-BoT-IoT-v2
Device_336,Actuator,921.31,391,57.28,0.0032298918486054528,4.742,30.0,0.004946004288380239,0.000258090970794112,1965,9.414,808,1698,2893,3,0,3792,15,3631,425,Port_Scan,1,NF-CSE-CIC-IDS2018-v2
Device_337,Sensor,583.19,98,135.63,0.0048906445809162305,2.945,68.95,0.0009577456587239364,0.0009415516507064897,865,2.93,564,1884,2788,11,8,18309,2,55186,200,Normal,0,NF-BoT-IoT-v2
Device_338,Camera,592.84,485,144.88,0.00815914323588889,1.178,21.92,0.004254407274441058,0.0005161620820597015,8356,6.0,37,481,3777,0,8,42839,2,62559,530,Normal,0,NF-CSE-CIC-IDS2018-v2
Device_339,Router,354.92,70,12.03,0.00954356113258763,4.454,13.87,0.004372706520458815,0.00013767634634566974,3549,1.607,67,1623,2628,8,0,60342,5,10322,226,Port_Scan,1,NF-BoT-IoT-v2
Device_340,Camera,51.99,280,93.45,0.0023801152863594708,0.683,37.24,0.0032466044163516135,0.0002868102078190411,2805,8.048,403,1945,4005,8,0,1331,15,78256,220,DDoS,1,NF-CSE-CIC-IDS2018-v2
Device_341,Sensor,31.74,103,170.22,0.002605117837616973,4.133,64.3,0.0025812854111351828,0.0007324599211742975,5865,1.945,674,781,3265,8,8,38220,1,4829,200,Normal,0,NF-CSE-CIC-IDS2018-v2
Device_342,Camera,423.34,316,103.02,0.009404200055595367,3.562,28.55,0.004790571825228264,2.352244799692019e-05,5074,8.113,206,569,1984,0,8,59604,2,86187,200,Data_Exfiltration,1,NF-BoT-IoT-v2
Device_343,Gateway,84.57,36,69.16,0.004019520392550568,4.571,33.52,0.004866190446594014,0.0009384398063349815,295,4.077,341,1909,751,8,8,15895,2,17462,200,Port_Scan,1,NF-BoT-IoT-v2
Device_344,Camera,606.85,223,175.64,0.0072116484127553535,4.539,72.33,0.003244317536076785,0.0004507251525085481,1483,5.82,834,1812,3157,11,0,55485,1,49943,150,DoS,1,NF-BoT-IoT-v2
Device_345,Actuator,880.97,83,39.62,0.006161425764425775,0.739,14.77,0.001861843303828396,0.0005258682327214868,2535,2.77,906,1264,2152,3,0,56309,5,52804,150,Normal,0,NF-ToN-IoT-v2
Device_346,Actuator,882.91,70,49.22,0.0029273180299611576,3.243,47.46,0.004104109398983125,0.0009885281134811327,1550,8.839,52,1345,216,0,8,61623,5,34199,200,Normal,0,NF-BoT-IoT-v2
Device_347,Gateway,659.05,195,140.6,0.006570265997384448,1.061,94.46,0.0005373517893531224,0.0005083690551393384,8514,7.623,426,529,621,8,0,31957,5,72945,425,Normal,0,NF-CSE-CIC-IDS2018-v2
Device_348,Sensor,211.23,40,76.96,0.006590102419474037,0.853,42.71,0.0015239186557459536,0.0009482665545173528,8024,3.607,956,1238,3485,3,8,51292,28,15241,150,Normal,0,NF-CSE-CIC-IDS2018-v2
Device_349,Actuator,863.0,228,145.47,0.005965187535549856,2.517,46.25,0.004929216044386966,0.0009160788046352227,7158,5.895,209,1774,3144,3,8,7575,28,75954,200,Normal,0,NF-CSE-CIC-IDS2018-v2
Device_350,Router,886.09,21,39.96,0.0010866421660101777,0.939,75.13,0.004090233597314151,0.0009419023733795506,7416,1.377,514,747,4092,11,0,1643,5,78680,200,Port_Scan,1,NF-BoT-IoT-v2
Device_351,Actuator,196.65,311,57.93,0.009952201041502974,3.776,79.01,0.004703954110688706,0.0008142493269174402,5728,1.689,987,431,1700,8,8,39627,5,48533,331,Normal,0,NF-CSE-CIC-IDS2018-v2
Device_352,Actuator,737.43,424,39.76,0.004064122965591192,4.86,78.11,0.003014493399790209,0.00030343410371215393,541,5.383,641,1263,1134,0,0,62739,1,3178,150,Botnet,1,NF-CSE-CIC-IDS2018-v2
Device_353,Sensor,286.52,41,191.05,0.006418684755430191,3.063,99.8,0.002097595044925768,0.0003529186589481217,9729,6.442,178,1478,2441,3,8,21481,28,70187,331,Normal,0,NF-CSE-CIC-IDS2018-v2
Device_354,Camera,802.64,169,87.03,0.008869040771714931,1.558,11.79,0.004900481506616086,0.0003713342274988345,2467,5.619,676,1445,3854,11,8,29729,15,68572,425,Normal,0,NF-CSE-CIC-IDS2018-v2
Device_355,Actuator,997.24,498,74.07,0.00429055603535638,4.294,98.31,0.0016161853707000581,0.0009793890312160731,4965,5.638,865,1421,2864,3,0,22286,5,74323,425,Normal,0,NF-ToN-IoT-v2
Device_356,Gateway,30.03,246,12.7,0.0077618580623749316,4.339,95.27,0.003811329966653724,0.00036714794893242717,9174,7.449,22,615,66,11,8,64306,5,42989,200,Brute_Force,1,NF-BoT-IoT-v2
Device_357,Camera,897.37,236,39.15,0.00972106180432612,3.798,85.95,0.0028352140937110202,0.00011760241612619668,7259,9.034,369,1491,839,11,8,57342,5,39626,200,DoS,1,NF-BoT-IoT-v2
Device_358,Router,622.63,190,90.02,0.003653454126505178,3.268,48.14,0.0012196850130208805,0.0007805456056888001,550,3.937,739,952,3544,3,8,26868,2,24079,331,Normal,0,NF-CSE-CIC-IDS2018-v2
Device_359,Sensor,973.38,326,23.02,0.004112168745304094,4.405,87.74,0.00018566810830185902,0.00037240265866623205,7139,5.416,994,1367,1123,3,8,36478,28,33743,220,Normal,0,NF-ToN-IoT-v2
Device_360,Router,465.01,55,107.04,0.00906520298406603,1.235,25.98,0.001980444043470009,0.000624726552608585,5298,8.941,82,370,2922,8,8,42755,15,51224,200,Botnet,1,NF-CSE-CIC-IDS2018-v2
Device_361,Camera,847.39,350,96.45,0.0016804643913703118,4.692,80.21,0.002783658425098812,0.0009251168081413274,9034,4.696,164,1202,306,0,8,46388,2,40646,425,DoS,1,NF-ToN-IoT-v2
Device_362,Camera,62.39,467,155.76,0.000383088899758479,4.762,22.6,0.0009976329646719864,0.0005797505210102639,7386,4.507,377,1771,3885,11,8,26253,2,29342,425,Normal,0,NF-CSE-CIC-IDS2018-v2
Device_363,Camera,335.28,89,135.36,0.009098001148006208,4.424,82.46,0.0021313189407200107,0.0006413231765743091,9836,7.688,3,488,3569,11,0,51904,15,74265,150,Normal,0,NF-CSE-CIC-IDS2018-v2
Device_364,Router,67.02,144,94.73,0.008233756583764046,1.628,63.38,0.0031144306602289033,0.0006464339388204846,3450,8.785,684,1916,1918,3,8,48544,15,86175,226,Normal,0,NF-BoT-IoT-v2
Device_365,Camera,975.34,269,52.69,0.009728572022258188,4.362,14.31,0.0036031233194635096,0.0006162751939009301,2929,7.403,118,1466,1505,3,0,58747,15,21605,530,DDoS,1,NF-ToN-IoT-v2
Device_366,Router,816.97,484,148.1,0.0006765540488357148,2.739,90.06,0.00035843839654203314,0.00016817168370614457,2713,1.091,656,676,2330,3,8,6193,15,37546,425,Normal,0,NF-CSE-CIC-IDS2018-v2
Device_367,Camera,852.55,317,144.49,0.001646155571365774,3.177,59.91,0.0033544860268315676,0.00046185126060126793,2015,4.701,764,313,2312,0,0,41198,15,44035,226,Brute_Force,1,NF-ToN-IoT-v2
Device_368,Gateway,937.97,256,39.13,0.0011425943349891079,4.283,67.34,0.0003776698135008273,1.758737977728787e-05,7312,2.198,395,445,457,3,8,40170,5,61872,226,DDoS,1,NF-ToN-IoT-v2
Device_369,Camera,85.1,482,183.8,0.006865819709707722,0.633,31.93,0.00023810892726078454,0.0006300021560345798,9540,3.242,266,1645,3674,11,0,318,15,24092,331,Normal,0,NF-BoT-IoT-v2
Device_370,Router,385.6,168,22.24,0.006099499730096719,2.133,87.81,0.0008468189269614781,0.0005796047120759766,627,4.741,435,1152,664,11,8,8753,15,38043,200,Normal,0,NF-CSE-CIC-IDS2018-v2
Device_371,Actuator,71.03,212,20.46,0.003657418473933871,4.171,56.79,0.0033028558803366703,0.0003249558470484129,4919,2.293,682,194,2380,11,0,37980,28,42518,425,Normal,0,NF-CSE-CIC-IDS2018-v2
Device_372,Camera,210.79,121,45.6,0.0006684924460822258,4.163,45.01,0.00035882507013383766,0.0005286565481385017,7979,5.208,725,874,3954,0,8,60151,5,70175,425,Normal,0,NF-BoT-IoT-v2
Device_373,Actuator,229.37,477,182.8,0.006432653642060756,4.319,55.76,0.0002023914398073133,0.0004981272040889959,8532,6.468,793,1492,899,0,8,10569,2,23036,220,DDoS,1,NF-CSE-CIC-IDS2018-v2
Device_374,Gateway,469.11,301,108.8,0.0057441928026390615,1.261,71.81,0.000678001605603014,0.0002584060637828287,8656,8.761,227,1251,2235,0,8,15779,5,1063,150,Normal,0,NF-ToN-IoT-v2
Device_375,Sensor,268.56,447,159.71,0.001217741789500096,3.676,71.03,0.0047536328544817985,0.000300354672611667,1308,2.193,376,1683,463,0,8,32205,1,62946,226,Normal,0,NF-ToN-IoT-v2
Device_376,Gateway,100.98,319,53.29,0.00909820607428977,1.159,38.97,0.004545660974643361,0.0007649155866624632,4220,3.175,262,192,3019,8,8,19797,15,40339,530,Normal,0,NF-CSE-CIC-IDS2018-v2
Device_377,Camera,167.49,128,103.14,0.0020696021257527062,4.033,41.6,0.0005236832779883047,0.0007581749959899117,6576,4.117,366,286,2392,8,8,22769,2,11067,226,Normal,0,NF-CSE-CIC-IDS2018-v2
Device_378,Actuator,147.28,392,78.07,0.007460740606224179,1.603,58.41,0.0015896645992311588,0.00047508432873744397,3061,2.323,767,1125,1071,8,8,62048,1,8957,150,Normal,0,NF-CSE-CIC-IDS2018-v2
Device_379,Actuator,973.08,26,167.29,0.008862251039175187,3.82,92.82,0.004741732951331607,0.0007203338628918198,4876,3.387,428,443,830,3,0,46555,2,7262,226,Normal,0,NF-CSE-CIC-IDS2018-v2
Device_380,Router,759.29,340,14.29,0.005836802407867715,2.548,75.82,0.0005786695999368559,0.0004562932674286268,2517,8.845,8,745,496,0,0,44998,5,46151,331,DDoS,1,NF-CSE-CIC-IDS2018-v2
Device_381,Actuator,967.76,423,56.33,0.0025438041624526882,4.938,42.09,0.0005635203117070678,0.0008528602945471707,1716,1.473,930,67,463,0,8,19043,1,22971,200,Normal,0,NF-CSE-CIC-IDS2018-v2
Device_382,Router,439.74,236,38.99,0.0031615603244888996,3.11,37.02,0.0005214190989001718,0.0003394786153865272,9327,4.493,41,1360,2982,8,0,15358,15,64450,200,Normal,0,NF-CSE-CIC-IDS2018-v2
Device_383,Sensor,278.37,370,173.25,0.00886890058381644,3.347,54.75,0.004884733571583512,0.000928019574846947,9011,3.179,878,761,1089,8,0,34275,15,4153,220,Normal,0,NF-ToN-IoT-v2
Device_384,Camera,798.29,495,98.83,0.003052745848127198,2.157,87.65,0.0037412317150839194,0.0005468608140590242,4782,0.864,257,2045,392,0,8,39857,1,68176,331,Normal,0,NF-CSE-CIC-IDS2018-v2
Device_385,Router,326.25,415,86.8,0.007487285784841313,3.805,5.82,0.0011509734000605624,0.0005403309824689533,9265,1.052,643,501,698,8,0,13736,5,12530,220,Port_Scan,1,NF-CSE-CIC-IDS2018-v2
Device_386,Sensor,299.38,126,95.4,0.009902635601328513,2.727,72.5,0.00032514158035286444,0.0006741022804827833,6925,7.87,564,340,1835,3,8,21345,1,36506,226,Normal,0,NF-ToN-IoT-v2
Device_387,Actuator,232.51,52,194.67,0.00999818552169051,0.581,32.98,0.004829683393666514,0.0003474474507065376,1946,8.538,102,1252,2494,3,8,2020,5,27434,425,Port_Scan,1,NF-ToN-IoT-v2
Device_388,Actuator,129.68,377,171.55,0.005381449507866382,3.239,24.8,0.0021848963046224865,0.0007270862751980631,1471,7.44,219,1953,1676,3,8,49093,2,65093,530,DoS,1,NF-ToN-IoT-v2
Device_389,Sensor,256.46,124,144.21,0.008282902388182368,4.237,6.15,0.003032039402645375,0.0003272208516077788,1566,5.438,244,512,141,11,0,64738,5,45239,200,DoS,1,NF-CSE-CIC-IDS2018-v2
Device_390,Actuator,355.32,292,65.19,0.009903473692419876,1.566,90.18,0.0014680615441408143,0.00040356344165919783,8982,7.749,845,1391,395,11,8,16538,1,19333,530,Botnet,1,NF-CSE-CIC-IDS2018-v2
Device_391,Sensor,673.99,46,41.38,0.003809261609435624,1.495,91.66,0.0038159655792255696,0.0006779564024251263,187,1.605,939,1894,2274,0,0,57885,1,187,220,Brute_Force,1,NF-CSE-CIC-IDS2018-v2
Device_392,Router,62.56,311,185.07,0.0025988548921960283,3.24,10.83,0.0010643314948806807,0.00038466461028836764,2612,7.824,303,735,213,11,8,28831,2,15285,530,Normal,0,NF-CSE-CIC-IDS2018-v2
Device_393,Router,210.51,122,90.38,0.0012309102228376138,4.181,54.57,0.003955868473540021,0.0002079743814611801,8785,4.292,370,820,2068,8,8,7378,1,43331,220,Normal,0,NF-CSE-CIC-IDS2018-v2
Device_394,Sensor,809.02,44,62.96,0.0014949064169239485,1.623,19.49,0.00122995491234167,0.0008731824441877517,1345,7.528,851,322,2671,3,0,62229,28,30086,331,Port_Scan,1,NF-CSE-CIC-IDS2018-v2
Device_395,Router,146.92,141,99.47,0.008550207999844567,4.695,77.08,0.000579769905852303,0.0009229338269859473,6216,2.355,275,461,2737,3,8,57044,1,3467,530,Normal,0,NF-CSE-CIC-IDS2018-v2
Device_396,Router,342.65,345,184.39,0.005928358594040034,4.673,68.21,0.0024462305172009372,0.0006304637393093741,9433,8.342,70,629,1592,11,8,50756,28,55778,425,Normal,0,NF-CSE-CIC-IDS2018-v2
Device_397,Router,864.66,345,83.54,0.008749720836385609,1.402,33.23,0.004084762353788689,0.000813039263485875,4331,5.724,47,1938,2687,3,8,9876,1,76589,226,Normal,0,NF-BoT-IoT-v2
Device_398,Gateway,154.93,478,116.9,0.007915605381418467,1.687,16.11,0.001985837012664629,0.0009867858312270054,1077,0.173,117,463,3074,3,0,18920,1,21131,150,Normal,0,NF-CSE-CIC-IDS2018-v2
Device_399,Camera,82.74,419,162.56,0.006770071837475376,3.653,83.97,0.00024148088827947225,0.0006186270043016276,8833,5.241,590,1589,213,3,8,9471,2,43271,331,DDoS,1,NF-CSE-CIC-IDS2018-v2
Device_400,Actuator,484.54,386,91.16,0.006132190699877921,4.783,69.05,0.002811217590261492,0.0009097047168175134,6822,3.172,517,677,1672,8,0,12343,28,54100,331,Normal,0,NF-BoT-IoT-v2
Device_401,Gateway,302.42,237,54.37,0.0005785551513631202,3.694,5.65,0.0034343098057252846,0.0003656622022231442,9694,0.669,254,1565,3182,11,8,52051,2,75982,226,Normal,0,NF-CSE-CIC-IDS2018-v2
Device_402,Router,563.41,156,198.96,0.008735524440431604,2.502,64.65,0.003729405232146433,0.0007034677115283143,9102,4.528,832,536,3943,3,0,55013,28,51821,150,DDoS,1,NF-BoT-IoT-v2
Device_403,Sensor,803.8,131,191.75,0.0042366364106291715,1.261,81.98,0.002069432276115491,6.524741163387788e-05,4607,3.184,619,1943,425,3,0,54430,28,81,331,Normal,0,NF-CSE-CIC-IDS2018-v2
Device_404,Router,137.15,90,170.26,0.005641889885006781,2.575,61.12,0.0005753961943127628,0.0007910818400540435,3592,2.123,756,704,1780,3,8,33636,15,50653,220,Normal,0,NF-CSE-CIC-IDS2018-v2
Device_405,Camera,580.7,182,140.79,0.00031733966858250515,3.23,45.35,0.002963199528870593,0.0008315051132822718,5025,3.556,173,838,2485,0,0,63418,28,40781,220,Normal,0,NF-ToN-IoT-v2
Device_406,Router,505.51,163,66.02,0.009367127668441591,1.989,60.47,0.0017147846376670908,0.000407163682109252,1233,1.878,960,1610,2882,8,8,3013,2,359,220,Port_Scan,1,NF-CSE-CIC-IDS2018-v2
Device_407,Sensor,144.08,159,183.55,0.009037130564810815,2.796,63.87,0.00473974866314678,0.0006425654657185564,4965,3.068,429,1464,158,11,8,27742,2,77423,425,Port_Scan,1,NF-BoT-IoT-v2
Device_408,Camera,624.0,384,62.36,0.005478452496189246,1.086,65.8,0.0025632893295005057,0.000859777491368435,7869,1.242,36,1457,3236,3,8,19694,5,65347,425,Normal,0,NF-CSE-CIC-IDS2018-v2
Device_409,Router,273.64,67,162.15,0.005815385168366739,2.535,96.87,0.002414103629314995,0.0008847720828639598,8860,0.935,905,72,3525,8,0,682,1,74542,530,Normal,0,NF-CSE-CIC-IDS2018-v2
Device_410,Camera,487.83,72,184.47,0.007079670402794539,0.908,21.97,0.0016151267083599483,0.00011546620907343495,3100,9.109,407,415,4045,3,0,43223,15,48710,220,Data_Exfiltration,1,NF-BoT-IoT-v2
Device_411,Actuator,82.27,165,124.57,0.0027204794747178857,0.721,64.19,0.0017600538763793848,0.0008292128690675684,9613,9.037,416,917,1682,11,0,1461,1,15187,150,Data_Exfiltration,1,NF-ToN-IoT-v2
Device_412,Actuator,459.58,458,162.58,0.0022969646648616955,4.358,22.86,0.0026124984419915688,0.0002815009184068393,7766,8.297,989,1346,3065,11,8,20213,2,24901,530,DoS,1,NF-CSE-CIC-IDS2018-v2
Device_413,Router,306.46,437,160.42,0.006772827171356165,1.423,24.95,0.0016026574970434745,0.000730033827374366,6804,2.38,685,1847,2193,0,8,49297,15,31548,425,Port_Scan,1,NF-BoT-IoT-v2
Device_414,Camera,822.38,365,46.7,0.001133782216973191,3.088,68.58,0.00447229393340522,0.0003319125119576298,7465,7.286,412,214,696,0,8,51126,28,82295,226,Port_Scan,1,NF-CSE-CIC-IDS2018-v2
Device_415,Sensor,56.98,436,136.91,0.00459521384676147,1.17,92.02,0.0022511878689026326,6.576637392427138e-05,6732,5.938,488,795,3014,0,8,5627,2,72879,226,Normal,0,NF-ToN-IoT-v2
Device_416,Router,418.61,430,27.76,0.004978328197590992,1.681,20.11,0.0015309082116638192,0.0002177720027525965,1867,0.607,692,1927,3107,0,0,34588,2,17919,150,Normal,0,NF-CSE-CIC-IDS2018-v2
Device_417,Actuator,458.43,331,106.49,0.003875236071460163,2.126,96.43,0.0008614346843516319,0.0004145850580688132,2174,9.006,779,1095,2524,3,0,22651,2,69440,226,Port_Scan,1,NF-CSE-CIC-IDS2018-v2
Device_418,Actuator,725.01,410,40.82,0.0019341549394075736,1.147,35.34,0.0033945185588717544,0.0007438163338604321,1241,9.98,767,1654,2114,8,0,57020,2,29080,220,Normal,0,NF-ToN-IoT-v2
Device_419,Router,574.29,177,89.11,0.0036176310168210117,0.707,42.17,0.00022635602209936193,0.00010969659103923402,1177,7.116,915,1280,76,3,0,6962,15,19861,150,Normal,0,NF-ToN-IoT-v2
Device_420,Camera,667.21,175,168.27,0.0034418168102484546,4.447,19.6,0.0023049793571327075,0.0008148047836511582,4699,2.392,832,1340,227,0,0,22859,1,75752,220,Normal,0,NF-BoT-IoT-v2
Device_421,Actuator,777.05,94,197.56,0.00504273017902263,0.553,63.5,0.002795596919799397,0.0009969815810427865,6220,5.589,321,169,680,0,0,64779,1,57941,226,Normal,0,NF-CSE-CIC-IDS2018-v2
Device_422,Camera,862.2,454,70.41,0.006779340331627343,0.776,61.66,0.001764944593313625,0.0007903750667473342,8443,1.183,73,366,1432,3,0,41564,28,69522,530,Normal,0,NF-CSE-CIC-IDS2018-v2
Device_423,Actuator,313.88,146,111.07,0.00968552772290909,4.123,47.02,0.003774106961647528,0.0004789991548285927,4932,3.058,569,169,3995,3,0,22716,2,60874,331,DoS,1,NF-CSE-CIC-IDS2018-v2
Device_424,Actuator,538.02,470,107.15,0.0015272162757258498,1.769,50.23,0.0034107364345059,0.0005724786087374869,8770,7.201,578,1529,229,8,8,1606,2,39439,150,Normal,0,NF-CSE-CIC-IDS2018-v2
Device_425,Gateway,840.11,468,191.34,0.00874286938841671,3.753,64.18,0.004859855039092812,1.6098903219647818e-05,1785,3.081,644,519,3210,8,8,53391,1,20072,200,Normal,0,NF-CSE-CIC-IDS2018-v2
Device_426,Actuator,989.45,198,100.93,0.002913362203863598,1.158,60.43,0.002592957316519441,0.00021718109947684345,3591,1.557,413,607,2171,11,0,27775,28,18955,530,DDoS,1,NF-CSE-CIC-IDS2018-v2
Device_427,Sensor,889.52,473,142.83,0.0059545904230139165,1.568,40.56,0.0027352805866839762,0.000899998250145445,1471,0.174,772,660,1832,8,0,17931,5,10833,200,Port_Scan,1,NF-ToN-IoT-v2
Device_428,Router,371.47,409,185.14,0.005512695785040295,3.077,88.99,0.0013046126640497287,3.151210870783401e-05,5559,5.768,124,1980,2493,8,0,6973,15,44257,425,Normal,0,NF-CSE-CIC-IDS2018-v2
Device_429,Router,195.17,388,80.94,0.0056137893444198035,4.949,68.43,0.0019888710645805303,0.0009057470033680121,3523,9.69,385,1665,3208,0,8,35540,1,61268,220,Brute_Force,1,NF-CSE-CIC-IDS2018-v2
Device_430,Camera,489.39,11,181.4,0.0072612502560162485,0.831,24.51,0.00023161689667568945,0.00012212008204688573,9988,4.893,604,1201,2901,0,0,51139,15,72449,226,Normal,0,NF-ToN-IoT-v2
Device_431,Actuator,741.64,115,184.32,0.0038787142269150598,2.302,35.39,0.0034774464641286786,0.00014174338865924593,4076,2.205,786,929,724,11,0,9577,1,19623,220,DoS,1,NF-CSE-CIC-IDS2018-v2
Device_432,Sensor,492.57,373,186.83,0.003259089636044871,0.694,79.85,0.001626951718449346,0.0001835964117483532,1498,4.686,653,440,1210,11,0,28219,28,10264,425,Normal,0,NF-CSE-CIC-IDS2018-v2
Device_433,Camera,483.18,81,61.38,0.008543062274536226,1.397,14.93,0.0027477983473668194,0.0008013914717056444,5461,6.061,232,1565,530,8,0,19280,2,85823,425,Normal,0,NF-BoT-IoT-v2
Device_434,Gateway,838.23,436,86.07,0.002278940898715276,4.584,76.27,0.0013494627424136504,0.0004834047095889556,1501,8.034,582,1140,3424,8,0,42779,5,21724,200,Port_Scan,1,NF-ToN-IoT-v2
Device_435,Camera,361.4,135,175.38,0.0018844357693803167,0.934,39.09,0.003143077381664327,0.00015374466392774195,1512,4.582,433,1618,579,11,0,6975,15,53948,530,Normal,0,NF-CSE-CIC-IDS2018-v2
Device_436,Camera,859.79,179,78.24,0.0002545136228870827,4.356,57.41,0.002293154215474817,0.0006899338014686717,6530,1.812,491,1662,2592,11,8,43614,5,67069,150,Normal,0,NF-CSE-CIC-IDS2018-v2
Device_437,Actuator,406.8,214,124.05,0.002184720042088949,1.3,31.65,0.0024611171966928413,0.0009412814826625196,3330,1.961,687,1845,2348,0,8,57326,2,65743,220,DoS,1,NF-ToN-IoT-v2
Device_438,Gateway,328.23,322,32.43,0.005233461189835414,4.378,98.71,0.004718774985095099,0.0005767269595049972,7621,9.007,871,1064,783,11,8,43079,1,48706,226,Normal,0,NF-CSE-CIC-IDS2018-v2
Device_439,Camera,453.99,346,20.69,0.0054312378428397244,2.921,91.05,0.0035601855833069145,0.00010771300566333311,5949,2.439,86,890,235,0,8,62061,28,60093,200,DDoS,1,NF-CSE-CIC-IDS2018-v2
Device_440,Sensor,762.45,496,88.28,0.00261876286283579,4.452,93.2,0.0013833087044403624,6.42031001157644e-05,6156,7.307,765,1144,1472,0,8,41905,2,42734,150,DDoS,1,NF-CSE-CIC-IDS2018-v2
Device_441,Sensor,126.0,481,119.99,0.0008155142834078786,1.183,22.55,0.0025692169069329845,0.0007979136362770032,4822,2.763,30,1144,1533,11,8,42265,5,60694,220,Normal,0,NF-BoT-IoT-v2
Device_442,Router,196.42,204,84.61,0.007471943883817543,3.929,84.96,0.0023866968133546937,0.0006298228158506907,8209,7.234,667,250,2318,11,0,62887,5,31194,150,DDoS,1,NF-BoT-IoT-v2
Device_443,Gateway,951.44,167,119.77,0.007603955950766768,3.563,55.86,0.003995757773703983,0.0009234307657333553,1364,0.876,200,873,1237,8,8,59245,5,55039,331,Port_Scan,1,NF-ToN-IoT-v2
Device_444,Gateway,175.49,150,107.87,0.00997858032328646,2.943,72.25,0.004183440059071393,0.000551777649537508,2359,2.153,875,381,1823,8,0,39350,1,5375,200,Normal,0,NF-BoT-IoT-v2
Device_445,Router,567.73,284,140.28,0.009010292748293704,4.148,25.66,0.0014888698314344544,7.177144921062284e-05,462,4.146,156,1946,634,0,8,28271,5,46117,530,DDoS,1,NF-BoT-IoT-v2
Device_446,Camera,579.31,16,133.41,0.00926801443872466,3.417,72.64,0.004123642124140558,0.00040964998149866375,6376,5.202,757,1955,868,0,0,24734,1,26605,220,DDoS,1,NF-ToN-IoT-v2
Device_447,Gateway,489.62,402,90.61,0.008002217874865025,4.447,91.86,0.000979556885925907,0.0006614107817055037,9824,3.594,898,436,1238,11,8,44754,5,6080,150,Normal,0,NF-CSE-CIC-IDS2018-v2
Device_448,Sensor,644.75,476,90.75,0.006193478248486742,2.215,30.41,0.003837575717234707,0.0003910364974278905,6520,5.778,532,1947,3808,3,0,22397,15,40986,530,Port_Scan,1,NF-CSE-CIC-IDS2018-v2
Device_449,Sensor,229.83,63,36.75,0.001372604980284654,3.155,27.17,0.0013190442646266675,0.0009995954827728307,5484,3.321,715,1853,176,3,8,44282,15,66300,220,Port_Scan,1,NF-ToN-IoT-v2
Device_450,Actuator,552.66,113,107.52,0.00626090164481319,4.418,14.92,0.00155986267132515,0.00041132482753700764,6848,6.817,846,1216,1319,11,8,34118,2,38266,530,Normal,0,NF-ToN-IoT-v2
Device_451,Gateway,372.17,351,121.56,0.0006539630181048038,1.467,30.35,0.004277092416926071,0.0005507737651830746,9675,5.161,152,74,2005,0,0,45680,2,46922,226,Normal,0,NF-CSE-CIC-IDS2018-v2
Device_452,Camera,661.67,347,100.53,0.008864461201584803,2.686,55.9,0.002158366838775855,0.00023313811229744267,7931,7.081,77,1529,4095,0,8,24068,28,41537,226,Botnet,1,NF-BoT-IoT-v2
Device_453,Router,141.22,70,71.88,0.0048700312206005555,4.823,84.11,0.004953772541795851,0.0001606168222591698,766,4.367,328,1813,2599,3,8,16012,5,48857,220,Normal,0,NF-ToN-IoT-v2
Device_454,Router,570.88,96,147.11,0.0070049810365604235,2.631,31.49,0.0008445208465464616,0.0006488524831776185,2912,8.777,172,289,2494,8,8,23441,5,33109,200,Normal,0,NF-CSE-CIC-IDS2018-v2
Device_455,Camera,185.27,267,24.19,0.0006172122705900438,1.638,64.01,0.0023704102863944484,0.0005927266194465253,2575,3.883,405,1910,3069,0,0,12625,1,41958,425,DoS,1,NF-ToN-IoT-v2
Device_456,Actuator,278.64,187,183.74,0.005389059386935972,2.08,50.56,0.003689006621453787,1.4295468832221415e-05,7073,3.151,406,1214,1461,11,0,64242,2,55133,220,Data_Exfiltration,1,NF-CSE-CIC-IDS2018-v2
Device_457,Router,218.71,251,13.92,0.003082507638748289,4.483,32.42,0.00012629858409468652,0.00029193371944976476,3200,5.615,841,1187,4085,0,0,58998,15,50264,530,Normal,0,NF-CSE-CIC-IDS2018-v2
Device_458,Gateway,182.84,212,192.85,0.002921185830798732,4.797,53.48,0.0008440908631457851,0.0006471437772827852,3501,5.141,762,1614,761,0,0,7985,1,43806,220,Brute_Force,1,NF-ToN-IoT-v2
Device_459,Actuator,825.71,40,97.85,0.003957593555561507,4.775,20.96,0.00019974807211380353,0.0008141268522751252,5115,5.229,698,883,1838,8,8,48767,15,750,220,Normal,0,NF-CSE-CIC-IDS2018-v2
Device_460,Gateway,285.71,298,88.41,0.00010633066251929553,3.645,65.76,0.004965101540375493,0.0003192449665094459,2651,7.982,362,1656,1334,3,0,46163,1,53526,220,Normal,0,NF-CSE-CIC-IDS2018-v2
Device_461,Sensor,927.12,471,58.72,0.004719942729029718,2.793,15.99,0.0038270608458652053,0.0006509620055959654,2251,5.927,128,1100,3275,8,8,22259,2,59383,200,Data_Exfiltration,1,NF-ToN-IoT-v2
Device_462,Actuator,969.93,89,11.91,0.00491701016771859,1.322,74.44,0.001930439578958341,0.00027260535084933774,6737,8.864,875,1376,2735,11,8,40048,5,8042,331,Brute_Force,1,NF-ToN-IoT-v2
Device_463,Router,571.26,20,62.21,0.008644996066806734,1.054,21.88,0.0008657961800142011,0.0006934760956829438,487,6.229,523,1045,3537,11,8,19414,5,84258,331,Normal,0,NF-CSE-CIC-IDS2018-v2
Device_464,Actuator,143.0,426,30.79,0.0045404035180365765,0.769,99.83,0.0005428778897369083,0.0007009685186758379,5964,0.315,336,1249,2818,8,8,17059,2,53335,150,Normal,0,NF-CSE-CIC-IDS2018-v2
Device_465,Actuator,374.55,263,135.37,0.003699207309289961,0.58,83.25,0.002706345282699468,0.00013892123086439416,3261,8.717,754,1573,4091,11,0,368,15,44118,200,Normal,0,NF-CSE-CIC-IDS2018-v2
Device_466,Actuator,797.73,393,70.62,0.009947995808488387,4.452,37.66,0.004881867459176075,0.0006684388861372349,2480,8.414,693,1318,2236,11,8,39538,28,77511,200,Normal,0,NF-CSE-CIC-IDS2018-v2
Device_467,Actuator,367.39,400,155.76,0.005755011913564714,4.141,45.49,0.003405593628823043,0.000340231509863566,8668,0.584,265,466,419,0,8,27751,28,49254,530,Normal,0,NF-CSE-CIC-IDS2018-v2
Device_468,Gateway,87.02,393,49.31,0.0047788707654779815,3.055,29.62,0.0018891780044677745,0.00018086898227670113,4435,1.34,195,1763,302,11,8,9395,2,48547,200,Normal,0,NF-CSE-CIC-IDS2018-v2
Device_469,Sensor,556.78,296,181.04,0.005009764762028957,4.994,77.88,0.002554169768863692,0.0005053576204460365,1380,5.608,758,561,3117,0,0,36128,1,47986,226,Normal,0,NF-ToN-IoT-v2
Device_470,Camera,845.12,185,109.37,0.00811089484533717,4.789,41.17,0.004994626502903315,0.00045777371706963405,843,0.524,100,1942,576,11,8,17855,5,53262,200,Data_Exfiltration,1,NF-CSE-CIC-IDS2018-v2
Device_471,Actuator,795.93,135,31.76,0.0034726960528045927,3.448,76.74,0.0026419545215338068,0.000776136062951377,7456,4.171,564,1352,2744,3,8,65478,15,55859,530,Normal,0,NF-CSE-CIC-IDS2018-v2
Device_472,Router,175.12,56,86.16,0.003952688580590862,2.591,6.75,0.004824587280304144,9.367035406960635e-05,3586,9.756,371,1556,2712,8,8,21735,28,61522,530,Normal,0,NF-CSE-CIC-IDS2018-v2
Device_473,Actuator,672.76,215,49.28,0.007583146257440908,1.185,17.88,0.0001801724222073474,0.0007918557361434631,8123,1.81,909,1674,1087,3,8,50500,5,43606,530,Normal,0,NF-ToN-IoT-v2
Device_474,Router,220.5,485,47.94,0.0008225390221763179,2.82,39.67,0.003632719328347445,0.00011502153848820271,1168,2.14,897,100,3667,8,8,27999,2,29595,226,DDoS,1,NF-CSE-CIC-IDS2018-v2
Device_475,Gateway,218.21,446,106.21,0.008665174665618261,1.21,15.35,0.0031730911011442708,0.0002153844377982713,9300,6.796,428,1080,3408,0,0,19400,5,69764,331,Normal,0,NF-CSE-CIC-IDS2018-v2
Device_476,Router,874.07,116,137.66,0.004359006695032903,2.293,62.11,0.003458116306440876,0.0005207232971463743,7071,0.535,587,599,1264,3,0,17053,28,17232,331,Port_Scan,1,NF-BoT-IoT-v2
Device_477,Camera,249.67,473,183.21,0.00585480045750592,4.742,9.83,0.0028957787373615185,0.0004685428540222003,7626,8.225,920,544,1493,8,8,5727,15,50712,226,Brute_Force,1,NF-BoT-IoT-v2
Device_478,Sensor,263.25,284,105.41,0.007599013976672369,2.039,86.68,0.0003164662035841136,0.0009889703849867077,8634,2.07,133,214,2225,0,8,50406,1,56534,530,Data_Exfiltration,1,NF-BoT-IoT-v2
Device_479,Router,0.65,346,193.51,0.002733914032149514,1.188,77.32,0.0008328632839099469,0.000593578976129815,730,5.362,256,1954,992,11,8,12611,1,17463,220,Normal,0,NF-BoT-IoT-v2
Device_480,Router,870.67,132,188.91,0.008914110662374446,3.121,25.54,0.004619031224642552,0.0003341612392944448,397,2.563,450,85,1881,11,0,2008,5,57398,331,Data_Exfiltration,1,NF-ToN-IoT-v2
Device_481,Sensor,792.59,483,174.36,0.009794327225340446,3.211,50.96,0.0012413325409988713,0.0009011473798585457,8248,6.623,721,1136,90,0,8,64277,1,33725,220,Normal,0,NF-CSE-CIC-IDS2018-v2
Device_482,Camera,627.33,143,105.0,0.004993316177920634,1.372,47.92,0.004965392619702014,0.00031909280721467866,8989,5.913,977,191,3835,8,8,17210,28,32037,530,DDoS,1,NF-ToN-IoT-v2
Device_483,Actuator,750.27,116,36.77,0.009375679913823466,1.385,73.86,0.0034299835735336227,0.00028103787883640717,5416,9.47,404,2039,1505,0,8,51463,15,77350,150,Normal,0,NF-BoT-IoT-v2
Device_484,Router,152.05,314,51.4,0.00011117336301712932,4.953,43.14,0.002277337001618304,0.0004994280772468709,1605,4.511,960,1441,2710,8,8,25025,1,67411,226,Normal,0,NF-CSE-CIC-IDS2018-v2
Device_485,Sensor,458.32,338,133.06,0.008952954513391731,1.595,8.13,0.004608239396536596,0.0009140430366283484,2925,8.761,655,1504,655,8,8,41508,1,27105,425,Normal,0,NF-BoT-IoT-v2
Device_486,Gateway,351.22,59,90.13,0.003179348665537925,4.272,31.0,0.003995432329125532,0.0007114291127062502,8670,5.801,580,769,1549,8,8,1634,2,78560,530,DoS,1,NF-BoT-IoT-v2
Device_487,Sensor,93.78,346,37.89,0.0031838047048032593,2.616,49.29,0.00220192888996602,0.0006807083833126571,8997,9.153,54,295,2291,11,0,7908,1,62665,150,Normal,0,NF-CSE-CIC-IDS2018-v2
Device_488,Gateway,486.13,104,101.01,0.0023580797612224,2.457,97.58,0.00043610556411004465,0.0007288164923883753,2514,2.989,779,652,630,8,8,13623,1,79047,226,DDoS,1,NF-ToN-IoT-v2
Device_489,Camera,920.74,277,13.31,0.0032384376213939288,1.827,88.71,0.004354692415219054,0.0006630442046681293,5756,5.543,407,2009,310,0,8,15548,28,31885,150,DoS,1,NF-BoT-IoT-v2
Device_490,Actuator,40.06,32,149.44,0.0022134973786164876,3.982,22.23,0.003848695663655871,0.0007621983960712665,9062,3.961,385,1037,1587,11,8,52821,1,40954,150,Normal,0,NF-BoT-IoT-v2
Device_491,Sensor,291.46,63,23.98,0.00906810415246872,4.463,73.71,0.003974600702724502,0.00020083440151184213,9386,0.752,938,1364,2428,8,0,43072,2,83877,200,Data_Exfiltration,1,NF-ToN-IoT-v2
Device_492,Router,207.54,383,129.53,0.009000334899412328,1.675,94.0,0.0037498077903552213,0.0001854857038939855,5247,5.785,242,1099,3569,11,8,58982,2,82635,530,Normal,0,NF-BoT-IoT-v2
Device_493,Camera,238.15,263,160.67,0.001111892017714163,0.928,5.84,0.0014511969979526063,0.0003685417103534898,4544,7.963,47,232,1320,11,0,63913,2,55615,530,Normal,0,NF-BoT-IoT-v2
Device_494,Sensor,908.43,462,35.2,0.0015142984457782757,1.116,73.49,0.004308344026379754,0.0008524501810078742,7647,5.606,115,1339,1022,8,0,37487,1,72289,530,Normal,0,NF-CSE-CIC-IDS2018-v2
Device_495,Router,468.07,244,108.54,0.008633984526205599,4.068,48.64,0.00011093951040613289,0.0007173096733417427,9523,2.865,708,178,4095,8,0,4448,5,65704,425,DoS,1,NF-ToN-IoT-v2
Device_496,Sensor,466.3,493,158.02,0.0040494839316401856,2.461,69.62,0.001262653764080388,0.0005708086094143415,1546,2.712,806,1495,2893,0,8,48048,5,38136,331,Botnet,1,NF-ToN-IoT-v2
Device_497,Gateway,760.58,68,59.52,0.0017757896056588552,1.094,62.53,0.0003281420342385589,2.9252963103338634e-05,2502,2.455,130,1459,4029,11,8,31299,28,81328,226,DDoS,1,NF-CSE-CIC-IDS2018-v2
Device_498,Sensor,154.49,173,40.95,0.005155627084122016,2.031,98.54,0.000641922637677904,0.00024344426109650788,5742,9.798,557,742,3756,3,0,1007,5,41487,331,Normal,0,NF-CSE-CIC-IDS2018-v2
Device_499,Sensor,487.27,268,74.0,0.004225013694208941,2.814,32.44,0.0027086577738357764,0.0008054788031244,1926,4.052,155,1801,1049,11,8,13448,28,5401,530,Brute_Force,1,NF-ToN-IoT-v2
Device_500,Sensor,429.99,323,115.39,0.0022696993820058554,4.334,79.68,0.00028255533071106865,0.0002500618261533765,8018,3.237,994,1239,1837,8,8,61575,28,18164,200,Normal,0,NF-BoT-IoT-v2
Device_501,Camera,596.91,225,119.3,0.007235446960948581,3.388,27.29,0.0009887671337318598,0.0007329872952190378,3947,4.243,973,578,3001,3,8,60729,2,60098,331,Normal,0,NF-ToN-IoT-v2
Device_502,Sensor,999.56,192,34.87,0.006349764192094037,1.292,46.38,0.0012404267222150558,0.00019278792228058516,1192,1.246,495,1970,3954,3,0,50162,15,72615,425,Normal,0,NF-ToN-IoT-v2
Device_503,Router,769.45,66,96.94,0.0010866499741988616,1.214,97.66,0.003311160145172386,0.000610303882617365,4777,2.041,829,1264,3504,8,0,10965,28,50798,226,Botnet,1,NF-BoT-IoT-v2
Device_504,Gateway,397.87,154,60.97,0.00926132847182089,2.356,77.78,0.002397220569796336,0.0006319292530334968,1820,5.138,82,903,3802,11,8,7664,1,27473,530,Normal,0,NF-CSE-CIC-IDS2018-v2
Device_505,Gateway,827.55,432,169.98,0.005628852660727685,0.838,35.0,0.0023462213629717454,0.0007544465634296169,982,8.009,779,606,3303,3,8,30569,2,60769,200,DDoS,1,NF-ToN-IoT-v2
Device_506,Sensor,170.71,99,69.58,0.002577024421929064,3.9,63.84,0.0038653195158623596,0.0004439589768866835,223,8.777,965,113,1155,3,8,19184,1,82429,220,Normal,0,NF-CSE-CIC-IDS2018-v2
Device_507,Camera,30.46,461,169.35,0.0021422889692163985,2.307,9.72,0.002337934919164242,0.0006363479520946178,3590,8.673,669,294,2888,11,0,57653,1,56507,200,DDoS,1,NF-ToN-IoT-v2
Device_508,Camera,204.45,320,91.43,0.0014458850155847954,2.044,30.31,0.001807594840298427,0.0004921000908330821,5897,9.453,25,1822,4087,8,8,13908,5,67275,425,Normal,0,NF-ToN-IoT-v2
Device_509,Router,340.41,54,148.05,0.004303910323264473,2.791,73.25,0.004816010123461231,0.0009478646649443298,702,1.345,334,954,2074,11,0,56879,1,5292,226,Data_Exfiltration,1,NF-BoT-IoT-v2
Device_510,Sensor,510.58,469,106.91,0.0014418560295992842,3.69,59.16,0.0001406372162454993,0.0005266619197483223,3931,0.506,182,1094,810,11,0,13749,28,80544,150,Normal,0,NF-CSE-CIC-IDS2018-v2
Device_511,Gateway,615.13,266,128.17,0.00421658248469274,3.062,49.62,0.0015964257003693808,0.00021750190429690596,5560,1.147,432,317,1638,0,0,23912,1,38254,331,Normal,0,NF-CSE-CIC-IDS2018-v2
Device_512,Camera,910.61,30,85.12,0.0015728272395177652,4.111,70.63,0.0030860243102606424,0.0006712136236472501,8596,6.047,174,54,1742,3,8,57499,1,28798,425,Normal,0,NF-CSE-CIC-IDS2018-v2
Device_513,Sensor,509.85,476,155.96,0.006602394463086505,3.332,42.85,0.003935765256658745,0.0005529826549263294,7046,5.606,809,1651,408,8,8,58980,5,49634,150,Port_Scan,1,NF-CSE-CIC-IDS2018-v2
Device_514,Camera,501.28,30,90.79,0.007873896014694947,4.046,7.48,0.004100423478316965,0.0008057912022479452,3328,6.745,998,1974,3665,8,0,5057,1,15653,530,Normal,0,NF-ToN-IoT-v2
Device_515,Camera,50.24,61,96.92,0.005540275200475312,3.636,46.9,0.0003257583460903451,0.00018514248161731115,9543,3.774,41,1529,2163,3,8,4461,28,66935,220,Normal,0,NF-CSE-CIC-IDS2018-v2
Device_516,Gateway,34.91,347,108.36,0.006832563061063484,1.369,90.7,0.0035747470722321804,0.0002683302066471658,9228,3.977,445,334,3580,3,8,35920,28,65025,150,Normal,0,NF-BoT-IoT-v2
Device_517,Actuator,551.16,180,168.05,0.009389949497132203,0.736,86.38,0.003629242853011903,0.0009224128163237449,6608,5.501,869,237,3869,3,8,56959,1,73129,331,Normal,0,NF-ToN-IoT-v2
Device_518,Router,438.18,445,135.28,0.006419878142749019,4.565,43.85,0.001148989165135714,0.0009307258521138331,2413,0.883,395,1487,2916,8,0,24222,28,59317,150,Port_Scan,1,NF-CSE-CIC-IDS2018-v2
Device_519,Router,839.18,76,76.34,0.003705166162020438,4.755,7.11,0.0006525976395034509,0.0004478341988101421,3389,8.019,940,126,655,11,8,29932,28,67117,200,Data_Exfiltration,1,NF-BoT-IoT-v2
Device_520,Gateway,160.68,122,137.36,0.004549853570881664,3.771,65.45,0.0037734621727069802,5.727367029724558e-05,7096,9.236,288,506,756,11,8,64908,5,49586,226,Brute_Force,1,NF-CSE-CIC-IDS2018-v2
Device_521,Camera,24.97,309,132.06,0.008619199738113165,3.759,75.41,0.0013225500305626627,0.00031348951793970016,4944,3.935,561,1630,1227,8,0,35898,2,57895,425,Brute_Force,1,NF-CSE-CIC-IDS2018-v2
Device_522,Sensor,449.04,169,186.89,0.0013941311576059544,1.716,32.95,0.00010820164001001844,0.0002546514278770654,2298,7.422,262,1431,3856,11,0,58604,2,62423,530,Normal,0,NF-CSE-CIC-IDS2018-v2
Device_523,Camera,237.48,275,169.87,0.0033247965222592837,2.941,50.28,0.001195505757526619,0.00042053008347497255,8977,5.533,756,168,472,0,0,15869,15,33415,425,Brute_Force,1,NF-CSE-CIC-IDS2018-v2
Device_524,Gateway,49.61,329,133.01,0.005815072682807793,4.965,99.23,0.00025223324319993153,0.0003246226126898017,4335,2.436,57,182,2446,0,8,12625,2,18478,150,Port_Scan,1,NF-BoT-IoT-v2
Device_525,Router,724.6,241,74.89,0.006796256737143501,4.353,59.75,0.00132101476480123,0.0008307024204139297,8346,0.771,6,1684,1368,8,8,53719,1,12521,226,Normal,0,NF-BoT-IoT-v2
Device_526,Camera,111.59,472,158.12,0.007658640846773883,1.87,38.35,0.0017415959534259227,1.3005658934199497e-05,3312,2.534,559,734,468,11,8,5534,28,15396,226,Normal,0,NF-ToN-IoT-v2
Device_527,Router,608.32,334,119.29,0.003250247280361263,1.855,64.61,0.0014298607817359622,0.0006481855349763833,4269,6.089,575,233,2233,0,0,61728,2,75494,425,Normal,0,NF-CSE-CIC-IDS2018-v2
Device_528,Sensor,281.05,77,197.2,0.001544005426690588,2.676,22.1,0.004607691629178299,0.0006676275229044829,3306,0.498,945,974,1810,11,8,37237,5,30283,226,Data_Exfiltration,1,NF-CSE-CIC-IDS2018-v2
Device_529,Router,173.5,37,57.03,0.009552908175797943,2.321,23.93,0.0012394114421878947,0.0006640203095361524,741,8.378,918,1305,1943,3,0,36148,15,52943,200,Normal,0,NF-CSE-CIC-IDS2018-v2
Device_530,Router,379.75,446,25.13,0.0008562829496071909,2.17,92.87,0.002390920631612696,0.0005253887337094241,4939,9.706,579,1654,710,11,8,1630,1,58908,226,Data_Exfiltration,1,NF-BoT-IoT-v2
Device_531,Actuator,801.45,125,23.28,0.0010484730222901659,3.321,27.72,0.0047913952098358305,0.000614993032378705,6269,0.927,915,105,1547,0,8,9337,2,42023,425,Normal,0,NF-CSE-CIC-IDS2018-v2
Device_532,Actuator,392.09,60,131.61,0.004999931164829492,0.552,34.52,0.0044080775077140885,0.0008123893684217193,7755,2.542,695,1377,2800,0,8,10586,28,54061,150,Normal,0,NF-BoT-IoT-v2
Device_533,Actuator,750.77,190,188.46,0.008210783178621624,3.935,56.66,0.0016153665252105305,0.0007863548109014975,161,6.789,162,580,1126,8,8,23160,5,34590,425,Normal,0,NF-ToN-IoT-v2
Device_534,Router,125.49,269,10.37,0.007767590652917736,3.83,90.47,0.0016998024452915968,4.42791234066263e-05,1323,8.08,297,668,2186,8,8,32803,2,28326,226,Normal,0,NF-CSE-CIC-IDS2018-v2
Device_535,Gateway,772.77,88,147.9,0.009383222735321509,4.236,79.24,0.0030073140722963036,4.013217037993578e-05,592,3.525,617,1031,928,3,0,49876,28,67802,200,Data_Exfiltration,1,NF-ToN-IoT-v2
Device_536,Router,236.93,282,134.84,0.0015018654985685853,4.287,9.16,0.004597527968695727,0.0008405553646427863,6922,5.201,775,1029,1648,0,8,26052,2,7629,425,DDoS,1,NF-BoT-IoT-v2
Device_537,Gateway,677.39,117,149.14,0.003819699844918117,3.049,70.84,0.00014899899773343625,0.0005789823906552573,6711,8.928,57,1221,280,8,8,51658,1,55469,226,Normal,0,NF-ToN-IoT-v2
Device_538,Gateway,565.78,460,77.53,0.0028932070743449296,4.01,52.89,0.002026286981707388,0.0009578530619165003,1239,3.906,528,1056,3381,8,0,3297,15,65279,150,DDoS,1,NF-CSE-CIC-IDS2018-v2
Device_539,Actuator,929.14,83,165.89,0.008622614223191253,2.716,50.18,0.004263899883174897,0.000437275680947311,5590,0.907,59,1999,806,8,8,33658,28,10555,200,Normal,0,NF-ToN-IoT-v2
Device_540,Camera,387.32,184,18.49,0.004934710740783884,4.782,70.7,0.0021113028940952018,0.00018497440318178635,6894,9.949,166,1393,481,3,0,43809,15,24933,220,Botnet,1,NF-BoT-IoT-v2
Device_541,Sensor,66.17,499,153.53,0.0003657945507150969,1.358,23.64,0.0036282688885777015,0.00047850256326393106,1355,1.885,905,322,3902,3,8,1400,15,81448,220,Normal,0,NF-ToN-IoT-v2
Device_542,Actuator,19.16,193,60.74,0.007108847627700127,4.62,98.24,0.003490432021819791,0.0004421788648819079,2595,0.583,762,102,3338,0,0,30268,5,35726,150,DoS,1,NF-ToN-IoT-v2
Device_543,Actuator,826.86,32,100.6,0.003948111168483366,1.663,66.3,0.0011067476771887998,0.0005220056076241312,3385,4.165,973,139,719,3,0,13499,28,76241,331,Brute_Force,1,NF-BoT-IoT-v2
Device_544,Camera,524.74,283,166.3,0.005358352957373022,0.962,39.74,0.0023030130713982177,0.0008098677615381804,2355,1.302,546,1545,927,0,0,7919,5,13832,226,Data_Exfiltration,1,NF-BoT-IoT-v2
Device_545,Sensor,775.24,138,61.56,0.008948495527398981,2.476,62.02,0.0028743148927820924,0.0006590281480574083,9293,9.789,46,629,4046,0,8,25602,15,62541,425,Port_Scan,1,NF-CSE-CIC-IDS2018-v2
Device_546,Router,234.43,300,45.19,0.0026417039688648356,3.267,25.56,0.0036057683826960394,0.00019342257412538106,1225,3.87,933,1236,2919,0,0,36869,1,25380,331,Botnet,1,NF-ToN-IoT-v2
Device_547,Router,345.08,329,139.45,0.0024786202885605534,1.539,65.21,0.004129709194717918,0.0007371324837915107,3981,8.276,811,1080,1606,8,8,7571,1,23507,200,Normal,0,NF-CSE-CIC-IDS2018-v2
Device_548,Actuator,30.1,195,111.35,0.0027056057913828844,3.001,7.68,0.003823672734730517,0.0005959772511456473,4205,1.848,47,1865,3748,11,8,30467,2,58654,226,Port_Scan,1,NF-CSE-CIC-IDS2018-v2
Device_549,Sensor,961.49,488,107.74,0.003447269113471057,4.136,37.41,0.00023872619018762778,0.0005825276232323045,1246,1.474,390,1206,359,8,0,19044,2,66621,425,Normal,0,NF-CSE-CIC-IDS2018-v2
Device_550,Actuator,667.87,68,58.79,0.0011628043489963866,1.657,76.01,0.0033861254238481604,0.0006814743136112787,886,6.528,252,1320,513,8,0,12596,28,27820,425,DoS,1,NF-BoT-IoT-v2
Device_551,Gateway,933.21,10,16.63,0.007002474642005037,3.111,81.76,0.002536845772892798,0.0005683258040699664,358,9.102,166,1978,3973,3,8,59750,1,19439,425,Normal,0,NF-CSE-CIC-IDS2018-v2
Device_552,Actuator,265.5,140,87.95,0.002153247306508452,2.027,29.03,0.002911922505682575,0.0004629385989747124,3949,1.234,368,234,1315,8,0,22342,15,74873,331,Normal,0,NF-CSE-CIC-IDS2018-v2
Device_553,Actuator,611.46,76,30.25,0.009268842897978798,2.884,56.24,0.001927534442454797,0.0006439764799859552,6530,5.934,379,1618,2214,0,0,11197,1,4314,530,DDoS,1,NF-ToN-IoT-v2
Device_554,Router,678.5,302,182.14,0.0022352945077077197,3.501,55.21,0.003598728451475836,0.0007264897988550693,6274,0.941,317,1530,1179,11,8,31227,28,25450,150,Normal,0,NF-BoT-IoT-v2
Device_555,Router,317.55,476,17.84,0.0026308560901568737,2.077,45.04,0.0034020537093837526,0.00023350927340287867,4716,8.14,132,1275,2901,3,0,47568,2,39381,200,Normal,0,NF-ToN-IoT-v2
Device_556,Router,848.11,294,92.01,0.003040500265227082,4.975,26.7,0.0029394837591361907,0.0005020793952957314,8280,9.102,389,600,3492,11,0,3749,2,59455,226,Normal,0,NF-CSE-CIC-IDS2018-v2
Device_557,Gateway,947.16,98,19.93,0.0077085271604130185,3.037,71.81,0.004321867109687642,0.0004635907386324724,815,6.325,582,1137,1786,3,0,58019,5,65201,220,Port_Scan,1,NF-CSE-CIC-IDS2018-v2
Device_558,Router,884.86,426,28.15,0.0043333042256760955,4.21,28.97,0.0005993101219690331,4.9504237905175404e-05,1743,6.915,572,195,3012,8,0,27425,2,32915,425,Normal,0,NF-CSE-CIC-IDS2018-v2
Device_559,Sensor,739.07,109,135.18,0.008211412777903125,3.763,91.55,0.0015750140520093899,0.0008360942698597658,223,0.649,717,961,2257,8,8,57861,15,14389,425,Botnet,1,NF-CSE-CIC-IDS2018-v2
Device_560,Camera,277.46,198,132.95,0.007870051752322306,4.338,55.21,0.0025261390344938563,0.00038360820369904013,1873,0.822,750,1324,3402,8,0,64486,28,73273,226,Normal,0,NF-CSE-CIC-IDS2018-v2
Device_561,Sensor,281.62,486,16.28,0.009301955185397918,1.282,87.7,0.004797163575367724,8.19623408691967e-05,9213,1.879,856,1238,2230,8,8,53631,2,78632,425,Normal,0,NF-CSE-CIC-IDS2018-v2
Device_562,Sensor,963.36,387,10.21,0.007590381135530143,1.501,32.62,0.000452620592780914,0.0004633201061057166,2277,2.811,348,1997,1590,3,8,39873,2,46864,200,Normal,0,NF-BoT-IoT-v2
Device_563,Router,10.28,355,24.98,0.0006139205797237222,2.693,81.67,0.0017516797009257017,0.00016986599803068135,6989,7.623,845,211,327,3,8,61329,15,11257,220,Brute_Force,1,NF-CSE-CIC-IDS2018-v2
Device_564,Camera,716.05,397,154.97,0.008389084609620678,4.335,15.8,0.0046368637132571545,0.0007073702704883182,1603,4.411,618,2045,1363,0,0,23017,2,59421,150,Normal,0,NF-CSE-CIC-IDS2018-v2
Device_565,Camera,706.25,250,121.07,0.009386918707383571,1.389,77.85,0.0044999430805009,0.000576053859415975,5761,0.875,497,1851,3850,3,8,59930,15,79598,226,Normal,0,NF-CSE-CIC-IDS2018-v2
Device_566,Camera,622.69,279,17.24,0.009937523006241724,4.87,41.76,0.004339703296467251,0.00027741266890815585,7194,8.541,696,629,3194,3,8,23078,2,59550,331,DDoS,1,NF-BoT-IoT-v2
Device_567,Gateway,990.11,228,102.74,0.0013401491819114049,1.074,49.65,0.0016111132344067813,0.0009509691205594643,2224,9.939,850,503,3482,8,0,30184,15,40598,331,Brute_Force,1,NF-CSE-CIC-IDS2018-v2
Device_568,Router,311.88,426,145.29,0.006171405366332693,1.288,20.85,0.004249495320779927,0.000298827894773025,3354,4.605,955,1166,3100,0,8,46386,2,63970,530,DoS,1,NF-BoT-IoT-v2
Device_569,Camera,339.97,415,175.1,0.002074640792253178,1.253,6.77,0.0025761631182900013,0.0005594469379071516,2513,5.166,511,1725,2776,11,0,21778,28,60554,530,Normal,0,NF-BoT-IoT-v2
Device_570,Gateway,78.94,185,187.47,0.00269884544503473,3.137,68.29,0.0031369163358075753,0.0008035521460481388,4487,0.877,519,1100,2297,3,0,4703,5,67166,150,DDoS,1,NF-BoT-IoT-v2
Device_571,Actuator,442.8,396,72.21,0.007481284948406295,4.629,60.83,0.0012702420367582585,0.0005187533749749432,6189,3.892,452,1605,3250,11,8,48983,5,27741,530,Data_Exfiltration,1,NF-BoT-IoT-v2
Device_572,Actuator,261.05,480,35.81,0.009778910405220697,1.648,64.13,0.003562702055703595,0.0009612471190175323,5933,3.781,543,563,850,8,0,57505,1,29734,200,DoS,1,NF-BoT-IoT-v2
Device_573,Gateway,343.39,350,55.02,0.0059890694644839275,2.989,29.23,0.0017057158108526322,0.0008454160213097193,256,9.661,216,2021,956,8,8,600,5,73789,150,Normal,0,NF-CSE-CIC-IDS2018-v2
Device_574,Gateway,834.57,242,157.47,0.008520786251240248,1.291,27.73,0.0017850140879911924,0.0009218088238608869,9415,6.638,470,640,4033,11,0,46326,15,5979,200,Normal,0,NF-CSE-CIC-IDS2018-v2
Device_575,Router,935.48,160,194.58,0.00018794965790539642,3.34,83.88,0.0032204041628585197,0.00037897555791689463,5103,7.844,853,462,2473,11,8,42519,15,27847,220,Data_Exfiltration,1,NF-BoT-IoT-v2
Device_576,Router,185.73,461,98.61,0.0004626532345112307,1.055,77.32,0.0012751764186529474,0.0005528718632371461,5853,1.37,304,1413,3110,0,8,25240,5,48333,200,Brute_Force,1,NF-ToN-IoT-v2
Device_577,Actuator,372.51,286,68.02,0.006007570939526048,2.711,37.0,0.0011997497439045013,0.0008417646325384666,1017,4.228,298,1114,299,3,0,47947,15,44859,220,Normal,0,NF-ToN-IoT-v2
Device_578,Camera,928.63,238,91.55,0.003950932705844348,3.448,65.59,0.0019088984187207799,0.0009044650339597184,6353,1.996,346,1006,1529,3,8,37725,28,40116,226,Normal,0,NF-ToN-IoT-v2
Device_579,Actuator,61.81,180,67.91,0.008908602368234224,3.106,83.67,0.003912511762790245,0.0009449199421888363,1802,8.616,286,1006,1665,3,8,47346,15,26756,226,Brute_Force,1,NF-CSE-CIC-IDS2018-v2
Device_580,Camera,92.36,232,58.73,0.0030896209395487643,1.13,89.44,0.0012009420404094314,0.0008803604733469583,1765,1.608,885,255,3398,3,0,28357,28,11254,150,Data_Exfiltration,1,NF-CSE-CIC-IDS2018-v2
Device_581,Camera,162.79,222,122.81,0.00437730517229007,1.226,5.55,0.0039578601137129,0.0007334473550344819,5489,4.445,126,1965,1138,0,0,22557,28,62006,150,Normal,0,NF-CSE-CIC-IDS2018-v2
Device_582,Router,595.21,291,12.99,0.0053263010585325255,3.521,82.28,0.0035084658581072746,3.3972657476610704e-05,7263,0.631,51,841,414,8,0,10231,28,16054,226,Normal,0,NF-BoT-IoT-v2
Device_583,Sensor,150.47,50,59.31,0.0028030844455738508,4.14,38.29,0.003427491414303732,0.0003218039149807085,5907,6.38,419,220,480,11,8,4576,2,43657,331,Normal,0,NF-CSE-CIC-IDS2018-v2
Device_584,Sensor,968.08,131,135.66,0.009094099187787613,4.586,73.25,0.0024263028011957113,0.00013764692204449615,2211,4.871,702,90,2954,8,0,11982,1,86072,220,Port_Scan,1,NF-CSE-CIC-IDS2018-v2
Device_585,Gateway,446.71,236,16.09,0.004698882488115163,4.161,40.28,0.0037548503834608205,0.0001632110153267468,3814,5.03,51,1063,807,0,8,53468,15,58024,425,DDoS,1,NF-BoT-IoT-v2
Device_586,Router,501.52,303,25.81,0.004299140530278268,4.883,62.59,0.00016624564850900722,0.0002979981155090631,7083,1.106,471,1539,4007,3,0,56885,2,77987,530,DDoS,1,NF-CSE-CIC-IDS2018-v2
Device_587,Camera,246.66,97,65.75,0.008512555184449893,2.337,66.44,0.0015974755650105673,8.399305261666708e-05,5210,5.188,376,856,1069,8,8,63858,1,75372,226,Normal,0,NF-BoT-IoT-v2
Device_588,Sensor,470.96,276,176.78,0.0031885861763141948,1.99,43.47,0.0034277735727366904,0.0002506014942009734,2497,5.681,365,437,76,3,0,64589,2,54525,425,Normal,0,NF-BoT-IoT-v2
Device_589,Camera,661.91,498,155.33,0.008192906910658514,0.627,53.71,0.004937747578899886,0.0009574090481737496,5554,9.632,232,645,3529,11,8,22647,15,48525,530,Normal,0,NF-BoT-IoT-v2
Device_590,Sensor,751.18,38,14.21,0.00131050124194136,2.525,74.0,0.00011232027131295216,0.00031882414280231386,1655,0.429,690,1907,2992,8,0,30488,28,29429,425,Botnet,1,NF-ToN-IoT-v2
Device_591,Sensor,753.87,256,105.33,0.0019096064803125067,3.431,50.25,0.0025988640986651683,0.00016811593922478333,4602,9.235,670,1527,1914,3,0,59116,2,70376,331,Normal,0,NF-CSE-CIC-IDS2018-v2
Device_592,Sensor,577.89,325,62.19,0.009513332495100174,4.169,6.33,0.004626798502281419,0.0007211171786156097,443,4.848,659,1076,869,0,0,61949,1,51335,425,Port_Scan,1,NF-BoT-IoT-v2
Device_593,Router,904.36,460,133.24,0.008440230158996309,1.704,6.23,0.004331342985601701,0.0008302200985517273,1644,2.18,480,415,3667,11,0,38780,1,74234,200,Botnet,1,NF-BoT-IoT-v2
Device_594,Actuator,817.41,458,147.1,0.003940199124418423,2.811,67.82,0.00021336735429666493,0.0003208974711005187,4096,6.689,306,443,2324,3,0,40708,1,35813,226,DoS,1,NF-CSE-CIC-IDS2018-v2
Device_595,Camera,757.05,253,173.94,0.006420718842298593,3.479,85.49,0.002694834824018357,0.00028571233747258723,6948,5.219,438,1360,333,3,0,23041,2,27541,331,Normal,0,NF-ToN-IoT-v2
Device_596,Router,55.61,70,100.33,0.009435404875366463,2.982,79.6,0.00012100679694297445,0.00024934195242598317,8330,2.345,251,1974,1047,0,8,50542,1,57026,530,Normal,0,NF-CSE-CIC-IDS2018-v2
Device_597,Router,6.88,156,198.95,0.0021974031383544344,1.733,34.49,0.00396891724633864,0.00039932862667570965,4482,6.306,851,759,3175,11,0,23631,5,77144,226,Normal,0,NF-CSE-CIC-IDS2018-v2
Device_598,Router,212.45,183,196.2,0.0006842036552077065,4.083,49.76,0.0016134867262377944,9.635944026050289e-05,8146,4.785,342,1365,3782,0,0,7526,1,3111,425,Normal,0,NF-ToN-IoT-v2
Device_599,Router,663.52,442,177.61,0.005420933838602523,1.28,27.25,0.0038513942433849135,0.0006724379342906443,5086,6.921,132,262,2052,11,0,37054,1,40222,530,DoS,1,NF-CSE-CIC-IDS2018-v2
Device_600,Router,411.2,287,119.23,0.0015117090987695737,4.572,98.97,0.004729487374347502,0.0008240040620038943,3523,6.922,749,267,837,3,0,46715,2,14090,200,Port_Scan,1,NF-CSE-CIC-IDS2018-v2
Device_601,Gateway,402.41,343,85.62,0.001954459017842614,4.787,29.75,0.004882816765360227,0.0006670454569418259,9320,4.781,524,694,2023,3,8,59061,15,10996,200,Port_Scan,1,NF-BoT-IoT-v2
Device_602,Camera,884.59,378,79.23,0.008926237978342636,2.145,44.54,0.004481144786302883,0.000426987692994118,335,3.969,655,1635,2292,11,0,18341,2,49012,220,Brute_Force,1,NF-ToN-IoT-v2
Device_603,Router,895.56,450,12.3,0.00017329424058442423,2.193,69.71,0.0011003029205573344,0.0002960726248707969,8093,0.726,506,77,1826,3,8,59003,2,16162,200,Normal,0,NF-ToN-IoT-v2
Device_604,Camera,909.18,388,57.34,0.008186518261992298,3.845,88.22,0.0010535408326471847,0.00041535170286645796,9260,4.989,399,2019,1352,8,8,19472,5,85379,200,DDoS,1,NF-ToN-IoT-v2
Device_605,Gateway,313.88,151,146.57,0.005217812685722516,2.553,9.89,0.0031663241211425156,0.0004295991100383764,5324,2.507,906,253,1080,3,0,26654,15,15251,530,Normal,0,NF-CSE-CIC-IDS2018-v2
Device_606,Gateway,691.06,53,124.69,0.005637014437688474,0.629,33.6,0.002765863043015081,0.000669360620187782,1330,0.627,118,783,2217,11,8,60288,2,15762,220,Data_Exfiltration,1,NF-CSE-CIC-IDS2018-v2
Device_607,Camera,271.63,153,184.12,0.006750502808517989,4.639,59.05,0.00014671957822660935,0.0009287797520940593,338,3.371,61,187,2944,8,8,62597,5,61959,226,Normal,0,NF-CSE-CIC-IDS2018-v2
Device_608,Sensor,190.61,362,19.5,0.0043713054238493036,2.438,63.74,0.0020194640206415127,7.988062455345949e-05,5024,0.966,915,1150,550,11,0,46302,2,23684,530,DDoS,1,NF-CSE-CIC-IDS2018-v2
Device_609,Actuator,184.63,342,39.5,0.0012445576931049062,1.416,11.65,0.004542785927034159,0.0009538200569547859,151,5.839,181,1664,467,8,0,5189,5,21233,226,Normal,0,NF-ToN-IoT-v2
Device_610,Sensor,342.11,495,159.96,0.001117920215667756,3.0,68.09,0.004501959192707324,0.0009110992707264141,9672,5.086,968,849,453,8,8,1827,28,16250,220,Normal,0,NF-CSE-CIC-IDS2018-v2
Device_611,Sensor,429.96,405,78.12,0.007568185771921032,1.485,55.17,0.0010991437320705707,0.00012655497733945995,1156,7.945,313,1138,671,0,8,43399,1,55102,226,DDoS,1,NF-CSE-CIC-IDS2018-v2
Device_612,Sensor,830.95,64,32.49,0.0022882479183461207,1.427,83.62,0.0019716190388705777,0.00019174918077448052,8313,2.75,991,1300,3942,0,8,25692,1,50390,226,Botnet,1,NF-ToN-IoT-v2
Device_613,Router,119.89,316,199.33,0.0003782066678146776,2.956,26.11,0.0028457934538808046,0.00031847964543245367,8598,3.778,265,606,3111,8,8,62536,2,61048,425,Normal,0,NF-CSE-CIC-IDS2018-v2
Device_614,Gateway,734.93,367,159.58,0.009798177502079517,2.26,23.53,0.0042786428989519,0.00056406938055554,7709,6.921,29,41,186,8,8,2005,5,50582,331,Brute_Force,1,NF-ToN-IoT-v2
Device_615,Sensor,531.45,432,87.66,0.009805876041670865,3.078,80.37,0.002706772752282606,0.00014313143411782714,2709,9.93,263,120,2900,8,0,50313,28,4236,220,Normal,0,NF-CSE-CIC-IDS2018-v2
Device_616,Gateway,287.95,426,166.44,0.003843599239703421,4.986,71.87,0.004844179081068871,0.0002083316037391681,3700,9.051,712,1732,100,0,0,28695,1,41311,220,Normal,0,NF-ToN-IoT-v2
Device_617,Camera,492.82,170,139.31,0.0003526860611154208,4.366,80.21,0.004015355476140651,0.0009036485410002824,2065,5.256,617,940,1867,0,0,6590,2,44701,425,Port_Scan,1,NF-CSE-CIC-IDS2018-v2
Device_618,Actuator,299.94,294,160.1,0.007299920120068222,0.535,79.28,0.0047701501775952474,0.00011820762446321652,6632,6.812,913,357,773,0,8,32935,2,4888,150,Normal,0,NF-CSE-CIC-IDS2018-v2
Device_619,Camera,596.08,334,164.89,0.008327019398808125,0.728,14.88,0.0036843118700440815,0.00040488948248794605,3678,5.366,591,317,830,8,8,15105,5,72719,331,Port_Scan,1,NF-CSE-CIC-IDS2018-v2
Device_620,Camera,433.84,207,26.1,0.0013376355321465167,3.245,31.47,0.004400358282876397,0.0007653717598821217,5661,4.405,656,246,566,8,8,13587,15,57057,530,Normal,0,NF-ToN-IoT-v2
Device_621,Router,164.41,168,128.36,0.0014410402876014392,3.318,29.71,0.004171918582651463,0.0008896972857218307,2643,6.063,711,1027,3662,11,8,10192,2,10036,530,Normal,0,NF-ToN-IoT-v2
Device_622,Actuator,116.58,89,11.29,0.008240017596998227,4.452,93.79,0.0013438085605315272,0.000342682136970721,604,3.926,618,1903,3028,3,0,8480,28,72646,226,Normal,0,NF-CSE-CIC-IDS2018-v2
Device_623,Camera,546.7,40,18.26,0.009226883148280825,3.331,51.31,0.0012247284749259168,0.00017279313030399052,8428,2.874,339,1127,2708,3,0,17421,28,25342,150,Port_Scan,1,NF-BoT-IoT-v2
Device_624,Camera,902.41,482,181.76,0.007928472883074082,1.525,15.55,0.004335478784737985,0.000739641542504606,5184,7.086,422,1263,155,0,8,62943,15,1210,331,Brute_Force,1,NF-ToN-IoT-v2
Device_625,Actuator,343.96,121,110.24,0.0020873749967783425,2.608,32.51,0.0005149209138495824,0.0007748321810864448,9594,8.733,89,1194,163,0,0,27061,28,82829,226,DDoS,1,NF-ToN-IoT-v2
Device_626,Actuator,733.0,55,149.82,0.004174060072398788,4.14,87.83,0.002101961663028686,0.0009802331096199388,4114,2.951,332,1813,3088,3,0,6198,5,39637,530,Port_Scan,1,NF-BoT-IoT-v2
Device_627,Camera,658.66,362,169.32,0.00604834001607255,4.653,85.47,0.00412122307439924,0.00014814643292897022,6407,7.098,992,1434,749,0,8,11556,2,50604,331,Brute_Force,1,NF-CSE-CIC-IDS2018-v2
Device_628,Actuator,931.55,214,190.42,0.0016869053908262043,1.566,90.53,0.00408487272602175,0.0007123266738426576,3714,4.397,431,1696,3590,8,8,21207,5,63020,200,Normal,0,NF-ToN-IoT-v2
Device_629,Camera,820.98,61,175.18,0.002184964677061832,2.928,41.91,0.0007800357723333208,0.0004231196123573087,5242,3.091,778,1013,1814,3,8,56680,15,84802,226,Normal,0,NF-ToN-IoT-v2
Device_630,Camera,566.61,147,101.83,0.0029005721134786945,1.215,65.93,0.0024897780242003256,0.0009154831431917798,6171,6.249,763,433,4012,8,0,10323,15,12309,331,Normal,0,NF-BoT-IoT-v2
Device_631,Router,657.03,481,73.83,0.005144181375879282,2.736,31.43,0.0024511787733531407,0.0004137525754900519,4906,9.4,152,643,3733,3,0,45424,5,56712,331,Data_Exfiltration,1,NF-CSE-CIC-IDS2018-v2
Device_632,Sensor,898.39,83,39.35,0.0051569683830577214,0.906,22.18,0.0016862351169521705,0.0004515007718070395,606,3.582,818,554,457,3,8,3973,1,57816,150,Normal,0,NF-CSE-CIC-IDS2018-v2
Device_633,Camera,399.52,50,86.06,0.008161515741540771,4.738,7.08,0.0045941876108152495,0.00013552863220486682,9825,7.619,708,371,657,0,0,42144,15,69072,331,Botnet,1,NF-ToN-IoT-v2
Device_634,Gateway,326.79,488,79.63,0.007554800986807494,3.371,26.23,0.0033002762988280855,0.0003277274172399711,4103,3.216,126,1961,2945,8,8,13183,2,56981,200,Port_Scan,1,NF-CSE-CIC-IDS2018-v2
Device_635,Sensor,10.81,86,116.32,0.009145983183588426,4.344,62.42,0.004902918700237416,0.0004068320656883614,8999,8.058,43,1231,949,8,0,43313,15,23922,200,Port_Scan,1,NF-ToN-IoT-v2
Device_636,Sensor,826.55,396,136.45,0.008345727055963504,4.992,90.9,0.0004271544330511182,2.733366683407242e-05,9915,7.624,421,860,3116,11,0,30171,5,8469,331,Normal,0,NF-ToN-IoT-v2
Device_637,Sensor,800.98,196,195.88,0.0026133877282259813,1.322,17.67,0.0020323158472635655,0.0004431987237584007,7711,7.68,685,937,568,8,0,58826,5,19392,226,Normal,0,NF-CSE-CIC-IDS2018-v2
Device_638,Router,104.45,379,148.39,0.003379838016109599,3.624,92.21,0.0041921740542841725,0.0003429553657546332,1807,9.977,490,388,1204,8,8,63203,28,26771,150,Port_Scan,1,NF-BoT-IoT-v2
Device_639,Camera,576.86,61,132.31,0.005054190111962085,4.491,37.81,0.00217115977913958,0.000805801338442487,8593,1.491,566,409,3814,0,8,11859,1,20601,226,DDoS,1,NF-CSE-CIC-IDS2018-v2
Device_640,Router,463.98,427,73.67,0.0002412842321800815,3.092,45.55,0.0013832023325122886,0.000116041487311335,2544,3.95,253,1371,1841,11,8,45765,5,77811,331,Brute_Force,1,NF-BoT-IoT-v2
Device_641,Camera,118.71,442,16.56,0.009048629862208842,3.379,39.67,0.004989256967153825,0.0007626090156536623,8609,6.345,999,1937,2901,8,0,32967,28,62930,200,Normal,0,NF-ToN-IoT-v2
Device_642,Router,980.57,421,64.74,0.0005390077043671583,2.335,43.82,0.004378311959541338,0.0007168714278439667,6006,5.946,811,1717,2602,0,8,16338,28,21357,220,Port_Scan,1,NF-BoT-IoT-v2
Device_643,Router,214.7,476,156.01,0.0032921685810846997,3.536,29.62,0.0027777209403672975,0.00024936450450527487,3055,7.828,708,106,405,3,0,24910,2,17961,150,Normal,0,NF-ToN-IoT-v2
Device_644,Gateway,67.23,96,49.0,0.005734830432844427,2.28,71.37,0.0028523752576083763,9.243895165837913e-05,3027,0.564,484,1154,3561,8,0,19797,28,30265,530,Normal,0,NF-ToN-IoT-v2
Device_645,Router,594.85,118,145.32,0.005226629747207972,2.645,77.03,0.00013362850687950083,0.0008434151112981391,957,7.08,293,296,2581,0,8,16562,1,18404,226,DDoS,1,NF-CSE-CIC-IDS2018-v2
Device_646,Actuator,738.87,489,120.16,0.00657915293897616,0.963,83.2,0.0049068734463272486,0.0002569357423174643,2820,7.403,217,942,197,3,0,25025,2,59198,200,Data_Exfiltration,1,NF-CSE-CIC-IDS2018-v2
Device_647,Gateway,32.44,406,42.65,0.00532244973541267,0.535,37.42,0.004050846293346709,0.00015410451851002727,3122,0.705,169,1045,2989,8,0,1724,5,31733,226,Data_Exfiltration,1,NF-BoT-IoT-v2
Device_648,Router,658.72,234,59.71,0.0023671141144600404,0.748,77.64,0.0002799738617686814,0.0003654462358940602,8968,5.433,734,1810,3315,8,0,33947,5,68712,331,Normal,0,NF-CSE-CIC-IDS2018-v2
Device_649,Sensor,532.29,491,104.3,0.0020906740591593318,1.366,65.58,0.0009640179415798667,0.00040687399542246156,478,2.525,640,1138,2788,0,0,21219,28,79980,425,Port_Scan,1,NF-ToN-IoT-v2
Device_650,Actuator,103.27,490,89.49,0.009081745983847436,2.555,96.0,0.004123053028457381,0.0003328270999822872,8508,8.036,385,1860,275,3,0,17251,15,1776,226,DDoS,1,NF-BoT-IoT-v2
Device_651,Actuator,172.52,257,157.93,0.0027132706936823666,0.594,45.35,0.0005256411865326074,0.0009767163013818818,6158,0.591,861,1637,3653,3,8,48299,1,19174,150,Port_Scan,1,NF-CSE-CIC-IDS2018-v2
Device_652,Actuator,567.97,78,149.54,0.0028816746154071834,1.202,99.27,0.004714750064796879,0.0008820124626033866,7518,1.547,16,259,648,3,8,33745,1,28906,220,Port_Scan,1,NF-BoT-IoT-v2
Device_653,Gateway,296.36,129,119.17,0.004188233671393412,4.017,75.34,0.004999466204538064,0.0008742457414944978,5063,1.134,37,1739,1500,3,8,46475,28,6991,220,DoS,1,NF-CSE-CIC-IDS2018-v2
Device_654,Router,938.32,76,166.23,0.0014804394387847423,3.93,78.75,0.004443520766943432,0.00040477991461556224,4951,0.746,421,2020,420,8,0,32762,1,25431,331,Brute_Force,1,NF-BoT-IoT-v2
Device_655,Router,818.74,70,116.91,0.005122001159790081,4.054,7.44,0.003720629547851832,0.0009632409433411084,3089,6.041,903,162,2564,3,8,13522,2,30007,150,DoS,1,NF-CSE-CIC-IDS2018-v2
Device_656,Sensor,983.57,453,193.23,0.006683814440851102,4.647,52.25,0.002487683520726988,0.0006871751433287807,3930,8.699,296,1065,3570,0,0,20024,28,49204,220,Normal,0,NF-ToN-IoT-v2
Device_657,Sensor,259.67,336,51.27,0.007881404871565932,1.036,55.19,0.0005039049241021305,0.0008336747220180261,5503,5.159,435,2028,1164,0,0,41625,15,28834,200,Data_Exfiltration,1,NF-BoT-IoT-v2
Device_658,Actuator,969.72,417,145.69,0.007143396994455869,1.234,8.86,0.003679186536026789,0.0005058663738038184,9798,2.185,320,1955,3418,8,0,43032,5,40580,226,Normal,0,NF-ToN-IoT-v2
Device_659,Sensor,431.23,200,80.29,0.0015615960443946108,2.001,34.65,0.0020446392547366437,0.00016901112026735884,6950,3.504,737,1623,1814,0,0,10715,1,34427,331,Data_Exfiltration,1,NF-ToN-IoT-v2
Device_660,Gateway,347.52,479,63.0,0.0046150647352121476,4.618,95.79,0.0028941202926187045,0.0008880166499348298,9582,3.668,626,1991,1764,11,8,49934,5,50707,200,Normal,0,NF-BoT-IoT-v2
Device_661,Router,50.35,198,44.27,0.0004820033880009665,3.99,45.48,0.001537613333093978,0.0004915624719784526,2039,4.571,534,576,1773,8,0,37065,15,39383,331,Brute_Force,1,NF-CSE-CIC-IDS2018-v2
Device_662,Actuator,52.77,160,114.98,0.0002762001675373979,1.959,22.74,0.0012865644466222331,0.000968869359994345,4794,4.263,299,275,3745,11,8,8038,15,60616,150,DDoS,1,NF-CSE-CIC-IDS2018-v2
Device_663,Sensor,692.01,295,50.94,0.004457291140910626,0.894,53.77,0.0016890550973673842,0.0002623124012884993,7425,6.744,574,1281,600,3,8,62049,2,14221,331,Normal,0,NF-BoT-IoT-v2
Device_664,Gateway,457.93,453,48.07,0.0026043088951305275,3.274,8.21,0.004087757314727194,0.0009924552015169123,7815,3.465,694,259,2532,11,8,6732,15,45051,530,Botnet,1,NF-CSE-CIC-IDS2018-v2
Device_665,Gateway,226.52,411,198.2,0.006865271869246292,1.656,54.02,0.0021898085467818434,0.00023020043515242756,8527,6.663,923,276,214,8,8,58831,15,15320,220,DoS,1,NF-ToN-IoT-v2
Device_666,Sensor,613.97,105,162.33,0.007269983789452785,2.89,61.46,0.0016273687686164863,0.00037448509044323475,7727,5.513,797,1984,1819,3,0,61876,1,85107,150,Brute_Force,1,NF-CSE-CIC-IDS2018-v2
Device_667,Router,252.86,321,152.17,0.008964496873126731,4.738,38.98,0.0022215549466471115,0.0005980763576956768,4295,0.58,16,475,2614,0,0,45927,5,71383,425,Port_Scan,1,NF-ToN-IoT-v2
Device_668,Sensor,577.63,318,160.87,0.0076307568840364845,3.077,77.44,0.0002582080931376947,0.0006963898285926502,2886,9.205,981,1972,3801,8,0,3550,1,17034,331,Normal,0,NF-BoT-IoT-v2
Device_669,Actuator,359.21,272,194.1,0.0005776168190517628,4.657,17.89,0.004463960985795378,0.0007230793473163432,1477,1.862,395,646,3723,3,0,57152,1,4681,200,Normal,0,NF-BoT-IoT-v2
Device_670,Sensor,823.55,106,118.92,0.0037790678025419002,2.269,88.43,0.0028036316399177035,0.00048148988483849483,2855,4.57,277,1764,951,8,8,23920,28,66281,150,Normal,0,NF-CSE-CIC-IDS2018-v2
Device_671,Gateway,820.7,462,51.85,0.0028029311823460088,3.35,95.77,0.0006136485128912593,8.605868729546088e-05,2183,9.481,649,918,3059,3,0,19834,28,8327,425,Botnet,1,NF-ToN-IoT-v2
Device_672,Sensor,477.35,122,173.82,0.0039227112532888965,4.523,5.12,0.0015131939665507627,0.0005010876701989403,4509,2.549,283,1868,806,8,0,59502,2,60343,425,Normal,0,NF-ToN-IoT-v2
Device_673,Router,350.82,485,151.12,0.0016847490237901458,3.146,85.06,0.004919408469501095,0.00034134107301103233,6670,0.319,639,856,2626,8,0,57466,2,24202,150,Normal,0,NF-CSE-CIC-IDS2018-v2
Device_674,Camera,362.56,134,88.72,0.0010672706265368753,3.267,53.08,0.003005981389379223,0.000661079052928536,4712,4.951,999,1516,1672,8,0,55349,15,39497,331,DDoS,1,NF-BoT-IoT-v2
Device_675,Sensor,805.71,465,99.98,0.005257746970833167,3.723,48.83,0.0015278839458092426,0.00019045282832405442,6207,2.317,86,967,3758,8,8,38358,2,82678,331,DDoS,1,NF-ToN-IoT-v2
Device_676,Router,328.18,472,88.14,0.0072317749775773045,4.469,27.67,0.0021890937406933712,0.00039997320150383936,4204,5.862,207,1776,2446,11,0,56525,2,78158,530,Normal,0,NF-BoT-IoT-v2
Device_677,Router,209.06,445,186.69,0.007048917929126235,0.897,47.5,0.0013665264192331411,0.0009664579624605278,3649,8.189,875,413,2695,3,0,55462,15,43128,425,Botnet,1,NF-ToN-IoT-v2
Device_678,Gateway,84.69,141,75.27,0.0045643487895446495,2.016,95.29,0.00025584085988574406,9.797872523799938e-05,4252,5.161,663,1247,1499,3,8,37853,5,68109,150,Normal,0,NF-CSE-CIC-IDS2018-v2
Device_679,Router,466.69,427,193.06,0.005270561964260567,2.29,25.02,0.004225947157545065,0.0006063108163617487,7757,6.486,563,670,3390,8,0,43442,15,3182,226,Normal,0,NF-CSE-CIC-IDS2018-v2
Device_680,Router,482.13,462,182.95,0.00521165435283555,4.594,22.01,0.0015331453443691804,9.97417467580504e-05,5578,6.695,477,553,1305,8,0,45033,15,49878,226,DDoS,1,NF-ToN-IoT-v2
Device_681,Router,840.91,426,129.8,0.006946546739903757,4.802,27.98,0.0042082126203895585,0.0001654256993805602,2741,8.223,743,873,271,0,0,48915,5,86179,220,Normal,0,NF-BoT-IoT-v2
Device_682,Router,221.24,130,120.17,0.0005744592419646385,1.042,57.42,0.0024449296268982245,0.0006088850447269266,5125,6.91,592,1633,3896,3,0,50111,15,8628,150,Normal,0,NF-CSE-CIC-IDS2018-v2
Device_683,Actuator,380.99,206,80.32,0.0071279714778251175,1.036,93.38,0.0009961837210433733,0.00044955556735200856,7864,9.764,131,1925,3425,11,8,64088,28,44558,530,Botnet,1,NF-BoT-IoT-v2
Device_684,Actuator,808.41,303,13.48,0.005863788917497147,4.707,59.52,0.004029156596702827,0.0005530140069806688,2212,4.616,400,1908,2963,3,8,21514,2,37983,226,Normal,0,NF-ToN-IoT-v2
Device_685,Gateway,823.62,491,34.25,0.0020612762752485847,1.831,28.13,0.001947846257173393,0.0008810734488891418,3600,0.598,136,2016,2688,3,0,58750,15,44309,530,Normal,0,NF-CSE-CIC-IDS2018-v2
Device_686,Sensor,384.61,131,153.3,0.0005856826520880187,1.588,46.84,0.00356787302025244,0.0008190678400858628,6087,4.001,346,189,1372,3,0,60889,1,33313,200,Botnet,1,NF-CSE-CIC-IDS2018-v2
Device_687,Router,459.12,291,99.59,0.0011744251265230954,0.66,42.09,0.004202425378240789,0.0008891016349342277,7724,8.415,170,1311,3651,0,8,53756,2,23677,150,Normal,0,NF-CSE-CIC-IDS2018-v2
Device_688,Sensor,303.29,394,38.47,0.0052944442800507705,1.74,9.42,0.004818629716084883,0.0006200923716298302,9301,1.417,969,1905,2819,11,0,41523,28,67311,226,Brute_Force,1,NF-CSE-CIC-IDS2018-v2
Device_689,Sensor,932.55,269,60.15,0.007608244447903701,3.621,53.51,0.0005204912096725855,0.0004947467380168741,1729,7.386,163,578,1718,8,0,49876,28,61705,530,Normal,0,NF-BoT-IoT-v2
Device_690,Gateway,118.64,48,190.09,0.0034131071425325616,2.417,16.97,0.00014109376101814294,0.0004646056059622217,9141,5.403,199,537,3837,11,0,39989,15,34982,331,Normal,0,NF-BoT-IoT-v2
Device_691,Router,933.75,63,79.76,0.0038533267159816947,2.826,85.01,0.0027872824094599923,0.0007424104706602196,7461,9.017,968,852,2789,8,8,41206,5,36226,200,Normal,0,NF-CSE-CIC-IDS2018-v2
Device_692,Router,683.87,483,182.46,0.009348049508956513,4.628,57.15,0.0013947807131875006,0.0005260868795417134,6360,7.339,739,198,2343,8,8,51780,1,66637,220,Port_Scan,1,NF-CSE-CIC-IDS2018-v2
Device_693,Camera,531.57,170,67.88,0.0022088295319225024,1.016,85.24,0.0023985987697435237,0.0001147111082995966,7022,6.639,48,1935,1729,11,8,46598,15,1217,226,DDoS,1,NF-ToN-IoT-v2
Device_694,Sensor,32.66,298,113.21,0.0011271193032959812,0.821,95.82,0.00045602756706492655,0.0001505196338176787,7266,8.88,822,53,1052,0,8,55435,5,82449,331,Normal,0,NF-ToN-IoT-v2
Device_695,Sensor,475.6,209,13.89,0.003499760126620178,4.334,94.6,0.002557786328699462,0.00036351194003676356,578,9.091,765,98,944,0,8,16257,28,12591,200,DDoS,1,NF-ToN-IoT-v2
Device_696,Actuator,407.75,285,109.16,0.007484628982973511,3.987,14.54,0.000711792700572888,7.714513825147682e-05,1410,3.911,494,741,2715,8,8,62310,2,2579,200,DDoS,1,NF-ToN-IoT-v2
Device_697,Camera,161.22,25,131.02,0.006298165181455706,1.687,94.76,0.004209080015175351,0.00024683890726533093,2243,9.286,103,643,2443,0,0,24980,28,58870,220,DoS,1,NF-BoT-IoT-v2
Device_698,Actuator,656.41,414,54.52,0.004216374849758736,1.959,80.6,0.003821485332918638,0.000659836844681411,513,0.642,548,879,3772,0,0,59897,15,6111,425,Botnet,1,NF-CSE-CIC-IDS2018-v2
Device_699,Actuator,971.15,182,120.0,0.009651050075035122,1.896,78.88,0.0004629605332644865,2.2306009174274092e-05,9948,7.649,6,1762,2923,0,8,50399,5,7177,530,Port_Scan,1,NF-CSE-CIC-IDS2018-v2
Device_700,Actuator,562.19,257,132.96,0.007376464739116276,3.415,13.56,0.0041981167381668774,0.0006080519369256831,4036,3.432,711,1667,270,0,8,47684,15,80222,425,Brute_Force,1,NF-CSE-CIC-IDS2018-v2
Device_701,Gateway,714.75,392,140.51,0.0007124281013946085,0.775,22.05,0.0016922966128806508,0.0007746333539698118,8287,4.925,12,618,1713,8,0,51546,28,29621,331,Normal,0,NF-ToN-IoT-v2
Device_702,Gateway,68.45,227,157.52,0.0074718512941550795,2.702,97.64,0.0018290127400989215,0.00017845221401578638,1494,8.374,103,919,2472,0,8,54110,1,80082,226,DDoS,1,NF-CSE-CIC-IDS2018-v2
Device_703,Actuator,417.67,96,69.15,0.00033798170346799767,1.102,25.27,0.0009810375137836516,0.00018915887757038453,2723,6.407,699,48,1438,11,8,22901,28,71311,150,Normal,0,NF-BoT-IoT-v2
Device_704,Camera,116.36,91,117.88,0.006538200898862315,4.189,21.06,0.004192990195313142,3.856780284834586e-05,2390,4.629,833,690,2484,11,8,17611,15,17234,200,Normal,0,NF-CSE-CIC-IDS2018-v2
Device_705,Sensor,612.8,71,196.5,0.0021837800792973215,2.213,39.42,0.002083058242857281,0.0005173255384451269,738,1.723,690,793,1188,8,0,8824,5,9221,226,DoS,1,NF-ToN-IoT-v2
Device_706,Camera,938.48,296,180.65,0.006994777869471822,2.874,91.77,0.00033929576633353714,0.0006580416813039901,452,9.399,427,286,2655,3,8,6435,15,8795,150,Brute_Force,1,NF-CSE-CIC-IDS2018-v2
Device_707,Router,661.78,51,191.01,0.003166817709813182,0.632,50.24,0.004834623176348199,0.0004623404862637727,239,3.392,171,1243,1557,0,0,22804,2,61403,425,Normal,0,NF-CSE-CIC-IDS2018-v2
Device_708,Gateway,76.8,21,83.37,0.008742762448760093,0.762,92.46,0.0013538473484082248,0.00039555432152994964,8543,1.101,689,359,2242,11,0,60724,2,67264,226,Normal,0,NF-BoT-IoT-v2
Device_709,Sensor,354.67,330,159.52,0.003435446982255459,3.538,36.76,0.004687268661741713,0.0004598686891207306,8960,5.685,89,1435,592,3,0,45309,5,19456,226,Data_Exfiltration,1,NF-CSE-CIC-IDS2018-v2
Device_710,Sensor,550.66,243,127.78,0.006234988968502541,3.95,26.52,0.0015760679769691265,0.0007837129365374087,3942,4.122,716,2029,1564,11,0,38910,28,3286,200,Normal,0,NF-CSE-CIC-IDS2018-v2
Device_711,Router,403.21,338,25.72,0.002930682840574484,3.695,52.04,0.004173990314020759,4.317916427190539e-05,8608,5.946,439,377,1335,11,0,8850,15,57178,200,DDoS,1,NF-BoT-IoT-v2
Device_712,Router,833.64,140,166.56,0.009180493296907564,3.817,63.47,0.0033546755130500344,0.0007859803752242823,4118,2.412,347,271,3510,3,0,59394,2,67753,226,Normal,0,NF-CSE-CIC-IDS2018-v2
Device_713,Actuator,814.67,124,138.65,0.007831860212178908,0.971,42.19,0.004320288816748867,0.0006696786945101234,3026,3.849,855,1528,1483,0,8,29883,1,67344,226,Normal,0,NF-CSE-CIC-IDS2018-v2
Device_714,Gateway,611.83,227,47.79,0.002508698475811571,3.621,37.87,0.004882978134844197,0.0002490122886158457,6992,9.728,211,338,1663,8,8,23888,2,34292,425,Normal,0,NF-BoT-IoT-v2
Device_715,Gateway,373.46,146,25.15,0.00949308745433073,1.318,25.72,0.004370270048937403,0.0005294923289777804,7342,9.372,725,207,4094,8,0,27997,28,47630,220,Normal,0,NF-CSE-CIC-IDS2018-v2
Device_716,Camera,255.34,115,169.03,0.0036358601368046595,0.941,31.13,0.0020779592913501,5.879776394592008e-05,1152,8.657,434,344,141,8,8,50275,5,13943,150,DoS,1,NF-ToN-IoT-v2
Device_717,Actuator,105.87,188,24.99,0.006553462981905157,3.907,68.95,0.004091067059326298,0.0003857927836359082,3663,7.813,533,937,1799,0,8,12744,1,39265,331,Normal,0,NF-CSE-CIC-IDS2018-v2
Device_718,Actuator,354.9,25,27.36,0.007454246988032525,4.502,40.14,0.003587088970504756,0.00018230205428636353,9415,1.65,600,575,104,0,8,31137,15,25956,331,Normal,0,NF-CSE-CIC-IDS2018-v2
Device_719,Actuator,413.17,481,91.21,0.00032673139850263185,3.725,12.58,0.0004018579870751017,3.2077382160447444e-05,1443,4.723,525,366,2369,11,8,39068,15,65916,220,Botnet,1,NF-CSE-CIC-IDS2018-v2
Device_720,Actuator,675.82,251,35.61,0.009593776726956738,4.125,18.12,0.004655824478914358,0.00036351860278830626,669,7.306,426,1434,1268,8,8,63689,5,34724,425,Normal,0,NF-BoT-IoT-v2
Device_721,Gateway,658.16,343,183.6,0.0035099689302649124,4.96,40.38,0.0023832093489714727,0.0007288512932204914,7790,2.691,996,1689,353,8,8,9075,1,65412,226,Normal,0,NF-ToN-IoT-v2
Device_722,Gateway,70.11,390,99.35,0.00197881104496912,1.106,92.83,0.000758807771911654,0.0009218116486848202,4016,0.427,120,867,1212,11,8,41656,1,65349,226,Botnet,1,NF-CSE-CIC-IDS2018-v2
Device_723,Actuator,395.26,396,118.14,0.008522007138112131,4.843,41.01,0.0021843526762709152,0.0006656408779597433,9292,4.239,911,1595,3991,11,0,12616,1,54448,220,Normal,0,NF-CSE-CIC-IDS2018-v2
Device_724,Camera,181.78,235,186.34,0.007058702899951803,3.205,10.76,0.0030553921010952395,0.0004079504268490866,3023,4.309,178,931,2735,3,8,63527,5,58683,331,Botnet,1,NF-CSE-CIC-IDS2018-v2
Device_725,Sensor,156.81,490,110.75,0.0009587583989711906,4.16,44.71,0.0029074360129111567,0.0009995011512778588,4645,0.744,129,732,1555,3,8,13617,5,12471,200,Normal,0,NF-CSE-CIC-IDS2018-v2
Device_726,Sensor,827.3,251,77.18,0.0012587413556300186,3.426,68.54,0.002916488869252884,0.0002901140730192082,4025,3.274,563,1388,1322,0,0,8906,15,38808,200,Port_Scan,1,NF-CSE-CIC-IDS2018-v2
Device_727,Camera,41.92,417,161.46,0.0071803995194711255,3.065,61.39,0.001353612487443495,0.00019526011838109876,3352,9.181,418,1195,1587,8,0,55442,2,12742,425,Normal,0,NF-CSE-CIC-IDS2018-v2
Device_728,Actuator,419.18,466,94.14,0.0008403542339949315,3.666,31.49,0.003200242002163826,0.00046904544653365886,7658,2.578,554,1838,2825,11,0,36757,28,85909,226,Normal,0,NF-CSE-CIC-IDS2018-v2
Device_729,Gateway,168.2,150,70.51,0.009180036807728244,1.941,70.37,0.004546332685510548,0.0005098623012873897,3492,5.735,318,1340,2663,8,8,49393,15,5299,150,Normal,0,NF-BoT-IoT-v2
Device_730,Sensor,879.33,395,147.41,0.00744124735578157,4.659,64.91,0.0020044680381028435,0.000361275146242893,2717,4.93,607,1398,774,0,0,53426,1,54874,331,Botnet,1,NF-CSE-CIC-IDS2018-v2
Device_731,Router,557.04,208,162.31,0.003421372839073189,1.019,21.36,0.0031898433848385377,0.0006985440882548669,6035,8.635,242,300,1024,8,0,29744,2,23654,530,DoS,1,NF-BoT-IoT-v2
Device_732,Router,231.38,121,160.43,0.0036930939143308486,1.931,20.4,0.0012955363343355062,0.00019202576780893494,4455,6.57,928,837,886,11,0,51379,28,76107,150,Normal,0,NF-ToN-IoT-v2
Device_733,Camera,502.43,136,195.76,0.005114311352420605,0.64,56.98,0.000336576998924639,0.000515236362153298,2113,1.668,356,217,3773,11,0,63354,1,31290,226,DDoS,1,NF-BoT-IoT-v2
Device_734,Actuator,731.49,30,159.47,0.003673597195120548,1.721,67.65,0.002970083683205085,0.0005051256889157804,2027,1.514,573,141,2185,11,8,31381,5,81490,425,Botnet,1,NF-ToN-IoT-v2
Device_735,Sensor,958.12,156,156.29,0.007856338659239325,1.482,96.38,0.00033299403070760674,0.0008255485584548229,5432,5.619,861,798,3826,0,8,56176,2,76719,425,Normal,0,NF-ToN-IoT-v2
Device_736,Actuator,220.45,98,172.92,0.009749895746605996,0.723,45.08,0.003645564515110319,0.0009276985167731968,6358,0.56,438,66,68,11,8,43965,5,53948,331,Normal,0,NF-ToN-IoT-v2
Device_737,Sensor,886.18,312,10.04,0.005886763002838112,2.713,77.67,0.003384728219228644,0.000666633214973553,4647,3.996,458,1991,887,3,0,62190,28,69670,200,DoS,1,NF-CSE-CIC-IDS2018-v2
Device_738,Camera,934.3,415,78.86,0.0045157695439085365,2.609,16.07,0.0019096925926164454,0.00031231787443129473,7015,4.05,442,1899,181,11,8,42299,28,31229,425,Data_Exfiltration,1,NF-CSE-CIC-IDS2018-v2
Device_739,Camera,916.42,212,150.14,0.00230546398865535,0.85,89.51,0.002115321537275111,0.0006927149096696081,3819,2.044,981,1277,2855,8,8,9935,1,68389,530,Normal,0,NF-BoT-IoT-v2
Device_740,Router,635.41,426,123.95,0.006568990850553223,1.678,65.15,0.004597028588738769,0.000258857417948096,9843,3.08,228,1677,724,11,8,55504,5,46517,200,DoS,1,NF-ToN-IoT-v2
Device_741,Actuator,629.82,425,43.74,0.006887210931972432,4.79,64.76,0.00016435476506300743,0.0009668789465747422,1782,3.366,408,1828,1401,11,8,56807,15,97,425,Normal,0,NF-BoT-IoT-v2
Device_742,Router,403.21,457,67.71,0.006883387009442202,0.998,18.53,0.0028601865660326607,0.0008241384978918857,484,0.216,923,1569,1288,8,8,40182,15,25937,150,Port_Scan,1,NF-ToN-IoT-v2
Device_743,Actuator,752.4,94,73.99,0.000367151855098074,1.873,8.76,0.004624469516098871,0.0004368783529113776,4808,8.078,277,1801,3996,0,8,15878,5,12619,331,Normal,0,NF-CSE-CIC-IDS2018-v2
Device_744,Router,531.29,176,117.89,0.009001308796538663,0.661,71.64,0.004578537514071024,0.0007865000819701803,3136,9.579,18,829,1630,0,8,10870,28,43310,425,Normal,0,NF-ToN-IoT-v2
Device_745,Gateway,677.44,393,168.0,0.003447254977948849,1.17,16.12,0.0029648132427409933,0.0004145690889082891,7123,2.964,756,1154,2860,0,0,58804,2,59981,530,Port_Scan,1,NF-ToN-IoT-v2
Device_746,Gateway,428.46,477,187.17,0.00746724104856793,3.647,17.06,0.00196802699465703,8.386405719195038e-05,4752,1.209,311,662,2541,0,0,23070,5,24358,226,Port_Scan,1,NF-CSE-CIC-IDS2018-v2
Device_747,Gateway,731.5,81,152.52,0.007622088380293168,2.15,22.81,0.0005846272790286326,0.0007097011842705994,4545,9.54,324,41,730,11,8,49027,1,71138,220,Normal,0,NF-BoT-IoT-v2
Device_748,Gateway,824.47,307,170.16,0.006540494290241172,2.534,14.29,0.0009515425986805174,0.0004105676946981562,489,7.431,47,1640,1797,11,8,29020,15,41467,425,Brute_Force,1,NF-CSE-CIC-IDS2018-v2
Device_749,Sensor,146.44,494,99.32,0.004009178579128493,1.206,64.41,0.003430399440497941,0.0009310166186160232,3018,8.922,822,240,3754,3,0,61958,1,53795,425,Port_Scan,1,NF-CSE-CIC-IDS2018-v2
Device_750,Gateway,832.93,18,84.06,0.006123003746483603,3.57,45.09,0.00018150701066786237,0.0003134956021859938,2213,3.673,530,1691,2270,0,8,48874,2,27395,425,DDoS,1,NF-BoT-IoT-v2
Device_751,Camera,540.3,290,84.61,0.000497967043452978,3.882,30.28,0.004429079324399114,0.0008448994932400474,1242,4.892,896,69,2792,8,8,65501,15,13285,425,Normal,0,NF-CSE-CIC-IDS2018-v2
Device_752,Camera,844.67,482,127.05,0.007642768342660273,1.315,46.87,0.002980878903714829,0.0006836334667546965,845,9.309,713,2010,3436,8,8,57730,15,12363,220,Botnet,1,NF-ToN-IoT-v2
Device_753,Sensor,431.3,490,33.6,0.0010859276184505553,0.702,85.19,0.00032121864509734437,0.0008547913699666124,6251,4.65,500,125,1507,8,0,5400,15,17437,530,DoS,1,NF-CSE-CIC-IDS2018-v2
Device_754,Gateway,379.04,267,120.1,0.004027834165416058,0.864,93.07,0.0012748603589389995,0.00029896305832261997,1830,6.754,765,1288,3393,8,0,50593,1,14989,530,Normal,0,NF-BoT-IoT-v2
Device_755,Gateway,915.06,284,136.38,0.0011258259978831691,3.457,51.31,0.0030115844617815074,0.0004667319492854577,4485,7.078,192,918,1149,3,0,25376,28,75650,220,Botnet,1,NF-BoT-IoT-v2
Device_756,Gateway,251.17,247,93.39,0.008387037013609036,1.11,58.84,0.00027444620075309413,0.0008248977211230759,4223,8.387,49,1218,1079,3,8,33374,1,6844,425,Data_Exfiltration,1,NF-BoT-IoT-v2
Device_757,Router,844.21,29,191.1,0.005547993695015997,2.723,29.43,0.003921938269593035,0.0006473806309926881,3330,9.754,94,870,2772,3,0,29015,28,39556,226,Port_Scan,1,NF-CSE-CIC-IDS2018-v2
Device_758,Actuator,484.02,499,125.56,0.006940455689675797,1.187,53.79,0.0046076181274699556,0.0003663226805003813,2614,3.416,931,683,1249,0,8,42877,5,50583,530,Port_Scan,1,NF-ToN-IoT-v2
Device_759,Router,514.1,242,51.8,0.0068575634814418696,1.266,76.07,0.004809979927179493,0.0005168756694522071,1869,2.55,749,273,3221,11,0,3109,15,5888,220,Normal,0,NF-BoT-IoT-v2
Device_760,Actuator,308.47,499,101.05,0.008431901693419194,0.52,51.75,0.003694930309812573,0.0009961371134196428,8399,0.869,734,713,1100,8,0,16749,1,41764,530,Normal,0,NF-CSE-CIC-IDS2018-v2
Device_761,Gateway,573.04,230,138.33,0.0014124370931168334,1.944,33.7,0.004298444807113634,0.0007444295154597432,2586,8.58,167,129,3410,8,0,45436,2,80256,150,DoS,1,NF-CSE-CIC-IDS2018-v2
Device_762,Gateway,325.21,335,71.49,0.006631308590008354,0.904,60.29,0.003092466565415708,0.0006183774262522288,4398,2.998,494,2000,480,3,0,31869,2,6652,200,Data_Exfiltration,1,NF-CSE-CIC-IDS2018-v2
Device_763,Router,39.27,26,25.13,0.005793827138596209,2.273,94.93,0.0023468639562537145,0.0008296322666291806,9068,0.591,254,1438,1211,0,0,63235,28,38851,220,Port_Scan,1,NF-BoT-IoT-v2
Device_764,Router,272.0,389,120.85,0.0004058815134560223,3.19,89.36,0.003594360291523815,0.00044761003538444844,8092,8.666,954,610,933,3,8,40111,28,71077,200,Port_Scan,1,NF-BoT-IoT-v2
Device_765,Actuator,6.38,98,190.1,0.002094086797345745,2.154,78.08,0.0011984852548872055,0.0009505633646002186,6544,5.148,57,1344,3130,8,8,4041,15,53005,425,Normal,0,NF-CSE-CIC-IDS2018-v2
Device_766,Camera,978.35,495,102.16,0.002748958259644386,3.673,31.24,0.0006379431983581962,0.0005565010164087352,6121,8.399,6,647,679,8,8,9176,28,11477,425,Normal,0,NF-CSE-CIC-IDS2018-v2
Device_767,Actuator,965.75,205,182.16,0.000818308116748745,3.837,27.95,0.003833069783031603,0.00033360342813002565,6146,5.589,974,172,3184,3,8,50276,2,40429,150,Normal,0,NF-ToN-IoT-v2
Device_768,Router,395.16,359,168.65,0.0036117260783981348,3.635,84.66,0.004795115285630758,9.515977779591595e-05,8729,3.206,238,234,1090,8,8,40764,1,8831,331,Normal,0,NF-BoT-IoT-v2
Device_769,Router,728.37,93,38.01,0.0003693048362832094,4.715,22.23,0.002929648728407315,0.00038193826705475127,9326,1.385,733,1543,997,11,0,41450,1,47664,530,Port_Scan,1,NF-CSE-CIC-IDS2018-v2
Device_770,Sensor,345.81,396,144.55,0.0055765165733515235,1.568,62.53,0.0024644576178895154,0.0005729519932662047,936,4.428,224,1459,3134,11,0,14528,28,52340,425,Normal,0,NF-BoT-IoT-v2
Device_771,Router,671.09,96,92.74,0.0021938595097398942,1.353,46.7,0.0027185807332337037,0.0007062156573459118,4802,0.363,590,2046,825,3,8,63568,28,14113,331,Normal,0,NF-ToN-IoT-v2
Device_772,Sensor,805.43,316,57.55,0.002941330744541066,3.244,49.46,0.0024444745034856792,0.0008763655259819626,741,6.064,20,448,1852,11,8,45933,2,65757,226,Normal,0,NF-CSE-CIC-IDS2018-v2
Device_773,Camera,946.76,347,140.52,0.009113669099095712,3.177,48.18,0.002266781377768467,0.0009445212269705767,3274,4.334,818,833,1810,11,8,62918,5,72351,200,Normal,0,NF-BoT-IoT-v2
Device_774,Actuator,400.21,163,151.11,0.005077886806322903,2.795,90.5,0.004740474901316443,0.00011142930771931647,1908,1.501,777,1361,2694,3,8,30029,1,44265,226,Botnet,1,NF-BoT-IoT-v2
Device_775,Actuator,783.3,449,44.18,0.002763237919319717,0.52,13.27,0.002450839636528417,0.0006048959361378367,7753,5.349,204,977,334,3,0,3644,28,59444,220,Normal,0,NF-ToN-IoT-v2
Device_776,Sensor,265.93,237,183.74,0.0060247714066558565,2.999,79.38,0.000497401960968495,0.0006699237526713957,6353,8.029,142,168,1637,3,0,4224,15,44562,226,Normal,0,NF-BoT-IoT-v2
Device_777,Actuator,990.33,457,152.72,0.0020965472051882065,4.698,84.33,0.0038510317274441583,0.00018034317882342524,3975,9.751,376,806,3288,11,8,31749,28,63087,425,Normal,0,NF-CSE-CIC-IDS2018-v2
Device_778,Router,25.77,273,187.34,0.0008365172890654303,2.006,94.57,0.002018651856698782,0.0005501446734607809,8934,5.321,407,936,3452,8,8,28646,28,81405,150,Brute_Force,1,NF-ToN-IoT-v2
Device_779,Gateway,603.53,474,70.24,0.0003069729085626598,4.854,48.0,0.0035823983741695297,0.0003414852992244724,8994,1.383,816,649,2069,0,0,2026,1,12240,226,Normal,0,NF-CSE-CIC-IDS2018-v2
Device_780,Sensor,659.51,232,188.47,0.009520137549224938,2.105,52.51,0.0029398898619145924,8.664315866605424e-05,2948,8.126,994,953,790,8,0,32201,28,85335,425,Normal,0,NF-ToN-IoT-v2
Device_781,Actuator,688.05,430,80.02,0.007273647159016852,1.129,96.32,0.0035945823192636674,7.520733125547078e-05,3712,6.988,80,1185,497,3,8,20,15,14273,220,DDoS,1,NF-CSE-CIC-IDS2018-v2
Device_782,Sensor,120.39,130,20.25,0.008019486668094586,2.293,48.55,0.0004037703894748298,0.0007616208506388177,7162,9.544,210,1828,585,8,0,15554,15,39956,220,Normal,0,NF-BoT-IoT-v2
Device_783,Sensor,938.53,490,154.96,0.009811085508970436,2.726,52.84,0.000265979281072333,0.0006193008973533014,9140,5.399,768,656,2723,0,8,47954,15,18423,150,Brute_Force,1,NF-ToN-IoT-v2
Device_784,Gateway,181.18,420,143.67,0.00932312416379305,3.333,36.56,0.0019548539617705914,0.0007179704614480648,2654,3.635,312,865,2980,8,0,57371,2,31017,200,Port_Scan,1,NF-CSE-CIC-IDS2018-v2
Device_785,Router,622.75,182,123.6,0.007395440666511408,2.772,8.0,0.0034965140753275095,0.0006884253729910293,6420,9.632,377,1171,3057,3,8,10689,15,84672,331,Normal,0,NF-CSE-CIC-IDS2018-v2
Device_786,Sensor,222.68,13,103.08,0.006970471991211262,2.915,46.14,0.0011960443818393712,0.0001429691767813948,1562,5.431,40,169,4026,0,0,5018,1,56579,150,Normal,0,NF-CSE-CIC-IDS2018-v2
Device_787,Actuator,307.22,351,16.11,0.003434814969660229,0.608,67.23,0.002223663518016603,0.00016004960395849026,6062,0.257,353,446,2601,11,8,44523,5,61246,331,DDoS,1,NF-ToN-IoT-v2
Device_788,Camera,546.46,137,128.67,0.0011297707927715112,1.641,70.54,0.004905970293467575,0.0002599588869650454,6911,4.789,453,1216,873,8,0,23455,28,30210,150,Botnet,1,NF-ToN-IoT-v2
Device_789,Sensor,417.19,483,89.2,0.005779853228839003,1.898,5.62,0.001152885317134993,0.00040510958109504287,610,0.124,423,651,2857,11,8,45707,28,13671,150,DDoS,1,NF-ToN-IoT-v2
Device_790,Sensor,160.23,489,116.44,0.005804907621377064,4.942,81.1,0.004254922962679682,0.0009397844626882557,2256,7.403,714,279,1286,11,0,62272,28,53180,226,Normal,0,NF-CSE-CIC-IDS2018-v2
Device_791,Gateway,170.94,481,91.57,0.009527149125615865,1.83,51.78,0.004144758335574863,0.000677153437769115,3019,5.703,86,1934,499,0,0,34221,15,9451,226,Normal,0,NF-CSE-CIC-IDS2018-v2
Device_792,Router,418.14,119,193.55,0.004481450985950923,4.535,54.47,0.004467625707916044,0.00026262021510553427,5291,1.187,555,1189,2797,11,8,59626,15,36647,226,Normal,0,NF-ToN-IoT-v2
Device_793,Camera,757.28,364,124.78,0.006938995480630077,1.871,96.37,0.004584194543781057,6.542426080906653e-05,6732,8.149,236,557,2328,11,8,10663,15,11446,150,DoS,1,NF-ToN-IoT-v2
Device_794,Actuator,897.96,46,152.35,0.005792209211227546,0.932,32.02,0.0025858689427508477,0.0006873816914983094,9024,5.411,993,1645,1597,8,8,64092,5,34246,226,DoS,1,NF-BoT-IoT-v2
Device_795,Camera,84.13,489,187.91,0.001849926268100388,1.614,77.36,0.003441475537658321,0.0006290652861078916,1337,1.229,890,1326,2151,0,0,21640,5,33802,425,Normal,0,NF-BoT-IoT-v2
Device_796,Actuator,393.1,80,122.4,0.005961436646773676,1.728,59.6,0.003132565468876902,0.0006790057841785156,1580,1.684,415,256,761,3,0,10321,5,56366,150,Brute_Force,1,NF-ToN-IoT-v2
Device_797,Router,100.25,298,12.29,0.005447155422691919,4.902,71.58,0.0016138478477912292,0.000268567857517994,2110,8.239,582,1176,1576,3,8,22845,5,75536,226,Normal,0,NF-ToN-IoT-v2
Device_798,Actuator,16.59,40,16.52,0.004989669339702621,3.534,44.69,0.001470959172158066,0.0005217935850531097,6997,3.619,356,766,855,0,8,26988,5,82161,331,DoS,1,NF-CSE-CIC-IDS2018-v2
Device_799,Gateway,661.72,448,143.44,0.0051828870431199015,4.693,31.52,0.0017736928505553474,0.00036808577337757415,5729,8.229,643,752,3716,11,8,45820,28,8399,200,Normal,0,NF-BoT-IoT-v2
Device_800,Gateway,602.45,390,63.03,0.001723480922392818,4.257,56.88,0.0011704428868376914,0.0008195219495562878,4857,0.788,644,1994,1336,8,0,53987,28,41612,226,Normal,0,NF-CSE-CIC-IDS2018-v2
Device_801,Gateway,163.02,277,120.08,0.004688429539183612,3.104,40.62,0.0038111793974146975,7.870269549748123e-05,7590,2.514,248,494,3220,11,8,61839,5,65596,220,DDoS,1,NF-ToN-IoT-v2
Device_802,Gateway,233.81,20,48.43,0.0060959673910338085,3.539,26.18,0.004826407055289928,0.00028268737154721953,2835,7.669,667,947,2791,3,8,22370,28,73761,425,Port_Scan,1,NF-CSE-CIC-IDS2018-v2
Device_803,Camera,23.71,353,61.35,0.00494554706698684,3.312,84.73,0.004352081535006584,0.0006069242067286654,4299,6.453,742,271,2515,8,0,31075,5,13208,200,Brute_Force,1,NF-CSE-CIC-IDS2018-v2
Device_804,Router,834.95,337,105.88,0.004937993331748859,3.498,50.2,0.0011679079800330648,0.0002131715393032813,7386,3.138,601,52,1116,0,8,50627,5,47,220,Port_Scan,1,NF-CSE-CIC-IDS2018-v2
Device_805,Actuator,974.69,41,195.36,0.0008674253269505593,1.691,85.49,0.00035438580648968117,0.0006759863016131456,6300,9.367,229,479,2148,11,0,33703,5,56344,200,Normal,0,NF-BoT-IoT-v2
Device_806,Actuator,135.46,66,127.09,0.001988664104965525,2.337,50.03,0.0038097601446536577,0.00014540477816815146,677,2.19,539,1852,2618,11,0,8426,28,37125,226,Normal,0,NF-BoT-IoT-v2
Device_807,Gateway,231.48,175,187.87,0.003277629658477457,3.167,57.9,0.002012047648952219,3.25841689559561e-05,8179,8.513,361,2010,3667,8,0,49186,2,67391,530,DoS,1,NF-BoT-IoT-v2
Device_808,Gateway,868.41,197,192.28,0.0042515352398664755,0.662,99.55,0.004140601819216903,0.000864859587516669,918,6.988,868,1384,1745,11,8,29310,2,24653,331,Normal,0,NF-BoT-IoT-v2
Device_809,Sensor,926.46,351,49.54,0.005979980694200183,2.673,95.39,0.003918255403273616,0.00034010995739320747,7288,1.299,750,479,2371,0,0,8530,2,6236,226,Data_Exfiltration,1,NF-ToN-IoT-v2
Device_810,Router,419.63,491,69.13,0.008647116534778301,4.369,30.81,0.0031645102347951375,0.00016528049323042202,4274,5.596,175,1660,3786,8,0,44987,1,19575,425,Normal,0,NF-BoT-IoT-v2
Device_811,Camera,50.62,28,156.3,0.0016757309070776743,2.716,87.52,0.0013511627384590373,0.00018098193548834183,1989,9.306,828,1995,3390,0,8,36293,2,34845,530,DoS,1,NF-ToN-IoT-v2
Device_812,Actuator,39.39,125,174.69,0.0002493714990858799,2.985,42.09,0.0006097752623677203,0.0008870364400942192,658,6.227,804,286,2100,0,0,26078,2,7796,150,Normal,0,NF-CSE-CIC-IDS2018-v2
Device_813,Sensor,573.95,477,108.65,0.004547447594681567,1.409,11.77,0.0013379767976750623,0.000657887092085344,3033,5.335,374,1217,3071,0,0,5978,2,24894,530,Data_Exfiltration,1,NF-BoT-IoT-v2
Device_814,Sensor,392.9,193,198.71,0.0043778186843751185,4.075,59.7,0.0025978225071927887,0.0009567828039241891,9911,3.727,942,334,3221,0,8,64770,15,7278,530,Normal,0,NF-CSE-CIC-IDS2018-v2
Device_815,Actuator,28.65,279,12.2,0.005563822063102207,2.115,97.82,0.004899368580647672,0.0008020399201441273,6931,7.909,61,1819,3699,11,0,24191,5,24775,220,Normal,0,NF-CSE-CIC-IDS2018-v2
Device_816,Camera,583.25,42,66.92,0.008348895536577855,4.805,97.56,0.0004120674769817574,0.0007698672581778875,6049,9.139,170,808,3946,8,8,60468,28,52125,200,Normal,0,NF-ToN-IoT-v2
Device_817,Sensor,11.3,19,128.4,0.008043369454726532,4.972,17.01,0.0010803528039980657,0.0005048224529793315,7743,7.558,507,1243,3789,11,0,11875,15,16061,331,DDoS,1,NF-CSE-CIC-IDS2018-v2
Device_818,Sensor,787.37,89,99.17,0.001090428515857111,4.622,78.27,0.0031736693426928832,0.000822596849719084,169,7.28,775,655,2745,3,0,10682,5,64141,220,Normal,0,NF-BoT-IoT-v2
Device_819,Router,306.43,201,32.15,0.00934655413009907,0.882,81.27,0.0015913855338684356,0.0004185260130574332,1289,2.006,414,1085,2028,0,8,12707,2,53960,331,Normal,0,NF-BoT-IoT-v2
Device_820,Camera,40.26,329,79.88,0.0011931025072770027,1.999,40.03,0.004306671067255433,0.000828730492062031,3002,8.356,818,1840,2523,0,0,17089,2,62166,220,Normal,0,NF-CSE-CIC-IDS2018-v2
Device_821,Sensor,588.35,199,14.83,0.006382248034488939,4.753,67.57,0.0007831432366214156,0.0007601638787702516,4440,0.503,116,1491,3523,3,8,4847,15,84140,226,Normal,0,NF-BoT-IoT-v2
Device_822,Camera,397.68,77,132.12,0.0067568223065962,4.12,51.38,0.004819471865561312,0.0006816542393400906,8975,7.598,175,1370,3535,3,8,20728,28,57679,530,DDoS,1,NF-ToN-IoT-v2
Device_823,Actuator,973.8,484,179.62,0.006830787123508574,4.6,26.65,0.0045706369684309816,0.0003364190241038221,5995,2.188,733,918,485,0,0,10532,15,39313,425,Normal,0,NF-CSE-CIC-IDS2018-v2
Device_824,Gateway,544.2,357,178.13,0.00272697659958637,3.076,77.32,0.0044488923744525335,0.0006344045209354746,7650,4.924,424,419,1022,11,8,45262,15,13924,150,Brute_Force,1,NF-BoT-IoT-v2
Device_825,Sensor,275.24,134,142.91,0.0033704164084734202,2.662,29.96,0.0009480383046407389,0.0005117197485273284,5797,6.983,128,711,2774,11,0,9316,5,57948,220,Port_Scan,1,NF-BoT-IoT-v2
Device_826,Router,709.44,436,98.5,0.00553190106397903,0.979,37.34,0.001714531008837957,0.00046692743825665065,4010,7.615,489,511,1420,0,0,38102,1,32426,530,DoS,1,NF-ToN-IoT-v2
Device_827,Actuator,271.49,345,107.29,0.0020759162084209738,4.278,23.05,0.0040400745269442845,0.000990343870049641,8362,8.892,5,639,3126,8,8,23851,28,21637,331,DoS,1,NF-BoT-IoT-v2
Device_828,Camera,904.24,68,36.01,0.0003010736315501771,3.853,73.33,0.004058259521243736,0.0005093538515321655,6084,2.898,326,166,1747,3,0,9791,28,42159,226,Port_Scan,1,NF-ToN-IoT-v2
Device_829,Actuator,374.72,445,74.79,0.0056652300996348996,0.765,48.58,0.003555359534514948,4.166634334963036e-05,7815,2.321,698,1093,1540,11,0,37298,15,77504,530,Port_Scan,1,NF-CSE-CIC-IDS2018-v2
Device_830,Sensor,549.87,106,45.67,0.004706257862918873,1.442,47.12,0.002295449319515383,0.0006302031903910752,9554,9.963,172,319,2110,8,0,238,15,39669,200,Normal,0,NF-BoT-IoT-v2
Device_831,Camera,50.57,284,166.03,0.006601638941612275,3.008,62.43,0.0016267874262998418,0.0007307307365773616,7847,2.155,199,1124,658,0,0,25723,2,70810,200,Normal,0,NF-CSE-CIC-IDS2018-v2
Device_832,Gateway,426.12,158,183.8,0.0015523357007532334,3.58,19.94,0.0048184938872904625,0.0008863320306235766,2255,6.688,231,777,1236,0,0,12805,15,7233,425,Port_Scan,1,NF-ToN-IoT-v2
Device_833,Actuator,832.36,287,112.02,0.00842515645643953,1.12,90.32,0.0007823851224528954,0.0006363578794555987,8056,9.532,800,1122,2281,11,0,15072,5,49423,226,Normal,0,NF-ToN-IoT-v2
Device_834,Sensor,805.65,274,148.28,0.0015475927357592205,1.602,49.19,0.00031439489871358495,2.9262546026523758e-05,9663,8.976,847,1623,1412,11,0,44868,2,11232,530,Port_Scan,1,NF-BoT-IoT-v2
Device_835,Router,224.32,18,33.08,0.008924301688312233,1.369,39.82,0.0001447395479503196,0.00012854689245308013,2015,4.488,627,1843,2893,0,8,20628,1,51719,425,DDoS,1,NF-ToN-IoT-v2
Device_836,Camera,226.08,466,125.62,0.0045502596086974606,1.49,17.04,0.0038976318572050733,0.00016962764866643358,8018,6.412,333,223,291,11,0,18488,5,21698,530,Normal,0,NF-CSE-CIC-IDS2018-v2
Device_837,Actuator,817.31,292,143.53,0.005543072067789679,4.643,20.96,0.00037785521523702343,0.00021914873949657523,4451,5.338,466,1175,3461,11,8,10395,28,59543,200,Brute_Force,1,NF-ToN-IoT-v2
Device_838,Actuator,930.4,282,96.03,0.008976155226043489,3.721,92.43,0.002739353661912369,0.0008017791281834531,7568,3.532,842,432,68,11,8,20052,28,51823,331,DDoS,1,NF-CSE-CIC-IDS2018-v2
Device_839,Gateway,95.36,437,56.22,0.0030691391799229635,3.817,48.38,0.0018997329612297819,0.0003166624495090798,7167,1.53,424,1455,215,0,8,4631,5,12315,425,DoS,1,NF-CSE-CIC-IDS2018-v2
Device_840,Gateway,450.06,310,176.7,0.0019000872627874,4.073,73.61,0.000819848661353814,0.00031923869954315204,5364,8.054,313,1578,2332,3,0,18546,15,65466,150,Normal,0,NF-ToN-IoT-v2
Device_841,Router,337.45,17,151.15,0.0045129410461125915,2.105,12.65,0.003728917885747295,0.000758031566567951,5895,0.995,523,940,220,8,8,14939,15,27650,425,Data_Exfiltration,1,NF-CSE-CIC-IDS2018-v2
Device_842,Router,870.69,217,180.97,0.002519235562424297,3.952,66.13,0.0003695334721152793,0.00041831220877614254,9839,6.135,424,689,3393,3,0,6474,15,18249,530,Brute_Force,1,NF-CSE-CIC-IDS2018-v2
Device_843,Sensor,83.52,411,165.5,0.00532565472424914,4.903,92.54,0.0016601298090687165,7.399313663426497e-05,4555,5.984,616,1069,3141,0,8,62654,28,16225,226,Normal,0,NF-ToN-IoT-v2
Device_844,Sensor,211.13,134,198.17,0.0028250528579987326,3.643,33.5,0.0028547370045584456,0.0005892751813030287,7791,3.415,175,1601,2401,8,8,60949,5,5225,150,Brute_Force,1,NF-CSE-CIC-IDS2018-v2
Device_845,Router,752.47,132,46.51,0.008658446402395024,2.375,60.02,0.0020718370444456355,0.00013876700963960355,1313,1.441,898,1771,3339,0,0,37229,15,62379,150,Normal,0,NF-CSE-CIC-IDS2018-v2
Device_846,Router,51.29,42,26.48,0.006112513463351487,3.724,94.32,0.0013698261734300806,0.0005759476371694874,6539,8.016,987,1653,2389,3,8,36333,2,20331,226,Normal,0,NF-CSE-CIC-IDS2018-v2
Device_847,Camera,492.54,10,74.03,0.00010238263045473244,4.554,73.34,0.004637404923059629,0.0007818417265456814,9152,4.673,948,500,4035,0,8,28193,28,69328,220,Data_Exfiltration,1,NF-CSE-CIC-IDS2018-v2
Device_848,Gateway,442.11,213,34.51,0.008074189973330264,1.079,10.92,0.004661754903643454,0.0009301947409540005,9281,7.28,374,924,1068,11,0,54520,5,80615,331,Brute_Force,1,NF-CSE-CIC-IDS2018-v2
Device_849,Sensor,334.4,15,109.39,0.0033691021335888445,1.694,40.98,0.002138863244085209,7.638208087974626e-05,3023,0.263,632,185,944,11,0,19317,5,26101,226,DDoS,1,NF-CSE-CIC-IDS2018-v2
Device_850,Gateway,394.57,306,130.28,0.0032700590431340754,4.637,13.15,0.0020293476421309573,0.0003109269179248658,1532,0.838,237,1225,3269,3,0,35876,5,49551,331,DDoS,1,NF-CSE-CIC-IDS2018-v2
Device_851,Gateway,529.94,448,119.87,0.003892321840131227,4.758,86.83,0.0016061867326848346,0.0006559393431778871,440,1.841,748,988,3970,11,0,63784,5,22894,530,Normal,0,NF-CSE-CIC-IDS2018-v2
Device_852,Router,161.37,14,59.26,0.0063395990280324,2.679,64.06,0.004293205345270567,0.0003222984728163413,7481,1.227,968,710,3724,3,8,33232,1,57205,150,Normal,0,NF-CSE-CIC-IDS2018-v2
Device_853,Camera,572.0,452,182.68,0.004476401032902809,2.185,95.86,0.0028827849013750313,0.0004565153550811083,1298,1.998,817,1441,3582,0,0,10226,2,49762,150,Normal,0,NF-CSE-CIC-IDS2018-v2
Device_854,Actuator,805.43,89,14.02,0.006323491911040055,1.773,6.88,0.0005386588432220305,2.988995391885308e-05,9759,6.896,443,728,1046,0,0,43854,1,59015,220,Normal,0,NF-BoT-IoT-v2
Device_855,Camera,760.16,283,76.12,0.0015531291441943445,2.744,45.19,0.004281271445280001,0.0006965630261002217,4396,0.565,38,337,1058,3,8,54492,15,13406,150,Port_Scan,1,NF-ToN-IoT-v2
Device_856,Camera,153.9,186,146.61,0.009704628198788449,4.705,14.91,0.0027209427227893033,0.0008844473301968927,8286,0.475,784,1680,2457,8,8,27361,1,34360,226,Normal,0,NF-BoT-IoT-v2
Device_857,Gateway,149.25,347,155.72,0.007323102242130253,1.174,38.3,0.002136399840118951,0.0009770910513348253,4293,0.413,888,1711,3251,3,8,35688,1,13253,530,DDoS,1,NF-CSE-CIC-IDS2018-v2
Device_858,Camera,268.17,330,89.06,0.0025770503610659918,2.389,20.38,0.0017555382238534337,0.0008322280154662054,8213,7.007,856,1373,1800,8,0,49962,28,74195,331,Normal,0,NF-ToN-IoT-v2
Device_859,Sensor,361.07,348,13.21,0.007269282089940282,4.602,36.24,0.0005871902925334299,4.145849979963943e-05,9583,5.408,763,385,1686,3,0,5909,5,34788,220,Normal,0,NF-CSE-CIC-IDS2018-v2
Device_860,Gateway,408.46,447,127.43,0.00579275201699023,2.071,82.83,0.00478784056636426,0.0006553354284950415,5034,3.765,983,938,2691,0,8,22362,1,62590,425,Normal,0,NF-CSE-CIC-IDS2018-v2
Device_861,Sensor,679.7,454,21.99,0.0011809710643947951,3.956,20.27,0.003732093235614278,0.0005007026538507312,8643,6.789,887,1266,2017,11,8,6629,5,39103,226,Port_Scan,1,NF-ToN-IoT-v2
Device_862,Actuator,56.68,145,30.49,0.0018641446252024485,2.252,50.0,0.0007457100591850054,0.0009385165382817762,6710,5.581,846,1950,676,3,0,16782,2,73021,331,DDoS,1,NF-CSE-CIC-IDS2018-v2
Device_863,Gateway,34.67,396,133.55,0.0005089506050225017,4.122,92.55,0.002605217213760688,0.0009031174760470454,9593,0.173,539,1758,2055,8,0,56852,1,53840,331,Normal,0,NF-CSE-CIC-IDS2018-v2
Device_864,Actuator,391.91,34,69.37,0.008111456909579344,4.915,99.88,0.002822318469152806,0.0009881657126383852,3187,8.402,842,829,2785,11,0,1075,28,50848,200,DoS,1,NF-CSE-CIC-IDS2018-v2
Device_865,Gateway,697.16,334,76.13,0.005561877050692827,2.245,28.81,0.0009226549094507034,0.0008633148820190659,6173,3.567,635,725,2424,8,8,43779,28,81758,200,DDoS,1,NF-CSE-CIC-IDS2018-v2
Device_866,Router,193.44,192,102.49,0.003235811621637098,4.303,93.88,0.002193385491425289,0.0005514232125185791,555,4.056,156,1510,3556,8,8,7598,15,22299,226,Botnet,1,NF-CSE-CIC-IDS2018-v2
Device_867,Camera,641.5,177,195.93,0.0013508145300791805,4.948,29.83,0.0032641559657246386,0.0007177515102560046,5953,7.845,729,1722,1989,8,8,31633,1,23922,220,Port_Scan,1,NF-ToN-IoT-v2
Device_868,Router,259.83,476,193.43,0.004892054172007754,4.927,44.29,0.0014916518018923243,0.0009650304640028746,3350,1.952,194,885,1670,8,0,18246,2,79402,331,Normal,0,NF-BoT-IoT-v2
Device_869,Actuator,886.09,347,89.09,0.005300087332507595,2.452,88.4,0.0017248838789607468,0.0005823355604889267,9449,0.2,813,223,236,3,0,27855,5,45605,331,Normal,0,NF-ToN-IoT-v2
Device_870,Camera,895.69,187,60.44,0.007049290159707003,2.686,79.69,0.0006979395376185396,0.0008415793951421408,357,9.097,161,624,1256,11,8,50037,1,27067,226,Normal,0,NF-ToN-IoT-v2
Device_871,Gateway,297.29,382,67.49,0.009702378383426205,1.865,86.46,0.002124879157196205,0.0009427877773608393,581,5.104,640,1390,1190,11,8,21922,15,5413,220,Normal,0,NF-BoT-IoT-v2
Device_872,Camera,229.99,104,61.07,0.0044059607510330105,1.913,81.02,0.0029609006950706437,0.0005748323143363061,4830,3.56,828,936,291,11,0,13771,28,82841,425,DoS,1,NF-CSE-CIC-IDS2018-v2
Device_873,Sensor,411.3,42,111.13,0.004119738645284256,2.716,27.33,0.0006709751494266532,0.00016756270361937515,1496,8.209,690,1899,3268,11,8,18950,1,36216,150,Botnet,1,NF-BoT-IoT-v2
Device_874,Camera,240.53,120,125.3,0.003762307045442213,1.402,58.09,0.003112443358291674,0.00016400775920881225,5518,0.36,126,999,3707,0,0,11432,15,32628,425,Normal,0,NF-BoT-IoT-v2
Device_875,Sensor,672.38,155,102.87,0.008286546698771925,3.7,41.6,0.0020491867522887805,0.00012416400242628025,5271,2.103,686,1051,2050,0,0,50825,2,13477,220,Data_Exfiltration,1,NF-CSE-CIC-IDS2018-v2
Device_876,Camera,826.06,390,87.52,0.001647540491852455,2.913,48.67,0.0034230930465149597,0.00048155994847219087,6173,1.637,547,929,3792,3,0,27325,5,59157,150,Normal,0,NF-CSE-CIC-IDS2018-v2
Device_877,Sensor,673.09,450,50.14,0.0035037477459873853,4.541,19.63,0.0016427011800324474,0.00048534016249002676,7159,7.405,239,1616,1298,11,0,26560,2,14828,530,Normal,0,NF-ToN-IoT-v2
Device_878,Actuator,824.35,240,101.68,0.007277210968266371,4.148,35.0,0.00288564626762886,0.0006211974764874917,6555,3.19,41,847,1196,0,8,38027,2,55250,530,Normal,0,NF-ToN-IoT-v2
Device_879,Router,396.99,281,74.81,0.0002553798598902202,1.951,86.48,0.0031027339564730265,0.0004880440859795391,6302,7.752,186,598,2304,11,0,39258,5,53476,331,Normal,0,NF-CSE-CIC-IDS2018-v2
Device_880,Gateway,156.32,345,112.9,0.0029648691636963774,2.776,90.27,0.003483486255816109,0.0009733244653291847,6278,0.511,461,1903,3492,3,8,50843,1,17513,200,Normal,0,NF-BoT-IoT-v2
Device_881,Camera,737.95,47,138.29,0.006450326911271628,3.877,62.96,0.003809001019332766,0.00029839771239296346,747,6.12,695,1122,3830,8,8,20537,5,53135,200,Normal,0,NF-BoT-IoT-v2
Device_882,Router,360.47,434,130.33,0.0019409257702079667,1.369,52.34,0.0007681233785095491,0.0008750784592892075,1711,3.25,389,658,584,3,0,28343,15,18881,530,DoS,1,NF-BoT-IoT-v2
Device_883,Gateway,671.27,144,97.87,0.003096834634330285,0.642,72.72,0.004829689436781359,0.00010932712334102273,3984,1.951,261,143,3779,0,8,16125,2,63335,226,Port_Scan,1,NF-CSE-CIC-IDS2018-v2
Device_884,Gateway,270.64,343,115.65,0.004911846237383969,4.335,62.84,0.004233862536703433,0.0006058985012563632,5082,8.186,406,702,489,0,8,657,5,11739,530,Brute_Force,1,NF-CSE-CIC-IDS2018-v2
Device_885,Sensor,81.23,244,64.12,0.004278033303099903,1.119,98.45,0.0028553620347332243,0.0006518419651859382,3686,4.181,546,1162,3053,0,8,64960,28,51632,425,Normal,0,NF-CSE-CIC-IDS2018-v2
Device_886,Actuator,992.58,446,14.61,0.0011496691805582507,4.502,23.06,0.0044627584668139545,0.0007745078253106865,7773,5.759,449,57,2185,3,8,52408,5,42697,220,DoS,1,NF-BoT-IoT-v2
Device_887,Actuator,156.2,328,128.75,0.009388529690330763,4.611,47.66,0.0019739215431056716,0.0005079919908157486,6180,0.428,699,1032,3231,3,8,55473,5,76174,220,Botnet,1,NF-CSE-CIC-IDS2018-v2
Device_888,Router,988.42,377,57.99,0.0005384979337627185,2.573,92.23,0.000268004102870054,0.0002052540241550495,858,7.937,401,653,3264,3,0,20438,15,35505,150,Port_Scan,1,NF-ToN-IoT-v2
Device_889,Actuator,977.28,354,137.1,0.007522453288585898,4.131,91.9,0.003662453766252921,0.00037530763643780563,732,2.94,307,1121,406,11,8,26086,2,65595,530,Normal,0,NF-CSE-CIC-IDS2018-v2
Device_890,Camera,793.82,169,151.93,0.000807085433802459,2.134,52.06,0.004722386331841264,0.000279439901330673,7948,6.965,945,1469,434,0,0,31184,15,66000,226,Normal,0,NF-BoT-IoT-v2
Device_891,Actuator,659.42,47,184.03,0.004726228449948286,4.362,17.81,0.0008930878515189814,0.0004249144604788503,429,7.629,137,748,2512,3,8,54398,15,44311,220,DoS,1,NF-ToN-IoT-v2
Device_892,Router,577.81,159,192.04,0.0018365717873885694,4.211,82.42,0.0032549823403800436,0.0005346686246355733,5546,1.259,202,644,2995,3,0,58412,28,13832,226,Data_Exfiltration,1,NF-CSE-CIC-IDS2018-v2
Device_893,Actuator,866.1,409,12.0,0.0014968681846463604,0.853,60.59,0.0040857852471963526,0.0006288195884634769,8301,3.029,893,1555,285,11,8,55485,15,57672,150,Port_Scan,1,NF-ToN-IoT-v2
Device_894,Camera,289.44,317,198.17,0.0013463899677630784,3.122,78.45,0.004534828553026607,0.0008466707254675948,1084,7.262,655,1773,703,0,8,9577,15,19955,425,Brute_Force,1,NF-BoT-IoT-v2
Device_895,Sensor,467.68,38,139.77,0.00458258770328389,3.38,48.94,0.0014549860196644115,0.000910910217849752,768,2.399,621,1056,1599,8,8,31085,28,26055,331,Normal,0,NF-CSE-CIC-IDS2018-v2
Device_896,Router,619.39,153,132.27,0.005203300602934195,0.504,24.37,0.0007307956659851847,0.00046795547205235417,541,8.497,157,1791,2970,8,0,30912,1,64816,226,Botnet,1,NF-CSE-CIC-IDS2018-v2
Device_897,Sensor,411.19,85,12.89,0.001420506486074115,4.91,7.28,0.0013144655579920806,9.77847229826914e-05,3025,3.189,255,613,3640,0,0,35382,15,79393,200,Normal,0,NF-BoT-IoT-v2
Device_898,Sensor,427.49,154,173.63,0.00979601772963577,2.33,58.12,0.002930836040993764,0.0007990945377057034,4120,4.083,181,1717,1422,11,8,47397,5,3584,331,Brute_Force,1,NF-CSE-CIC-IDS2018-v2
Device_899,Sensor,330.28,238,37.64,0.0026518822799360088,2.828,20.3,0.004601768456828105,0.0004823861478889861,5777,1.087,409,490,2485,0,0,771,15,54979,220,Normal,0,NF-ToN-IoT-v2
Device_900,Gateway,564.23,73,169.09,0.004642529262067554,1.377,22.78,0.00295442547487268,0.0005509821353575485,8565,1.562,853,400,3621,8,0,31730,2,76518,425,DDoS,1,NF-BoT-IoT-v2
Device_901,Gateway,850.57,356,12.96,0.0022410686202588895,3.249,46.45,0.004606144374096383,0.0005998361985732091,4813,2.827,977,758,1094,3,8,18958,5,10725,150,Normal,0,NF-CSE-CIC-IDS2018-v2
Device_902,Sensor,201.53,354,132.73,0.004989834189950502,4.148,47.0,0.0038731814160869733,0.0006711890811545704,9318,0.584,731,1877,800,0,0,51348,5,69823,150,Normal,0,NF-CSE-CIC-IDS2018-v2
Device_903,Router,934.43,278,92.61,0.007584564166405303,3.137,31.07,0.0030321083744222653,0.0008911998514321828,2473,2.011,28,173,1476,8,8,63636,1,19792,200,Normal,0,NF-CSE-CIC-IDS2018-v2
Device_904,Camera,689.09,337,48.15,0.0052589099415155036,4.046,17.53,0.00020681269539031506,0.0009526247332580891,9849,4.149,663,45,2547,3,0,63738,2,27404,226,Normal,0,NF-CSE-CIC-IDS2018-v2
Device_905,Camera,823.27,193,30.44,0.0029279238201087468,3.79,94.77,0.001732071262593092,0.0009407676258677039,3226,3.862,871,1523,1203,0,0,47538,2,26044,200,Botnet,1,NF-CSE-CIC-IDS2018-v2
Device_906,Actuator,556.19,270,93.62,0.002559126426465987,1.569,17.51,0.00038155183040204063,0.0008113690157602041,3033,2.067,612,742,3238,11,0,40701,2,33136,226,Normal,0,NF-BoT-IoT-v2
Device_907,Router,779.52,277,33.43,0.00761345062164783,2.461,38.32,0.001678987516342739,0.0008903498310479648,8739,0.896,515,562,801,8,0,39125,15,39000,200,Normal,0,NF-BoT-IoT-v2
Device_908,Gateway,16.2,178,102.42,0.0012705579396900066,1.169,33.96,0.0004054341409763599,5.915822125887438e-05,3468,3.25,545,1465,628,3,8,21099,15,76681,200,Normal,0,NF-ToN-IoT-v2
Device_909,Sensor,818.38,268,128.79,0.003762668294618108,0.689,87.3,0.000922297721105306,0.000850621539790111,6616,7.479,199,858,4022,3,0,18381,5,70905,150,Normal,0,NF-CSE-CIC-IDS2018-v2
Device_910,Actuator,40.14,236,167.2,0.0015996788948734653,0.784,43.96,0.0021123609895878034,8.154258448548428e-05,3906,5.15,69,1205,1090,11,0,34850,1,67974,226,Normal,0,NF-CSE-CIC-IDS2018-v2
Device_911,Camera,889.91,42,138.94,0.002653960710015371,4.741,16.78,0.002622935252621605,0.0007487319685104436,5355,9.473,602,1829,1917,8,8,27004,15,11055,200,Normal,0,NF-BoT-IoT-v2
Device_912,Gateway,991.96,386,22.39,0.0016115640016010268,4.93,5.97,0.0011639942726349888,0.00017766998537772815,8166,1.485,17,862,607,3,8,8963,15,6198,425,Normal,0,NF-BoT-IoT-v2
Device_913,Gateway,294.07,223,68.41,0.008879047834570025,0.927,73.59,0.0036896291583641454,0.00036650934135382487,8361,2.152,849,1388,3905,11,8,59618,1,18343,425,Data_Exfiltration,1,NF-CSE-CIC-IDS2018-v2
Device_914,Sensor,210.32,59,64.72,0.007345851570229016,2.008,72.88,0.0029927866471483964,0.00019234184236271854,4685,2.875,879,1129,1167,8,8,49055,2,18914,220,Normal,0,NF-CSE-CIC-IDS2018-v2
Device_915,Camera,765.36,449,183.86,0.0056531797358381885,1.015,44.69,0.003489626600740061,0.0004490270202709047,4698,0.229,835,469,2747,11,0,39131,5,23788,425,DoS,1,NF-CSE-CIC-IDS2018-v2
Device_916,Router,253.03,402,174.88,0.0023218097027057774,4.254,17.0,0.0036905518373577246,0.0004176299693784539,5917,9.439,835,414,912,11,0,1163,15,9329,530,Brute_Force,1,NF-CSE-CIC-IDS2018-v2
Device_917,Gateway,865.56,498,80.33,0.00515124558927203,2.733,40.31,0.003661909659047015,5.7582215533016414e-05,216,4.509,546,946,2932,11,0,60981,1,18709,425,DoS,1,NF-BoT-IoT-v2
Device_918,Sensor,102.84,219,23.52,0.005256248743830967,3.296,61.04,0.004687546115864579,0.0008321929656517224,1913,4.868,776,1406,459,11,8,6941,1,72981,425,DDoS,1,NF-CSE-CIC-IDS2018-v2
Device_919,Router,125.96,443,179.88,0.005944996883973672,2.93,71.87,0.0012623796361818684,0.000855644630836481,1003,1.663,813,1321,3003,8,8,22792,2,72784,150,Data_Exfiltration,1,NF-CSE-CIC-IDS2018-v2
Device_920,Camera,979.15,38,178.76,0.0006948430565050414,3.696,12.43,0.001423762632233214,0.0007896321715649457,8785,8.74,60,836,452,11,0,4882,28,72658,150,Normal,0,NF-CSE-CIC-IDS2018-v2
Device_921,Gateway,673.84,48,172.4,0.009731729514847392,1.936,57.85,0.0005615852332105383,0.0008491305371989562,6305,6.957,184,1004,3395,11,8,45391,28,42535,150,Normal,0,NF-CSE-CIC-IDS2018-v2
Device_922,Router,846.89,356,170.57,0.004707845808943199,1.119,31.23,0.003003673151412405,0.0007533702449581798,3958,4.37,838,1712,1399,3,8,16285,28,18638,150,Normal,0,NF-CSE-CIC-IDS2018-v2
Device_923,Router,324.33,109,101.25,0.009272664563581123,0.579,63.64,0.0020364089874255406,0.0009381096009194123,2783,8.792,869,982,3471,8,0,5056,28,6298,200,DoS,1,NF-BoT-IoT-v2
Device_924,Router,676.48,182,43.71,0.00019710033566836595,2.506,66.57,0.0025313745152720376,0.0005806283276978071,4275,9.064,365,1700,3345,8,0,3693,15,24771,530,DoS,1,NF-CSE-CIC-IDS2018-v2
Device_925,Gateway,594.24,26,100.72,0.0025508281167895583,4.585,91.51,0.0009321251427992851,0.0005868161211203244,3830,0.59,918,436,1598,11,8,22060,1,77177,425,Port_Scan,1,NF-BoT-IoT-v2
Device_926,Gateway,603.15,65,103.97,0.0011295561461020227,1.874,43.99,0.0032803952277997766,0.0008613108093409395,6728,1.281,929,1052,2559,11,8,27926,5,57499,200,Botnet,1,NF-CSE-CIC-IDS2018-v2
Device_927,Actuator,682.53,235,103.09,0.00771920015581224,1.382,56.07,0.0031331948671333106,0.0003559213912514108,5241,0.374,434,917,108,0,0,26955,15,36238,425,DoS,1,NF-ToN-IoT-v2
Device_928,Camera,575.36,55,112.37,0.0032692379909876413,4.667,30.48,0.0013974436919668956,5.95815306605453e-05,5543,5.859,199,1478,2043,11,0,772,28,82831,150,Normal,0,NF-ToN-IoT-v2
Device_929,Sensor,429.06,76,58.95,0.008420875833315895,0.975,32.22,0.0023805417830877625,0.0007523568414441811,1640,2.258,753,1715,2515,8,8,723,5,71499,200,Normal,0,NF-CSE-CIC-IDS2018-v2
Device_930,Router,275.92,206,79.59,0.008340615120586984,0.733,9.37,0.004482074596725671,0.00026204328761625904,8188,8.465,232,998,2420,3,0,17602,5,7444,200,Normal,0,NF-BoT-IoT-v2
Device_931,Actuator,768.58,151,92.5,0.006711168448785042,4.457,32.18,0.003890145268196413,0.00047949345390966067,8059,4.713,723,1966,1928,8,0,29302,28,4195,226,Normal,0,NF-ToN-IoT-v2
Device_932,Sensor,226.27,332,34.91,0.006691239855085374,3.654,11.06,0.0012120249961403255,0.00024803543731775424,725,8.393,368,110,1871,3,8,49857,5,71703,220,Normal,0,NF-CSE-CIC-IDS2018-v2
Device_933,Actuator,692.35,32,96.52,0.0070315809515240375,2.399,96.57,0.0044063887772480565,0.0008288199435079166,6072,5.6,430,340,2338,11,8,13354,15,31856,226,Botnet,1,NF-CSE-CIC-IDS2018-v2
Device_934,Gateway,233.33,496,163.99,0.006770261962834768,3.886,64.31,0.00042983356976555994,0.0009587100354286823,6262,7.982,564,758,412,0,8,29651,2,42413,331,Port_Scan,1,NF-BoT-IoT-v2
Device_935,Router,625.33,103,167.33,0.003930392741075056,3.836,21.45,0.0021282499736715197,6.447287256458194e-05,6897,3.781,119,1088,2224,3,0,42241,15,79876,226,Normal,0,NF-ToN-IoT-v2
Device_936,Sensor,747.08,251,88.2,0.006859993681228606,0.68,16.09,0.0004925793149332407,0.00024103791514903166,4958,9.459,330,921,3165,8,8,60079,15,68695,220,Botnet,1,NF-CSE-CIC-IDS2018-v2
Device_937,Sensor,218.71,246,108.57,0.008984328995004351,3.543,40.16,0.004628649551513793,0.00019766650257715702,937,6.705,215,1483,2387,11,8,37305,2,52727,220,Brute_Force,1,NF-CSE-CIC-IDS2018-v2
Device_938,Sensor,59.94,454,16.39,0.0033924775695785745,3.384,34.23,0.0002994419649182124,0.0006764714776140518,2115,5.995,322,1761,3497,3,8,46375,28,19395,226,Botnet,1,NF-CSE-CIC-IDS2018-v2
Device_939,Sensor,130.97,416,138.14,0.00945440135952804,4.837,31.53,0.0008410774509287689,0.00043439161577758876,5256,3.588,149,1745,789,0,8,49762,28,22742,425,Normal,0,NF-ToN-IoT-v2
Device_940,Sensor,606.0,420,86.88,0.00023445772019782036,4.85,49.48,0.0045836957247991006,0.00046169904687908523,8363,9.378,408,1855,2198,0,8,63924,2,13418,530,Normal,0,NF-CSE-CIC-IDS2018-v2
Device_941,Actuator,849.45,63,94.64,0.003555917128825848,2.2,91.72,0.0029525724600130833,0.00016550829353653959,7334,3.444,688,1390,3571,0,0,32698,15,33892,226,Normal,0,NF-CSE-CIC-IDS2018-v2
Device_942,Router,45.0,147,176.0,0.0014077741771145282,3.154,58.96,0.003996421077971703,0.0004205872951144976,4848,8.375,377,1510,867,11,8,9923,1,17553,530,Data_Exfiltration,1,NF-CSE-CIC-IDS2018-v2
Device_943,Gateway,734.15,482,97.75,0.0013535363075457346,1.136,54.52,0.000180393125282796,0.00031019599781714866,163,4.103,781,744,2133,3,8,54206,5,27862,425,DDoS,1,NF-ToN-IoT-v2
Device_944,Gateway,341.32,342,14.03,0.008172751990714527,0.799,81.62,0.0021535658457210545,0.0006150790055239717,8321,7.695,320,982,448,3,0,9844,5,72032,331,Normal,0,NF-ToN-IoT-v2
Device_945,Gateway,478.53,281,53.22,0.009191846316026217,2.448,5.38,0.004923881588343976,0.00022506584644939375,4752,9.128,5,1467,1108,11,8,46755,5,8236,425,Botnet,1,NF-BoT-IoT-v2
Device_946,Gateway,928.86,50,100.37,0.007799806716906559,3.604,23.75,0.0029411134235477637,0.000618663227714787,6889,4.71,402,501,1775,3,0,7975,1,15217,150,Normal,0,NF-ToN-IoT-v2
Device_947,Actuator,331.97,107,90.64,0.009768495618026342,3.055,52.14,0.004263445664139602,0.00038396773994033576,7283,5.309,628,1570,554,11,0,25477,15,39383,220,Port_Scan,1,NF-BoT-IoT-v2
Device_948,Camera,465.34,192,173.47,0.00224165680464608,2.433,72.0,0.0048214414367947055,0.00035283161640811244,2425,3.37,203,596,1554,0,8,46477,28,34336,150,DDoS,1,NF-CSE-CIC-IDS2018-v2
Device_949,Router,13.68,137,113.01,0.0014939191308759358,4.182,51.08,0.0034566984942097922,0.00031250106781940354,5950,0.641,37,969,1543,3,8,53198,2,37975,425,DDoS,1,NF-ToN-IoT-v2
Device_950,Sensor,81.6,238,141.03,0.0052549674421921745,4.075,20.55,0.0017053892622965858,0.0006770951590855716,4472,6.56,54,1825,2884,0,0,11388,5,72108,331,Normal,0,NF-CSE-CIC-IDS2018-v2
Device_951,Camera,258.59,326,99.17,0.008307472385951918,3.794,93.35,0.0016121739779285558,0.0005667942213786461,6464,1.284,288,152,3126,11,8,30192,1,7609,200,Normal,0,NF-CSE-CIC-IDS2018-v2
Device_952,Gateway,27.85,95,93.53,0.0004944069992967911,0.847,36.22,0.000449259298594693,0.0008532044830021204,4865,3.605,284,181,2999,0,8,8036,2,26316,200,Normal,0,NF-BoT-IoT-v2
Device_953,Camera,631.38,265,94.79,0.009956100043898831,4.084,79.88,0.002196083299829887,0.00024919407579963604,7291,3.56,598,184,1767,8,8,13088,15,43614,425,Normal,0,NF-CSE-CIC-IDS2018-v2
Device_954,Router,426.4,218,88.08,0.006062234699132697,4.637,89.68,0.0045854081365472145,4.9718383617133096e-05,2979,1.595,45,1784,284,11,8,56683,1,70577,150,Botnet,1,NF-BoT-IoT-v2
Device_955,Sensor,548.15,224,112.33,0.009791523940595636,0.767,37.91,0.0024425058903105056,0.00019020324701953095,2288,6.7,284,1983,3729,8,8,40082,1,78888,530,Botnet,1,NF-BoT-IoT-v2
Device_956,Sensor,174.65,383,57.58,0.003714308169014392,2.308,85.3,0.004563875059621227,0.00034992280068558767,2881,1.829,833,1035,2076,11,0,60875,2,34614,226,DDoS,1,NF-CSE-CIC-IDS2018-v2
Device_957,Router,295.93,109,179.3,0.004634435823282534,4.948,72.52,0.00410399547281837,0.00018785844040543342,2245,7.806,582,1702,654,0,0,57514,2,71201,220,Normal,0,NF-CSE-CIC-IDS2018-v2
Device_958,Router,663.82,58,73.29,0.0075483782797341826,3.197,90.91,0.004922516855120739,9.26755707312965e-05,375,2.568,971,1311,1585,0,0,61749,5,7024,530,Normal,0,NF-ToN-IoT-v2
Device_959,Gateway,965.3,210,38.03,0.007947734460557054,2.811,28.87,0.004743706881271109,0.000450885088437873,1366,2.944,42,605,876,0,0,40648,15,28243,150,Normal,0,NF-ToN-IoT-v2
Device_960,Sensor,50.42,445,28.34,0.0024070272281673786,1.299,93.47,0.0035617680183596487,0.0006801643271149148,6676,3.503,417,1854,3294,8,0,23506,2,69817,226,DDoS,1,NF-CSE-CIC-IDS2018-v2
Device_961,Camera,890.38,267,12.55,0.009305030754446456,3.045,11.2,0.004368964705692277,0.0007540550592844377,4204,1.612,272,1118,206,0,0,2399,5,44199,331,Normal,0,NF-BoT-IoT-v2
Device_962,Actuator,576.88,489,90.34,0.008687488906163813,2.476,80.4,0.00376558073799864,0.0004047400514714175,2419,4.399,141,1348,1913,8,8,21339,5,42689,226,Normal,0,NF-ToN-IoT-v2
Device_963,Actuator,563.92,385,45.65,0.00028023250072166584,1.073,46.39,0.003546633121746867,0.00048326414860157783,131,0.895,917,99,4084,8,8,32091,2,79469,331,Normal,0,NF-BoT-IoT-v2
Device_964,Router,500.28,187,14.11,0.0013728242479663126,2.589,21.9,0.0036062419316992304,0.0007579157884410525,951,4.328,571,256,108,3,0,28539,1,84926,150,Normal,0,NF-CSE-CIC-IDS2018-v2
Device_965,Gateway,69.39,254,108.8,0.005011361353429968,1.24,12.54,0.0036331140092540136,0.0003591807520052616,8896,3.465,752,878,514,3,0,17758,1,29904,200,Port_Scan,1,NF-ToN-IoT-v2
Device_966,Actuator,89.88,132,139.2,0.004663459589720509,3.788,42.01,0.0019591531581215874,0.0007869185491552929,5968,3.449,47,1704,1323,3,8,50748,1,46155,425,Normal,0,NF-ToN-IoT-v2
Device_967,Sensor,600.91,351,26.29,0.007113069464844871,4.881,41.99,0.002175455838657662,0.0009677023049429802,7820,6.641,167,1509,1067,11,8,58339,5,44458,220,Brute_Force,1,NF-ToN-IoT-v2
Device_968,Router,340.96,180,97.57,0.0009881426229250369,2.613,26.85,0.0015409486799479169,0.0008816758171079666,1907,7.713,622,589,745,8,8,39052,1,54045,150,Normal,0,NF-CSE-CIC-IDS2018-v2
Device_969,Camera,917.27,342,151.29,0.006484067536301553,3.346,25.47,0.0008264768207895143,0.00045905938332015686,6295,3.624,126,1662,3360,0,0,31913,15,64890,530,Normal,0,NF-CSE-CIC-IDS2018-v2
Device_970,Router,406.59,145,197.3,0.006202062318232366,2.439,42.95,0.0023463726616375427,0.0005837233099400356,6431,2.694,472,1345,3543,3,0,11488,1,52935,200,Normal,0,NF-BoT-IoT-v2
Device_971,Camera,143.28,68,136.77,0.0024128340249326393,1.123,43.96,0.004509751517434185,0.0007192621227895059,6163,4.994,811,907,1381,11,8,33513,1,82085,331,Port_Scan,1,NF-BoT-IoT-v2
Device_972,Router,714.72,202,56.52,0.005469700246257155,4.867,47.02,0.003291197062427361,0.00035580743801181896,7511,7.898,923,278,3954,8,0,59153,5,62086,220,Normal,0,NF-CSE-CIC-IDS2018-v2
Device_973,Router,293.35,474,146.15,0.0022998513492602213,1.083,87.53,0.0003752837626187448,0.0008012457189765231,3662,6.481,621,1371,3415,11,0,30940,28,11173,226,Normal,0,NF-BoT-IoT-v2
Device_974,Router,525.47,277,123.61,0.001554537968296003,1.002,63.07,0.004074879728366795,0.00044254782532772565,3298,0.476,677,940,2060,0,8,21868,15,51190,150,Data_Exfiltration,1,NF-CSE-CIC-IDS2018-v2
Device_975,Camera,697.83,269,50.24,0.005774035853075299,2.566,6.94,0.004683467483365752,0.0008483731425194298,4604,4.851,370,323,3738,3,8,58086,5,6686,226,DoS,1,NF-BoT-IoT-v2
Device_976,Camera,900.26,382,171.71,0.009776995355175646,3.465,54.31,0.004164169955935176,0.0002621865559768048,8085,9.911,771,1535,3552,8,8,64327,15,58139,220,Normal,0,NF-CSE-CIC-IDS2018-v2
Device_977,Router,792.19,470,91.21,0.0024456401568002757,2.097,77.43,0.0036649529293631597,2.1264275769503965e-05,6834,3.596,588,245,2258,11,0,30832,15,52976,150,Normal,0,NF-CSE-CIC-IDS2018-v2
Device_978,Actuator,676.36,104,192.78,0.003617827878616004,1.366,10.36,0.0008355899394852752,0.0006363615120126514,7089,4.463,7,799,856,3,8,44280,1,6106,530,DoS,1,NF-CSE-CIC-IDS2018-v2
Device_979,Gateway,679.63,134,147.35,0.0026400749373014626,4.185,45.15,0.0018100994720376816,0.0004573702263181944,3047,2.945,698,1615,3717,3,0,26069,15,78321,150,Normal,0,NF-CSE-CIC-IDS2018-v2
Device_980,Gateway,945.92,50,132.47,0.002737952234300298,2.134,47.86,0.002869905752905348,6.922488584738466e-05,4223,5.027,276,636,3104,8,8,19904,1,68335,530,Normal,0,NF-ToN-IoT-v2
Device_981,Gateway,295.82,388,148.39,0.004101502128448139,1.374,95.63,0.00047661781895410866,0.0004927362295423448,4883,1.693,591,1002,3096,3,8,31791,15,28728,425,Data_Exfiltration,1,NF-CSE-CIC-IDS2018-v2
Device_982,Camera,1.11,263,100.84,0.00704836955544114,2.143,50.19,0.0006207240492653458,0.00017688414696729972,5699,2.545,65,1573,1558,11,8,19806,28,41187,226,Port_Scan,1,NF-BoT-IoT-v2
Device_983,Camera,271.95,16,105.99,0.00048416478790635695,1.465,76.24,0.004677844217854634,0.0006334516710542527,171,7.146,627,1956,1136,8,8,35923,15,15281,226,Normal,0,NF-CSE-CIC-IDS2018-v2
Device_984,Actuator,217.89,480,171.73,0.009575529537287046,2.838,33.78,0.0035431868470523196,0.00045059512186847536,9428,1.469,202,1248,80,8,0,51875,2,74755,530,Normal,0,NF-BoT-IoT-v2
Device_985,Gateway,661.83,225,139.38,0.0005581708069435503,3.507,79.03,0.0014479265256512502,0.0001794135043859024,5616,9.269,142,1042,212,3,8,48726,1,80643,530,Normal,0,NF-ToN-IoT-v2
Device_986,Gateway,633.71,78,180.48,0.008824406501251141,4.098,35.65,0.0017040655178306042,0.0004178195577399622,8334,3.149,975,1670,1642,0,8,26576,28,81453,200,Brute_Force,1,NF-CSE-CIC-IDS2018-v2
Device_987,Router,593.46,78,179.26,0.00895434317774379,1.524,45.85,0.00198370359097283,0.00024038172009569405,4460,5.793,98,1489,1299,0,8,53420,1,14387,425,Normal,0,NF-ToN-IoT-v2
Device_988,Camera,16.24,90,195.53,0.0052924429571560815,1.251,50.55,0.00046784933363571286,0.0006565658126681856,1931,3.286,817,105,1803,0,0,6025,28,46182,530,Brute_Force,1,NF-CSE-CIC-IDS2018-v2
Device_989,Gateway,728.78,39,143.04,0.0014562686033277779,0.588,93.0,0.0037219672937006975,0.00030219194030527304,145,4.833,217,1129,1079,11,8,59272,1,1749,226,Botnet,1,NF-ToN-IoT-v2
Device_990,Actuator,323.53,82,105.44,0.005694945108513745,1.526,10.08,0.0009664866592469076,0.0008237971765507901,8274,9.048,991,656,780,8,0,6061,2,28565,331,Normal,0,NF-ToN-IoT-v2
Device_991,Actuator,665.06,271,41.6,0.006323458383038213,0.608,23.7,0.00404508812162148,2.4021573436597163e-05,7492,0.779,586,695,2961,3,8,4240,2,57814,200,Botnet,1,NF-ToN-IoT-v2
Device_992,Gateway,556.58,98,144.02,0.008591813682290401,2.055,72.05,0.004244774905906974,0.0004093837967768719,6171,8.578,293,1318,3029,0,0,45817,28,59347,226,Normal,0,NF-ToN-IoT-v2
Device_993,Camera,342.73,412,65.4,0.0055538642201187404,1.156,59.87,0.003228327469394574,0.0006209096510320914,1775,5.62,508,1141,3198,3,0,52674,5,41381,150,Normal,0,NF-ToN-IoT-v2
Device_994,Actuator,134.58,217,63.76,0.004166023019443049,3.11,28.9,0.003872289222654674,3.2382201604671335e-05,7368,6.684,134,89,1623,0,0,14880,1,42345,226,Normal,0,NF-ToN-IoT-v2
Device_995,Router,94.42,222,55.27,0.008399082819155728,2.227,32.47,0.0009419923167616125,0.0002236834834988141,6481,0.653,262,1716,1632,0,0,26944,5,31187,425,Normal,0,NF-CSE-CIC-IDS2018-v2
Device_996,Actuator,831.52,331,176.27,0.009811422793790927,0.921,39.89,0.00292210101508612,0.00033414575993416534,6844,7.638,284,757,2050,3,0,33939,15,35053,530,Port_Scan,1,NF-BoT-IoT-v2
Device_997,Sensor,918.4,275,174.91,0.006486521731063541,2.299,47.78,0.003416316640786043,3.1626109036520805e-05,9561,1.365,102,1472,3856,11,0,27329,2,12331,220,Normal,0,NF-CSE-CIC-IDS2018-v2
Device_998,Sensor,649.79,409,129.88,0.008756431669297814,1.442,82.71,0.003341646846185961,0.0005512237978021638,6934,9.652,377,1867,1574,3,8,55421,1,5371,200,Normal,0,NF-CSE-CIC-IDS2018-v2
Device_999,Camera,103.43,302,99.87,0.006027477617007736,3.561,6.31,0.0006747204004515858,0.0006345597051936381,3123,8.013,206,1336,543,3,0,11151,2,67592,530,Normal,0,NF-BoT-IoT-v2
Device_1000,Gateway,402.03,216,137.7,0.006928901114962027,2.14,90.31,0.0017874740661521869,0.00023524702929490253,2890,4.979,653,1662,3920,11,0,32712,15,69905,150,Normal,0,NF-CSE-CIC-IDS2018-v2
Device_1001,Camera,728.94,342,125.37,0.006912854463734297,1.162,44.24,0.0016926838552634492,0.0005480479000550947,6443,9.249,13,239,1775,11,8,55181,28,66864,226,DoS,1,NF-CSE-CIC-IDS2018-v2
Device_1002,Camera,779.82,86,88.99,0.007077391169718628,2.073,26.9,0.002905381675724851,0.0009991356202659223,1112,1.774,761,1939,107,3,0,26240,1,34410,530,Port_Scan,1,NF-CSE-CIC-IDS2018-v2
Device_1003,Camera,118.22,297,82.13,0.003278033094893473,1.51,53.3,0.0038496619314519905,0.0008880500948698465,4689,9.917,123,1198,3800,11,0,2722,1,32905,530,Port_Scan,1,NF-CSE-CIC-IDS2018-v2
Device_1004,Camera,0.03,56,82.73,0.005799047823089953,4.081,67.67,0.002895892794234047,6.807422328448495e-05,3607,7.197,10,444,3591,0,8,24017,1,1383,220,Normal,0,NF-ToN-IoT-v2
Device_1005,Router,712.14,119,121.94,0.0059819422813405755,4.925,9.25,0.0037986544493931055,0.00013660363977216198,4902,1.074,592,1650,3646,11,8,60544,28,4250,200,Normal,0,NF-BoT-IoT-v2
Device_1006,Router,356.6,209,133.06,0.0032192091044609965,0.615,73.0,0.0005849412238251398,0.0004994592881358339,2171,5.412,167,1107,938,3,8,8874,2,83066,200,DDoS,1,NF-ToN-IoT-v2
Device_1007,Actuator,254.48,436,95.83,0.0035635384402662707,3.605,77.27,0.004402879585249659,0.00025274910371606783,7630,7.138,611,1072,2466,11,8,62456,28,68586,530,Normal,0,NF-ToN-IoT-v2
Device_1008,Sensor,12.9,219,194.05,0.0076462429736654765,1.688,20.79,0.002729423639884872,9.01595448050626e-05,2417,6.169,719,761,1787,8,0,28484,2,266,200,Brute_Force,1,NF-ToN-IoT-v2
Device_1009,Camera,540.3,385,25.93,0.005868966022110767,0.799,20.95,0.0002837434362891471,0.0002620089478182617,5447,4.297,151,771,3932,11,0,56394,1,64277,150,DDoS,1,NF-BoT-IoT-v2
Device_1010,Actuator,851.15,429,75.94,0.0015771903648353692,0.565,24.36,0.003251743714809889,7.056631669706453e-05,2275,2.557,37,835,1099,0,0,17893,28,41198,226,DoS,1,NF-BoT-IoT-v2
Device_1011,Sensor,957.63,163,89.62,0.008392606187960436,4.465,80.68,0.0026350012180790697,0.0005346133176944924,2472,2.458,889,450,419,8,8,40703,15,79196,150,DDoS,1,NF-BoT-IoT-v2
Device_1012,Gateway,565.74,19,13.22,0.008842831442035765,2.091,30.84,0.0011798108873579682,0.0004953476026339291,6902,9.277,776,1479,3006,0,8,35031,28,56372,331,Normal,0,NF-ToN-IoT-v2
Device_1013,Router,514.46,424,79.34,0.00471479736478236,4.975,80.61,0.0038456847471956376,1.6262892020588682e-05,5325,2.424,474,950,3272,0,8,39654,2,77863,226,DoS,1,NF-CSE-CIC-IDS2018-v2
Device_1014,Sensor,85.06,362,62.0,0.0021681835770269767,2.491,56.35,0.004674484430919102,0.00048769123168748994,9752,9.628,444,232,537,8,8,2284,1,15133,331,Normal,0,NF-BoT-IoT-v2
Device_1015,Gateway,548.87,166,106.15,0.009481304304508562,1.344,77.88,0.0016811489238331785,0.000524607095788381,6328,2.181,342,1473,3733,0,0,43103,2,52430,226,DoS,1,NF-ToN-IoT-v2
Device_1016,Sensor,379.98,270,73.92,0.008834468688743805,3.997,57.6,0.002520186845800208,0.0006096467036014829,5221,3.904,5,1497,2164,8,8,15542,5,16299,530,Normal,0,NF-CSE-CIC-IDS2018-v2
Device_1017,Router,607.14,86,147.97,0.0025193792887842014,4.669,36.9,0.0007280574936223025,0.0009703987271624394,8150,0.222,890,1557,3708,0,8,19343,1,51995,200,Normal,0,NF-CSE-CIC-IDS2018-v2
Device_1018,Router,388.73,266,106.89,0.0010463779893967043,4.17,91.52,0.004656018646153599,0.0009828655027814804,7832,9.041,226,1137,4062,3,0,59000,15,65405,150,Botnet,1,NF-ToN-IoT-v2
Device_1019,Actuator,240.3,480,34.65,0.004462470714736158,3.853,72.95,0.0016621006921342415,0.000531660017564114,9756,1.133,539,1695,2100,0,8,36034,15,35135,530,Normal,0,NF-CSE-CIC-IDS2018-v2
Device_1020,Camera,94.97,497,152.51,0.006796330166288023,2.006,50.99,0.0010544449501276765,0.0008467348306336847,5244,3.638,124,111,2224,8,8,25849,5,75588,331,Normal,0,NF-CSE-CIC-IDS2018-v2
Device_1021,Sensor,314.92,140,28.85,0.0018363469936774463,0.79,65.56,0.0024443005161703312,9.431411229040613e-05,9350,8.441,403,220,1903,3,0,63086,2,83901,200,Normal,0,NF-BoT-IoT-v2
Device_1022,Sensor,96.64,76,169.42,0.005180805318474306,1.406,63.51,0.00031208419855578565,0.0005358430762057747,6912,7.94,939,1535,1707,3,8,52670,15,75885,200,Normal,0,NF-ToN-IoT-v2
Device_1023,Gateway,176.9,464,186.97,0.004311613393297916,2.511,39.02,0.001338900473009384,0.0006821110586317221,9263,8.431,811,1211,1565,11,8,6215,2,40686,425,DoS,1,NF-BoT-IoT-v2
Device_1024,Router,987.34,237,71.26,0.00891645637281771,4.803,45.26,0.00043152290880791303,0.0005690815313738528,7924,9.15,35,859,3470,11,0,18399,1,27777,331,Normal,0,NF-CSE-CIC-IDS2018-v2
Device_1025,Sensor,444.1,172,185.97,0.004352709664790574,3.753,35.23,0.0007241186570215789,0.00023841378450964318,5555,9.12,237,1215,878,11,8,41877,28,39360,226,Brute_Force,1,NF-BoT-IoT-v2
Device_1026,Router,531.87,24,160.67,0.005384386297976873,4.227,99.95,0.0006495719992427537,7.203140644156484e-05,2604,7.728,468,785,3552,3,8,9143,1,48950,331,Botnet,1,NF-CSE-CIC-IDS2018-v2
Device_1027,Sensor,873.62,241,185.26,0.00955733334041804,1.748,60.11,0.004374857779587991,0.0003928025917294377,9190,5.866,499,857,1154,11,0,63539,2,60130,150,Normal,0,NF-CSE-CIC-IDS2018-v2
Device_1028,Actuator,995.57,204,136.59,0.0030669484821581896,3.577,13.75,0.0046591307553696774,0.0006511660728088912,1602,5.659,512,1649,2431,3,0,24047,5,58787,530,Normal,0,NF-ToN-IoT-v2
Device_1029,Camera,582.71,358,54.77,0.0029610102262252196,4.381,54.32,0.0024251586123227153,0.0009917959429190063,7142,0.228,823,1099,2745,11,8,27600,1,41236,220,Normal,0,NF-CSE-CIC-IDS2018-v2
Device_1030,Sensor,812.47,39,179.96,0.008015991291426224,2.657,9.75,0.0031890437304813914,0.00024416811687010676,8634,7.253,317,1217,3389,0,0,8346,15,62234,226,Normal,0,NF-CSE-CIC-IDS2018-v2
Device_1031,Router,326.94,368,45.01,0.00284763596282529,2.435,32.42,0.003509919296588692,0.00091861201061427,3960,2.344,303,1788,464,11,0,61759,1,47065,200,Normal,0,NF-ToN-IoT-v2
Device_1032,Actuator,305.74,347,50.48,0.00833547211372473,3.737,47.37,0.002017435291873095,7.757878553001135e-05,7958,8.304,102,1716,1387,8,8,57644,1,84483,425,Brute_Force,1,NF-ToN-IoT-v2
Device_1033,Sensor,402.7,340,61.5,0.001045802532680285,3.02,55.76,0.0019140312885101505,0.0009316793811847384,7619,5.583,589,1691,68,11,8,57538,1,56867,331,DoS,1,NF-BoT-IoT-v2
Device_1034,Gateway,672.51,436,67.81,0.0012014863483637373,4.969,97.74,0.003410288194195981,0.0008340431001913296,2960,9.874,312,541,3997,3,8,31769,5,13360,425,Brute_Force,1,NF-CSE-CIC-IDS2018-v2
Device_1035,Camera,682.19,325,107.75,0.00902310140421144,2.413,98.31,0.0019459011247016686,3.073589920452946e-05,1348,2.182,82,1568,3581,8,8,48354,2,28168,425,Data_Exfiltration,1,NF-BoT-IoT-v2
Device_1036,Sensor,315.24,495,145.56,0.00545404159657611,1.292,14.32,0.0029469466457958675,0.00030520352034777803,7183,7.262,658,726,1322,8,0,7564,5,41776,220,DoS,1,NF-CSE-CIC-IDS2018-v2
Device_1037,Actuator,133.21,305,185.98,0.007216261240272965,2.624,56.12,0.002624444772976143,6.044708714174819e-05,9500,5.521,193,1263,2098,3,0,39120,15,80780,425,Botnet,1,NF-CSE-CIC-IDS2018-v2
Device_1038,Gateway,632.4,458,26.8,0.0023303600294391886,1.558,82.63,0.002669856944414809,0.000995550812814264,5110,9.325,224,2000,2558,8,8,50589,2,371,331,DDoS,1,NF-CSE-CIC-IDS2018-v2
Device_1039,Actuator,128.33,422,191.33,0.0017461162469828723,3.026,27.58,0.00416385842809461,0.0004335655645379385,6405,2.733,53,1152,1934,8,0,25308,15,53984,220,Normal,0,NF-BoT-IoT-v2
Device_1040,Actuator,578.49,339,185.05,0.008366047196103137,1.066,76.3,0.003549879833603613,0.0006655517844145311,5862,0.688,345,52,2109,8,8,13133,2,63234,226,Normal,0,NF-ToN-IoT-v2
Device_1041,Gateway,693.42,229,20.26,0.003650371729530163,4.775,88.47,0.004807345004786656,0.00024184866907416293,4490,5.484,85,1410,2150,11,8,64285,2,17460,331,DDoS,1,NF-BoT-IoT-v2
Device_1042,Actuator,700.61,386,78.46,0.004604822929307746,4.369,67.94,0.00397578547353274,0.0009343988762808762,2239,5.264,987,2006,263,8,0,3044,1,66586,331,Port_Scan,1,NF-CSE-CIC-IDS2018-v2
Device_1043,Gateway,753.47,488,164.5,0.00037692178302605394,1.2,36.13,0.0008143833215394891,0.000281432347654077,9902,3.186,907,1560,1769,0,8,30972,1,30563,220,Brute_Force,1,NF-CSE-CIC-IDS2018-v2
Device_1044,Sensor,872.86,156,126.2,0.0039202192685103675,1.276,92.7,0.0037185681846992292,0.00026761246122927556,7435,9.867,880,1978,4005,0,8,34219,5,49050,150,DDoS,1,NF-BoT-IoT-v2
Device_1045,Gateway,499.96,268,158.03,0.007727334300437288,2.806,88.93,0.003361673014438963,0.00032145409498193935,8848,0.79,641,1459,3995,11,0,7087,2,67808,425,Normal,0,NF-BoT-IoT-v2
Device_1046,Gateway,730.25,301,146.62,0.008230624255133077,3.978,73.0,0.0032656154996056072,0.0004678642730041994,6218,5.738,211,1278,2132,11,8,53861,15,8932,200,Normal,0,NF-CSE-CIC-IDS2018-v2
Device_1047,Camera,619.17,308,104.39,0.007017672409937165,1.486,39.55,0.0024556486683408175,2.834739896741392e-05,4094,2.676,864,431,3822,0,8,34056,1,27666,220,Normal,0,NF-CSE-CIC-IDS2018-v2
Device_1048,Gateway,186.64,152,17.83,0.006952579362083049,0.774,80.23,0.00040607320709833345,0.0006018591251268036,1252,0.119,776,1517,3209,8,0,19631,15,68123,425,Normal,0,NF-CSE-CIC-IDS2018-v2
Device_1049,Gateway,25.69,490,121.01,0.0051117687393118635,2.955,35.03,0.0047622753607993425,4.1349139169330757e-05,3844,9.88,915,591,2907,0,8,17759,1,5577,331,Normal,0,NF-ToN-IoT-v2
Device_1050,Sensor,284.54,434,19.23,0.005429460359672248,3.612,29.03,0.0042744310041496186,0.0005438104628621972,3721,4.868,183,1087,2260,3,8,37047,2,57187,220,DDoS,1,NF-CSE-CIC-IDS2018-v2
Device_1051,Camera,443.03,244,124.71,0.0074520542934501215,1.6,53.93,0.0024853593833181037,0.00046330605316029087,5990,8.586,272,520,688,8,8,23875,15,46959,220,Normal,0,NF-CSE-CIC-IDS2018-v2
Device_1052,Router,617.11,124,162.08,0.002548287808394456,3.829,99.73,0.0008770467413909612,0.00025012158755504613,9264,8.417,506,319,3419,0,8,20357,5,30180,331,DDoS,1,NF-CSE-CIC-IDS2018-v2
Device_1053,Sensor,849.96,374,121.15,0.0023920189756359545,4.778,81.41,0.004139916023493217,0.00033647033699911845,4007,8.142,227,1492,2197,0,8,4594,5,29733,331,Normal,0,NF-CSE-CIC-IDS2018-v2
Device_1054,Sensor,196.25,99,199.43,0.00950425575674914,1.117,74.33,0.0022102908665050103,0.0007086032131322231,3828,4.644,834,1435,1189,8,8,27840,5,14223,150,Normal,0,NF-CSE-CIC-IDS2018-v2
Device_1055,Router,125.55,217,96.61,0.00037412987891187623,2.8,47.94,0.002011558225181161,1.950154467268238e-05,7847,8.97,12,468,2642,8,0,47960,1,55541,530,DoS,1,NF-ToN-IoT-v2
Device_1056,Gateway,963.48,173,152.28,0.0014807080902852973,0.756,34.64,0.003360372936470237,0.00032348066664550216,3166,3.736,93,161,2174,8,8,999,1,78137,530,Normal,0,NF-CSE-CIC-IDS2018-v2
Device_1057,Actuator,108.04,490,136.77,0.005746291019392356,1.43,86.31,0.0038175094528099924,0.0006834942816232187,9583,4.143,330,472,1715,11,8,31205,5,75274,150,Data_Exfiltration,1,NF-BoT-IoT-v2
Device_1058,Camera,478.49,93,198.37,0.007404564903113651,0.904,58.93,0.0004079196094402446,0.00016075112674852456,2960,2.631,190,1548,755,3,8,6338,15,78292,530,DDoS,1,NF-BoT-IoT-v2
Device_1059,Actuator,585.56,86,145.51,0.005425121721551617,2.318,82.26,0.003861026440769213,0.0005647817976442423,263,4.536,598,821,2661,11,0,18426,1,6496,150,Normal,0,NF-CSE-CIC-IDS2018-v2
Device_1060,Router,541.37,170,41.17,0.0036151335620323534,4.194,51.34,0.0036963084566229774,0.00017724359919788556,1814,9.866,866,1028,877,0,0,33812,5,22468,425,DDoS,1,NF-BoT-IoT-v2
Device_1061,Sensor,86.03,14,191.55,0.00978196358159438,3.097,76.63,0.0029871270915580134,0.0001632142580884296,3562,5.775,954,1300,2519,3,8,27981,1,61071,530,Normal,0,NF-ToN-IoT-v2
Device_1062,Sensor,57.03,494,136.88,0.007068141582815175,1.502,87.44,0.001758252680354858,0.0007745572947665193,1540,8.328,789,1107,1691,11,8,4893,28,62226,530,DoS,1,NF-BoT-IoT-v2
Device_1063,Camera,105.48,87,21.27,0.008330769326564083,0.68,42.18,0.0009075305215535566,0.00027386009976812633,5413,2.707,293,752,3308,0,8,22072,15,6888,530,Normal,0,NF-ToN-IoT-v2
Device_1064,Sensor,585.59,100,134.94,0.0004984440544632202,2.99,6.29,0.0006029995490009299,0.00038201142776300213,9092,9.564,261,895,3852,8,0,9270,2,39354,331,Port_Scan,1,NF-ToN-IoT-v2
Device_1065,Sensor,544.34,96,177.79,0.0024356090936864983,1.098,29.22,0.00010580009922098306,0.0007327178849687202,6327,0.23,710,261,584,0,0,13313,15,59638,530,Normal,0,NF-CSE-CIC-IDS2018-v2
Device_1066,Camera,233.74,279,119.64,0.003804293826556643,2.042,91.92,0.0011116548608912549,0.00018772440453754656,2760,9.309,928,496,3656,8,0,53551,2,23726,226,Port_Scan,1,NF-BoT-IoT-v2
Device_1067,Camera,637.77,113,77.26,0.0019077538410145528,2.796,70.32,0.002115551153244867,0.0005364196511195291,1790,8.99,323,217,2644,11,0,26133,5,60354,150,Normal,0,NF-BoT-IoT-v2
Device_1068,Router,820.07,461,165.97,0.0008217027998205574,4.567,75.04,0.0012938572238604133,0.0009186414671270164,333,0.767,10,193,2135,0,8,5260,1,48803,530,DDoS,1,NF-CSE-CIC-IDS2018-v2
Device_1069,Sensor,41.58,496,158.68,0.002328407479487334,0.868,35.9,0.0016139973626645484,0.0005582885511847038,1976,6.088,965,1254,2206,3,8,34904,5,56523,530,DDoS,1,NF-CSE-CIC-IDS2018-v2
Device_1070,Sensor,498.13,348,113.39,0.0053829927492467225,3.509,71.62,0.002013216835268852,5.835730895719514e-05,9253,7.874,88,2044,3839,0,8,2927,2,85291,530,Normal,0,NF-CSE-CIC-IDS2018-v2
Device_1071,Router,689.31,184,39.33,0.006987877958731383,0.563,66.4,0.0016104853114806124,0.0005938003019303396,3470,4.098,340,432,3996,8,0,1834,28,37570,530,Brute_Force,1,NF-CSE-CIC-IDS2018-v2
Device_1072,Gateway,252.31,63,57.69,0.0077628071373543025,3.335,21.95,0.00365064308942778,9.925186551925384e-05,6439,1.009,318,1527,359,11,0,40522,2,18056,200,Normal,0,NF-BoT-IoT-v2
Device_1073,Gateway,307.77,397,150.31,0.000525067933190399,2.982,97.03,0.0025094612669083523,0.00028930329502895025,5209,8.311,549,1511,3081,3,0,29679,1,30569,425,Port_Scan,1,NF-ToN-IoT-v2
Device_1074,Gateway,613.64,487,163.16,0.004337063104904653,4.153,38.63,0.00019470302398499943,0.0008511783542900763,1145,4.718,223,822,3315,3,8,14921,28,17266,425,Normal,0,NF-CSE-CIC-IDS2018-v2
Device_1075,Router,897.94,220,63.06,0.0013098946774951366,2.892,36.28,0.0012106743336752867,2.095843678793175e-05,6191,2.706,687,1046,4035,11,0,20784,1,3130,226,Normal,0,NF-ToN-IoT-v2
Device_1076,Sensor,809.92,104,79.92,0.004368883825802252,2.087,40.07,0.0035773253987092003,8.624317557797542e-05,4581,0.801,209,576,1218,11,8,52971,28,21753,150,Normal,0,NF-CSE-CIC-IDS2018-v2
Device_1077,Router,583.13,232,24.75,0.004396360906290922,1.592,13.71,0.0015745595641052505,0.00036973048739356726,4559,6.438,49,444,4044,0,0,13476,1,42734,200,DDoS,1,NF-ToN-IoT-v2
Device_1078,Router,730.22,18,145.56,0.0050322956984512135,0.884,64.37,0.00460869468132534,0.000999401921100356,8133,0.519,536,562,596,0,0,7384,2,64018,331,DDoS,1,NF-CSE-CIC-IDS2018-v2
Device_1079,Gateway,364.82,62,10.68,0.00893902320000607,2.906,27.67,0.0035920538324923606,0.0002989452670111248,6517,7.932,850,1176,1095,3,8,46443,2,7246,200,Normal,0,NF-BoT-IoT-v2
Device_1080,Actuator,640.97,86,18.84,0.008070445475978487,4.497,81.31,0.0015206421818102426,0.0001657018725486709,1507,7.73,922,100,951,0,0,16162,2,18454,150,Normal,0,NF-BoT-IoT-v2
Device_1081,Sensor,466.18,215,10.83,0.00640353636685028,2.816,42.44,0.002630408246249876,0.0005539279115197664,307,3.297,618,324,3336,8,8,31250,2,5151,220,DDoS,1,NF-CSE-CIC-IDS2018-v2
Device_1082,Gateway,189.94,325,132.61,0.008865532497041955,3.826,48.56,0.003369471247882831,0.0005240624713546994,4470,4.776,823,1782,2989,8,0,4379,28,99,220,Normal,0,NF-ToN-IoT-v2
Device_1083,Actuator,701.74,311,89.3,0.006816839303395772,1.843,66.41,0.001047492740151767,0.0004551233925445492,7250,6.725,263,666,2496,0,0,43003,15,70366,200,DDoS,1,NF-CSE-CIC-IDS2018-v2
Device_1084,Actuator,556.46,319,66.53,0.008206664111554445,2.517,77.38,0.0013063185926456252,0.0009471872145225193,8787,9.595,206,1465,3661,3,8,56681,15,52316,331,Normal,0,NF-BoT-IoT-v2
Device_1085,Camera,358.62,339,183.41,0.005681405179742854,1.961,26.96,0.0025849063547250567,0.0002873478772410136,1001,5.249,681,1335,3979,0,0,56687,5,24434,226,Normal,0,NF-ToN-IoT-v2
Device_1086,Sensor,911.34,121,46.63,0.005299660691145917,0.992,96.8,0.004631984140202432,0.00030039098696934657,7183,9.967,497,597,2659,11,0,57784,15,82866,220,Port_Scan,1,NF-CSE-CIC-IDS2018-v2
Device_1087,Actuator,20.93,360,83.98,0.00726856270344661,2.376,64.12,0.0017856507976023144,0.0001488544016732133,1849,3.319,898,564,1493,11,8,3954,5,31241,530,Brute_Force,1,NF-BoT-IoT-v2
Device_1088,Gateway,315.77,174,188.66,0.0002949241885599357,3.939,5.54,0.0020704386076934615,0.0007003151377370136,8751,5.312,670,1664,2484,3,0,58812,2,43534,425,Normal,0,NF-CSE-CIC-IDS2018-v2
Device_1089,Camera,56.88,288,91.15,0.006934737959151093,2.277,44.48,0.0010340390323394166,0.0003281557763697329,4589,1.245,753,1913,3299,3,8,1962,1,1080,226,DDoS,1,NF-BoT-IoT-v2
Device_1090,Sensor,766.53,36,115.39,0.009351730362203211,3.426,46.5,0.003006722606838236,0.000804712890115196,9208,5.609,465,681,2668,11,8,19832,15,17628,331,Normal,0,NF-CSE-CIC-IDS2018-v2
Device_1091,Router,702.11,79,25.26,0.007168026590284866,3.914,81.87,0.003726738661529892,0.000972040298599191,6682,5.41,635,585,2767,11,8,36335,15,1844,220,Brute_Force,1,NF-ToN-IoT-v2
Device_1092,Gateway,331.35,227,160.13,0.0004642578705424632,1.952,33.99,0.00225914710491714,5.324838957068606e-05,8130,8.503,20,1980,2110,8,0,47291,2,21377,331,Normal,0,NF-CSE-CIC-IDS2018-v2
Device_1093,Actuator,675.66,459,90.32,0.003841067843649967,4.089,36.47,0.00377622196033311,0.0009931906711575435,4834,9.966,568,984,586,0,8,56969,2,66647,150,Port_Scan,1,NF-BoT-IoT-v2
Device_1094,Actuator,395.94,374,162.1,0.008114854892485732,2.025,11.7,0.0015827631445029912,0.0002615631840935136,4765,9.863,970,789,898,3,0,19278,15,6702,226,Normal,0,NF-BoT-IoT-v2
Device_1095,Gateway,756.25,198,58.22,0.009590224645439759,1.652,31.94,0.0035642236483396567,0.00042590925368198224,2294,2.439,792,1474,1441,11,8,12127,2,74682,150,Brute_Force,1,NF-CSE-CIC-IDS2018-v2
Device_1096,Actuator,454.18,342,90.27,0.003764617220800135,1.501,73.11,0.0013658882125352253,0.0007799659209477653,7226,3.451,108,59,3544,3,8,35778,15,39693,331,Normal,0,NF-ToN-IoT-v2
Device_1097,Camera,412.28,444,159.44,0.00842782115318139,1.4,65.3,0.003925182754680694,0.0006686778307179312,1059,2.819,140,1451,574,11,0,3863,1,54339,331,Normal,0,NF-CSE-CIC-IDS2018-v2
Device_1098,Sensor,934.73,315,195.04,0.008651717765484979,3.817,12.73,0.004170143733666126,0.0007806525516265247,8685,2.077,91,601,2969,3,8,16073,1,81724,200,DoS,1,NF-CSE-CIC-IDS2018-v2
Device_1099,Camera,250.88,133,21.33,0.0013205353533278952,4.494,15.9,0.004008845974962965,0.0004716686955616702,4638,1.586,271,670,3074,3,8,11647,5,52351,200,Normal,0,NF-BoT-IoT-v2
Device_1100,Actuator,120.45,28,164.37,0.008473305820515005,1.538,40.81,0.0011558157686680675,0.0009169064077871349,4158,5.166,329,459,275,8,8,46507,15,84055,220,Normal,0,NF-CSE-CIC-IDS2018-v2
Device_1101,Router,584.54,266,67.13,0.003310073966822289,0.884,75.66,0.0035018222456803,0.0007920413973510591,4942,8.738,210,806,990,8,0,40093,1,50552,150,Normal,0,NF-ToN-IoT-v2
Device_1102,Sensor,969.32,305,114.64,0.005973053443497633,1.912,84.13,0.002738847898144111,0.0003161356956793393,2277,5.94,688,1199,2736,8,8,49896,1,66094,150,Normal,0,NF-CSE-CIC-IDS2018-v2
Device_1103,Sensor,377.84,425,65.12,0.005435724981628569,3.46,6.39,0.004931581250946334,0.0009489954191352723,1899,8.739,573,1011,3993,8,0,64114,28,20991,530,Port_Scan,1,NF-ToN-IoT-v2
Device_1104,Gateway,62.04,31,126.55,0.006664233250987595,2.158,36.26,0.001871726422797414,0.0009614436514920908,7670,9.599,455,1148,408,8,0,56544,1,19183,331,DoS,1,NF-CSE-CIC-IDS2018-v2
Device_1105,Gateway,339.31,377,77.22,0.00743060004435283,2.971,45.3,0.0038791316289112985,0.0004209030201991768,8796,3.893,284,66,3146,11,0,556,5,73970,530,Normal,0,NF-ToN-IoT-v2
Device_1106,Router,505.93,486,73.39,0.004464722866423943,3.849,91.56,0.0019133827735808532,0.0006554408831077147,819,8.373,366,1659,399,0,0,20184,1,67761,200,Botnet,1,NF-CSE-CIC-IDS2018-v2
Device_1107,Sensor,161.92,459,17.21,0.00889427713927641,2.338,52.63,0.0020446016233548053,0.0008166208498617644,2087,0.618,484,1830,1427,11,0,15334,2,61929,226,Port_Scan,1,NF-BoT-IoT-v2
Device_1108,Router,658.1,49,37.92,0.008114034373459457,4.999,30.62,0.0006438617035849773,0.0008191277097027328,5873,4.863,3,1525,1961,0,8,4725,28,22817,331,Normal,0,NF-CSE-CIC-IDS2018-v2
Device_1109,Gateway,997.75,47,184.24,0.007875668817213813,1.841,42.05,0.0012743398105483376,2.398230924384981e-05,9166,3.746,784,557,1971,8,8,1851,15,20840,150,Normal,0,NF-CSE-CIC-IDS2018-v2
Device_1110,Gateway,451.74,57,199.67,0.004636643735149489,4.902,46.46,0.000905973004204451,0.0006327234967160761,2978,2.128,164,1370,1765,3,8,10611,5,36942,150,Normal,0,NF-CSE-CIC-IDS2018-v2
Device_1111,Sensor,354.73,192,158.3,0.0004719715698616406,1.414,68.65,0.0008800827491152428,0.0009739623044761001,8925,4.44,388,1539,3393,3,0,51508,1,37398,331,DDoS,1,NF-CSE-CIC-IDS2018-v2
Device_1112,Camera,400.7,84,64.49,0.00497333842315155,0.999,8.9,0.000144180985494095,0.00023903367631820946,2520,4.493,995,861,2165,0,8,62822,15,63549,331,DoS,1,NF-BoT-IoT-v2
Device_1113,Actuator,115.15,218,86.46,0.00899461078802741,3.879,42.0,0.003989525770416535,0.0007976527705851692,1424,8.105,9,1769,668,0,8,53016,1,22594,425,Data_Exfiltration,1,NF-ToN-IoT-v2
Device_1114,Gateway,883.27,192,150.51,0.001985456540514437,3.66,66.42,0.002392862967904436,0.0005389051448662127,1108,8.702,366,407,3910,11,8,53349,28,76551,331,Normal,0,NF-BoT-IoT-v2
Device_1115,Gateway,414.83,444,194.02,0.00982766547290482,4.15,31.92,0.004040421083007714,0.0002292555090275224,9431,6.604,12,865,4080,0,0,15819,15,80908,150,Brute_Force,1,NF-CSE-CIC-IDS2018-v2
Device_1116,Camera,387.27,116,96.54,0.008096137138130398,2.046,61.22,0.0031014970050741437,6.0527594343156056e-05,503,6.371,74,1845,359,11,8,39043,2,17616,530,Normal,0,NF-CSE-CIC-IDS2018-v2
Device_1117,Camera,659.69,197,167.61,0.007127314943592442,4.689,38.94,0.004173554546154496,0.0007623224939068376,6333,1.191,238,687,3692,8,8,51035,2,73814,425,Normal,0,NF-BoT-IoT-v2
Device_1118,Router,442.03,273,195.26,0.006803883583430976,1.038,77.08,0.0025684485158634614,0.00032330564602957876,8987,5.795,812,898,4085,3,0,32467,15,24326,226,Botnet,1,NF-CSE-CIC-IDS2018-v2
Device_1119,Router,648.23,95,175.96,0.0059115562311442505,0.636,10.76,0.000560801003580289,0.00038183016778445364,9199,2.817,108,1038,3352,3,8,53449,2,57709,150,DDoS,1,NF-ToN-IoT-v2
Device_1120,Actuator,61.45,333,53.16,0.007234636200166408,1.853,92.21,0.003122141851846309,0.000490378742716521,6872,3.018,962,519,2812,11,8,7454,5,43533,331,DoS,1,NF-BoT-IoT-v2
Device_1121,Actuator,813.72,340,11.53,0.004276865006571273,4.088,21.3,0.003421047825087426,0.0005121229539415952,6690,1.038,915,1551,451,0,0,15506,28,33381,200,Normal,0,NF-CSE-CIC-IDS2018-v2
Device_1122,Sensor,940.5,465,103.5,0.008468352269399284,3.528,20.06,0.0031698704246751696,0.00021412372120070697,220,6.395,525,2026,3242,11,0,65281,5,59616,530,Data_Exfiltration,1,NF-BoT-IoT-v2
Device_1123,Router,648.77,146,110.96,0.006993824965343281,2.463,84.86,0.004026547944610241,0.0006739355702865863,6560,5.88,234,1431,1889,0,0,20227,15,53280,226,Normal,0,NF-BoT-IoT-v2
Device_1124,Gateway,954.57,355,48.24,0.007735405812557537,1.653,87.58,0.0036843462956304444,0.0006956145801563149,6381,2.281,439,1546,1560,0,0,63310,5,36060,425,Normal,0,NF-CSE-CIC-IDS2018-v2
Device_1125,Router,151.43,395,64.09,0.007945625479443198,0.767,13.83,0.0022198990010744582,0.00015087791525425105,5962,2.704,757,1354,3143,0,8,6437,28,70796,425,Normal,0,NF-CSE-CIC-IDS2018-v2
Device_1126,Gateway,477.42,345,155.38,0.0010114934525181352,2.019,91.33,0.004113607911730693,0.0005375804445134555,2965,7.753,481,384,1631,11,0,28704,28,56855,220,Normal,0,NF-CSE-CIC-IDS2018-v2
Device_1127,Camera,601.81,104,99.37,0.0006508436496086055,2.57,30.96,0.0034897540564991702,0.0006131667547450202,3831,7.95,833,385,2001,8,8,40977,15,68176,425,Normal,0,NF-ToN-IoT-v2
Device_1128,Router,581.74,335,70.3,0.008029760097998885,3.592,63.77,0.000689797018723554,0.00019438902796628944,3691,4.982,92,1939,3303,3,0,13159,5,11019,530,Normal,0,NF-BoT-IoT-v2
Device_1129,Camera,401.46,254,128.3,0.0026679018082786375,3.407,11.52,0.0027453772857041164,0.0008955175052640217,4586,1.575,872,1536,1418,11,0,49823,28,9128,530,Botnet,1,NF-CSE-CIC-IDS2018-v2
Device_1130,Actuator,338.08,478,134.02,0.005861501094366962,4.763,41.16,0.0036699234505266974,0.0004879976025635355,7272,0.65,198,1010,2039,8,0,14303,15,42921,150,Normal,0,NF-ToN-IoT-v2
Device_1131,Actuator,126.82,99,156.19,0.004492737466667964,0.952,47.82,0.002811112188419574,0.000123878074089357,2514,2.788,116,435,100,3,8,38860,28,67567,226,DDoS,1,NF-CSE-CIC-IDS2018-v2
Device_1132,Sensor,391.74,68,39.77,0.00031818811630957895,2.014,61.98,0.004750240389662828,0.00034105221584498284,9132,7.339,643,1449,3366,11,8,9330,1,34102,226,Brute_Force,1,NF-CSE-CIC-IDS2018-v2
Device_1133,Router,162.66,412,150.89,0.0004987844558460877,2.667,54.9,0.0005973072142229707,0.0004821908437919074,6735,6.048,365,434,246,11,8,57551,1,59637,331,Brute_Force,1,NF-CSE-CIC-IDS2018-v2
Device_1134,Camera,734.37,37,123.89,0.008288539898560078,3.518,48.84,0.003639376295106255,2.0042711549896893e-05,2905,7.209,153,788,2403,8,8,160,28,73687,226,Brute_Force,1,NF-CSE-CIC-IDS2018-v2
Device_1135,Gateway,208.83,81,20.94,0.0061160078587383674,2.73,96.17,0.004139808976004552,4.1590776940499316e-05,6765,4.77,633,1546,3893,11,0,44321,15,2669,425,Port_Scan,1,NF-CSE-CIC-IDS2018-v2
Device_1136,Actuator,58.57,279,157.71,0.005286046479494765,4.607,22.58,0.0035430006550353434,6.496538935751175e-05,5461,7.572,108,1579,1609,3,0,16178,1,77121,150,Normal,0,NF-ToN-IoT-v2
Device_1137,Actuator,552.37,33,82.79,0.009449085626370328,3.239,20.01,0.0019893665248155905,0.000542753873640439,1565,4.86,948,425,133,8,0,4414,28,3122,530,Normal,0,NF-CSE-CIC-IDS2018-v2
Device_1138,Gateway,595.23,121,72.77,0.0018138387566955644,0.678,72.77,0.0019888535346962973,0.000342727314275146,503,0.932,528,614,300,11,8,53709,2,63739,530,DoS,1,NF-ToN-IoT-v2
Device_1139,Camera,871.91,309,95.13,0.0026539113126221054,1.011,12.08,0.002974180774867562,0.0008941730075754396,6670,0.891,811,1751,527,3,8,50734,5,58958,200,Normal,0,NF-CSE-CIC-IDS2018-v2
Device_1140,Camera,576.98,494,75.77,0.00759171687453271,3.891,50.87,0.00204578037813718,0.0005636415336056054,8704,8.332,56,135,1205,11,0,42945,28,21873,226,Data_Exfiltration,1,NF-BoT-IoT-v2
Device_1141,Router,345.48,65,74.27,0.007774828756783502,3.721,50.99,0.004427596687092572,0.000762297365532702,9829,6.333,452,42,3864,8,0,19340,1,34393,425,Brute_Force,1,NF-CSE-CIC-IDS2018-v2
Device_1142,Router,803.01,483,163.53,0.004108482244747728,1.191,34.45,0.000638660029642807,0.0006902618449875216,4349,2.863,392,1041,254,11,8,22579,28,37767,150,Port_Scan,1,NF-ToN-IoT-v2
Device_1143,Sensor,540.28,232,33.66,0.009514686502973223,0.765,93.39,0.003231871005066487,0.0005251175199653483,6446,7.596,615,1775,993,3,8,16220,15,74511,425,Normal,0,NF-BoT-IoT-v2
Device_1144,Actuator,79.28,129,194.41,0.009388720319380189,3.104,31.84,0.0007571633077908249,0.0007472732353674735,8508,1.444,208,1280,1950,0,0,8243,1,56880,425,Port_Scan,1,NF-CSE-CIC-IDS2018-v2
Device_1145,Router,565.85,188,115.44,0.00022285617909557936,3.361,32.4,0.002746783032245304,0.0005492586458390517,6725,6.488,510,1372,3641,11,0,56490,15,38273,425,DDoS,1,NF-CSE-CIC-IDS2018-v2
Device_1146,Camera,908.02,297,44.76,0.001806046233173178,1.109,27.26,0.0036063478918124054,0.00039160174213854603,9316,9.896,940,1949,3639,11,0,43625,15,59373,530,Normal,0,NF-CSE-CIC-IDS2018-v2
Device_1147,Gateway,396.31,443,34.93,0.008220172472670326,2.631,18.85,0.0009110034911452199,0.00044144678418257187,2913,1.585,934,453,3886,3,8,4705,15,66208,331,Normal,0,NF-BoT-IoT-v2
Device_1148,Camera,296.33,434,122.39,0.0034186451797774825,1.876,39.58,0.0035497627852993014,0.0008401163261484426,905,1.505,663,304,3975,3,8,15804,28,20723,226,Port_Scan,1,NF-CSE-CIC-IDS2018-v2
Device_1149,Actuator,143.47,459,130.27,0.001045080519128301,4.691,69.68,0.0007859021529343455,0.0005676408225423114,3449,4.732,774,85,2512,8,0,18128,1,20637,220,DoS,1,NF-CSE-CIC-IDS2018-v2
Device_1150,Camera,151.45,290,20.07,0.007871491826793479,1.486,75.51,0.003140713353582781,0.0003835231866806925,7461,6.462,555,1228,1978,0,0,55426,15,18056,220,Normal,0,NF-BoT-IoT-v2
Device_1151,Sensor,432.77,381,56.17,0.004600376705194574,3.8,82.27,0.0025772098436821394,0.0001879457200703856,2916,0.363,300,278,380,8,0,16093,2,13794,200,Normal,0,NF-CSE-CIC-IDS2018-v2
Device_1152,Actuator,595.68,198,161.14,0.004974866788482182,2.832,23.77,0.001560567273665382,0.0005004042637796883,9563,5.047,976,696,781,3,8,41923,5,45791,530,Brute_Force,1,NF-BoT-IoT-v2
Device_1153,Gateway,80.62,75,19.43,0.0019450569492800956,0.552,8.39,0.0006465887811909822,0.00025988006843715,6331,0.923,630,649,2333,3,8,61662,28,77147,331,Normal,0,NF-ToN-IoT-v2
Device_1154,Sensor,939.57,307,172.47,0.006642861033995385,2.826,97.6,0.0037056852840444904,0.0009560240793470865,8725,2.489,848,1214,721,3,0,31034,2,50250,150,DoS,1,NF-BoT-IoT-v2
Device_1155,Actuator,755.13,458,135.05,0.005557289049413916,0.948,6.36,0.001970845153547329,0.0004960722638045773,7520,7.153,279,1161,1276,3,0,11902,1,43094,226,DDoS,1,NF-CSE-CIC-IDS2018-v2
Device_1156,Gateway,586.62,429,92.54,0.0021460620841118505,3.466,96.26,0.0005240008086385643,1.885879115036455e-05,8720,7.415,144,1760,3885,8,0,40885,5,85890,150,Botnet,1,NF-BoT-IoT-v2
Device_1157,Sensor,828.44,258,75.82,0.0034692819335481475,3.045,83.74,0.0038866677575363907,0.00010194841759952947,9479,7.324,740,326,2403,0,8,37700,15,71472,530,DoS,1,NF-ToN-IoT-v2
Device_1158,Sensor,80.19,85,13.66,0.0060091049446281035,0.547,91.65,0.0012411839490707214,0.00029148124679343715,4357,0.745,204,307,3060,3,8,1149,2,13658,220,Normal,0,NF-BoT-IoT-v2
Device_1159,Actuator,476.84,146,166.79,0.00925623532879076,1.421,41.78,0.00370861506315705,0.0001012412132813279,2412,7.889,229,616,2334,8,8,2559,2,2594,530,Normal,0,NF-CSE-CIC-IDS2018-v2
Device_1160,Router,630.09,173,37.12,0.009211725868182767,3.993,23.73,0.0028680035611096093,0.0008950226032404475,2095,4.379,265,1098,821,8,8,10369,15,48823,331,Normal,0,NF-BoT-IoT-v2
Device_1161,Sensor,828.65,242,68.81,0.0029502684535350817,1.741,62.61,0.001053192156737351,0.0008558080511325255,5095,4.806,466,1939,2870,8,0,60099,15,51136,150,Normal,0,NF-BoT-IoT-v2
Device_1162,Sensor,783.47,264,118.13,0.007382647679822861,2.747,75.42,0.00047438806315648076,0.0009711528937879891,1842,4.255,137,225,1504,8,0,33835,2,68656,226,Brute_Force,1,NF-CSE-CIC-IDS2018-v2
Device_1163,Gateway,277.07,485,56.74,0.0077776388971857145,1.904,17.43,0.003006920175472866,0.0007094009582003718,9634,8.585,240,1696,3542,8,8,48511,1,74812,331,Port_Scan,1,NF-CSE-CIC-IDS2018-v2
Device_1164,Camera,940.88,303,104.46,0.008107348689829668,4.647,80.77,0.00022353797797320112,0.0006490099007498958,1255,6.832,981,342,2047,3,8,18213,28,28656,530,Normal,0,NF-CSE-CIC-IDS2018-v2
Device_1165,Actuator,124.35,426,163.78,0.005750546619039653,2.915,24.82,0.0004207759758341528,0.0009242616715168189,3304,5.05,698,651,2149,3,8,37051,1,1544,226,Normal,0,NF-CSE-CIC-IDS2018-v2
Device_1166,Actuator,875.13,179,99.4,0.00020402918118591924,3.633,51.71,0.0035408735016368327,0.0009469292133582611,8685,8.359,449,1158,1540,0,0,45299,1,46025,226,Normal,0,NF-BoT-IoT-v2
Device_1167,Router,970.94,326,190.31,0.007640595225917862,0.876,86.37,0.002740481822866385,0.0008787129644547665,6863,8.073,315,2002,1294,0,8,33690,28,48816,331,DDoS,1,NF-ToN-IoT-v2
Device_1168,Router,177.15,183,171.03,0.0011553147533105656,0.682,23.38,0.001698846801706447,0.0008628581153816245,7047,0.15,151,676,3037,0,0,23130,1,59889,331,Data_Exfiltration,1,NF-CSE-CIC-IDS2018-v2
Device_1169,Actuator,722.07,479,73.28,0.0012570267235819783,1.667,27.98,0.0027422169190752755,0.0006749862228892907,7302,4.841,325,281,2511,0,0,46973,5,72583,425,DDoS,1,NF-BoT-IoT-v2
Device_1170,Router,40.29,354,85.99,0.006095685546196912,1.891,10.96,0.0029990817048721054,1.1589887767248353e-05,4917,0.518,403,1451,2037,11,0,17934,15,18286,226,Port_Scan,1,NF-CSE-CIC-IDS2018-v2
Device_1171,Gateway,405.42,454,90.43,0.009836853158150487,3.595,18.93,0.002869900744597885,0.0004352218798263562,2140,3.141,803,813,3322,8,8,35750,2,59817,220,Normal,0,NF-BoT-IoT-v2
Device_1172,Actuator,516.28,27,128.97,0.002501140785331418,3.061,18.92,0.0032485146564259033,0.0006393061434675541,2178,8.058,353,987,1447,8,8,2044,28,16247,530,Normal,0,NF-CSE-CIC-IDS2018-v2
Device_1173,Router,580.65,79,64.49,0.006493527712506956,2.186,24.33,0.0047074116909328,0.0005516561066401587,2964,9.446,951,1670,2076,8,8,60325,1,60375,226,Normal,0,NF-CSE-CIC-IDS2018-v2
Device_1174,Actuator,935.94,347,194.16,0.00310617109280225,3.444,32.19,0.0020050098484117244,0.0008229153635919636,5929,2.496,110,2047,3739,11,8,38581,2,84634,331,DoS,1,NF-CSE-CIC-IDS2018-v2
Device_1175,Camera,672.25,125,125.65,0.008997388524744243,1.236,82.42,0.001575641925942123,0.0008207132537489886,6349,0.312,466,327,1093,8,0,28990,5,81253,425,Normal,0,NF-BoT-IoT-v2
Device_1176,Sensor,481.28,89,85.89,0.005975817231927255,0.786,92.0,0.0002883310640478316,0.0006026951893669896,7542,4.083,40,269,3268,8,0,39865,1,72581,200,Normal,0,NF-ToN-IoT-v2
Device_1177,Actuator,809.68,24,132.55,0.0021540255437990617,4.345,43.6,0.0008206579785981576,3.177411272647304e-05,5315,3.418,654,1675,1061,8,8,1597,1,47670,150,Normal,0,NF-CSE-CIC-IDS2018-v2
Device_1178,Sensor,950.53,185,85.13,0.00269509739940974,3.038,17.18,0.0006206240978175991,0.0003756366528113706,5212,6.802,340,1704,1560,8,0,54861,1,54454,226,Port_Scan,1,NF-CSE-CIC-IDS2018-v2
Device_1179,Router,22.07,465,165.38,0.004381559231139399,3.421,26.26,0.001743676515675065,0.0002365284194900392,7037,5.001,372,1993,1691,8,0,2321,5,80650,425,Normal,0,NF-BoT-IoT-v2
Device_1180,Sensor,982.52,278,117.89,0.001308231264095146,1.883,74.94,0.0030889545711937716,0.0003454002276676983,4356,4.049,525,841,2624,0,8,54010,15,51955,150,DDoS,1,NF-CSE-CIC-IDS2018-v2
Device_1181,Actuator,86.13,128,17.97,0.0008794603458084684,2.174,69.36,0.00032703606655945874,0.0006211197279709013,9621,2.373,507,320,2893,11,8,48028,2,38570,530,Normal,0,NF-BoT-IoT-v2
Device_1182,Camera,814.39,308,43.58,0.006832607817904767,0.871,96.88,0.0036655585218279556,7.579728365590027e-05,9938,8.302,53,568,146,3,0,63558,1,66887,226,Normal,0,NF-CSE-CIC-IDS2018-v2
Device_1183,Router,280.33,197,174.35,0.004130934114682292,4.356,6.38,0.002047421454890922,3.201962855848182e-05,7991,2.559,80,1685,3934,0,8,30648,1,85164,425,Botnet,1,NF-CSE-CIC-IDS2018-v2
Device_1184,Actuator,132.18,66,116.95,0.007289635339515744,3.166,76.32,0.004821172127363428,0.0004425041868205014,6439,0.642,745,1797,3826,11,0,26597,5,11828,226,DDoS,1,NF-BoT-IoT-v2
Device_1185,Router,439.86,208,190.57,0.0011895761843324529,0.876,53.05,0.0028850863784404992,0.0007956380939251684,2485,5.69,351,1901,1464,8,8,63511,5,48953,425,Normal,0,NF-CSE-CIC-IDS2018-v2
Device_1186,Gateway,643.96,26,23.76,0.006137668924220848,4.12,90.76,0.003879675330703595,4.039158885256634e-05,5529,3.242,551,287,2446,11,0,34085,2,60557,200,Normal,0,NF-CSE-CIC-IDS2018-v2
Device_1187,Sensor,380.95,443,66.1,0.004488737254360431,2.499,59.74,0.004319788038255462,0.000850558099242133,5398,7.153,739,552,722,8,8,63621,2,38089,331,Data_Exfiltration,1,NF-CSE-CIC-IDS2018-v2
Device_1188,Gateway,54.57,297,46.77,0.0006741866791245829,3.943,47.43,0.004455346876495084,0.0003900408364225079,3405,0.901,340,1174,2213,8,0,28051,1,75243,530,Normal,0,NF-BoT-IoT-v2
Device_1189,Actuator,599.46,415,115.23,0.005493539584932172,0.557,68.26,0.002640462573431055,0.0001270530746559973,3420,9.666,121,150,1375,11,8,31477,1,37128,425,DoS,1,NF-BoT-IoT-v2
Device_1190,Camera,902.4,64,82.73,0.0009197623196740032,0.629,84.18,0.0020440385363122973,0.0005718227515101211,6375,1.95,65,1146,2936,3,8,31657,1,79296,530,DoS,1,NF-CSE-CIC-IDS2018-v2
Device_1191,Router,383.22,450,39.88,0.00829442550313098,1.269,31.84,0.002846523449473353,0.0009528369558101652,6492,3.635,440,203,1118,8,8,52707,1,30213,220,Normal,0,NF-BoT-IoT-v2
Device_1192,Sensor,216.33,278,132.12,0.006356378907361286,1.449,15.22,0.0020701449679253964,0.000547087770048427,3626,4.861,296,754,1401,8,0,20681,1,4212,425,Normal,0,NF-CSE-CIC-IDS2018-v2
Device_1193,Router,442.58,312,111.9,0.0056139785842284394,3.938,46.14,0.0012795033494878835,0.0006897684082281118,6742,8.912,942,857,3108,0,8,17941,5,17146,530,Normal,0,NF-CSE-CIC-IDS2018-v2
Device_1194,Actuator,48.36,96,62.2,0.0014213431442496247,3.68,25.38,0.0016872071531166704,0.0008182570740221097,5014,7.253,205,1976,2265,11,8,55456,15,30023,331,Data_Exfiltration,1,NF-ToN-IoT-v2
Device_1195,Router,820.49,327,101.16,0.0029458254236904217,3.272,45.81,0.0012405722955691346,0.0008013467210249456,9563,1.534,647,1171,2671,11,0,28374,2,44204,150,Normal,0,NF-ToN-IoT-v2
Device_1196,Sensor,826.34,447,151.69,0.004979471381639464,4.482,99.15,0.0014202443899148224,8.238754122860228e-05,1387,4.442,557,1855,1978,11,8,1069,5,65506,150,Port_Scan,1,NF-BoT-IoT-v2
Device_1197,Actuator,588.0,38,49.0,0.006369506785032912,1.612,59.54,0.0005586779124550298,0.0007435854590986156,5044,5.475,278,1589,1640,0,0,33265,28,18238,530,Botnet,1,NF-CSE-CIC-IDS2018-v2
Device_1198,Router,353.1,31,65.65,0.0019139841155473404,4.57,70.89,0.002189667331547133,0.000949955070214146,460,7.051,135,380,3288,11,0,62901,28,42949,226,Port_Scan,1,NF-BoT-IoT-v2
Device_1199,Camera,799.78,330,75.76,0.00018777615352287162,4.593,69.4,0.0012528911423557963,0.0007036457116407715,2074,5.761,378,598,1006,11,0,104,28,56351,331,Normal,0,NF-BoT-IoT-v2
Device_1200,Actuator,554.69,294,151.88,0.0035131258539660266,2.454,82.97,0.0022969961067329328,0.000838078464773363,3564,4.628,980,507,757,8,0,52905,2,4542,200,DoS,1,NF-CSE-CIC-IDS2018-v2
Device_1201,Actuator,825.93,57,170.92,0.004880427400106812,0.925,94.69,0.003981771347463837,0.0004906942040010085,2326,7.679,52,1500,295,3,0,5042,1,79131,220,Brute_Force,1,NF-ToN-IoT-v2
Device_1202,Camera,631.46,14,81.51,0.0019258917054083503,3.77,67.59,0.002296730530891568,0.00032587863310914273,5144,3.843,741,139,1208,3,0,20419,28,52824,331,Data_Exfiltration,1,NF-CSE-CIC-IDS2018-v2
Device_1203,Gateway,784.41,259,66.36,0.004972438507966538,2.016,50.23,0.004777598166477606,0.0006794768308599652,5725,9.873,868,2008,3320,0,8,37972,28,31672,226,Normal,0,NF-CSE-CIC-IDS2018-v2
Device_1204,Sensor,598.56,172,178.99,0.0034510099998357603,4.077,35.19,0.0008244007831873022,0.000497277978338221,1950,9.483,580,620,3591,11,0,50999,15,27021,150,Normal,0,NF-BoT-IoT-v2
Device_1205,Gateway,414.14,211,199.88,0.004605387694453437,1.237,39.23,0.004266298455105586,0.0008963359677512611,6032,7.103,710,1628,1916,0,8,44108,5,3126,331,Data_Exfiltration,1,NF-ToN-IoT-v2
Device_1206,Router,957.95,476,137.37,0.0035398317307280803,2.928,36.78,0.0013164647589576388,0.0009746381489079208,4005,8.838,67,1177,451,3,0,58921,2,30882,150,Brute_Force,1,NF-CSE-CIC-IDS2018-v2
Device_1207,Camera,541.11,110,198.1,0.006321831712889322,2.786,35.82,0.004676273909189374,0.0008216040468339105,3875,3.992,3,1659,2014,0,8,51724,2,19728,425,Normal,0,NF-CSE-CIC-IDS2018-v2
Device_1208,Gateway,605.09,80,135.39,0.0005246804088363598,0.951,70.99,0.0012130248395984073,0.0009927528213105896,917,5.857,570,1890,2743,8,0,23349,15,30811,226,Data_Exfiltration,1,NF-CSE-CIC-IDS2018-v2
Device_1209,Actuator,220.49,439,149.36,0.0017919623704483086,2.135,60.83,0.003760112751227547,0.0003548868924103602,2246,2.799,888,1277,927,8,0,31627,28,56776,150,Normal,0,NF-ToN-IoT-v2
Device_1210,Router,625.65,172,83.84,0.004384233604198896,0.881,24.19,0.00040437771421385373,0.0008967978249669387,7874,8.868,451,1514,1313,8,8,50135,15,74209,226,Normal,0,NF-CSE-CIC-IDS2018-v2
Device_1211,Router,571.61,182,92.26,0.0036273374839633815,2.591,97.11,0.0031860858420848705,0.00033663429250940574,8472,4.763,510,1697,1711,11,8,39202,1,17515,425,DDoS,1,NF-CSE-CIC-IDS2018-v2
Device_1212,Gateway,184.84,150,37.39,0.003977156363942789,4.293,45.63,0.0011715036677881097,0.00012685769455289403,7196,5.408,768,1553,1282,8,0,39250,28,34950,220,DoS,1,NF-CSE-CIC-IDS2018-v2
Device_1213,Gateway,59.59,147,166.32,0.00805723087931675,1.716,58.78,0.0033838454540763563,0.0006251599583583342,7933,8.659,868,401,872,0,0,32264,2,76481,200,Normal,0,NF-ToN-IoT-v2
Device_1214,Camera,604.36,75,186.9,0.00887468341664892,3.942,71.75,0.0032155637543617496,0.00046043874796887637,4569,7.993,438,2008,1113,8,8,59404,5,48537,150,Botnet,1,NF-ToN-IoT-v2
Device_1215,Sensor,763.69,207,128.45,0.0025618209566259436,1.325,63.3,0.004626109810334795,0.0009224822410963117,6055,3.285,777,791,2051,11,8,37397,15,18855,331,Normal,0,NF-CSE-CIC-IDS2018-v2
Device_1216,Gateway,523.4,337,75.29,0.008380271496834424,3.532,34.55,0.003170714510040196,0.0004972719487022349,4819,0.966,950,1176,3329,8,0,4647,15,17552,220,Normal,0,NF-BoT-IoT-v2
Device_1217,Gateway,226.77,237,39.26,0.004642019666374543,4.62,80.78,0.002100419177084548,0.0009283562535211601,7950,1.705,976,1256,3154,8,0,30627,2,59059,200,DDoS,1,NF-BoT-IoT-v2
Device_1218,Actuator,666.52,290,60.38,0.002810824130933586,1.958,15.46,0.0010484822437610952,8.784752852315154e-05,6114,3.457,947,1216,2966,11,8,7540,28,8819,331,Normal,0,NF-ToN-IoT-v2
Device_1219,Router,80.11,181,58.53,0.009856015102946316,4.552,59.05,0.003321509941866284,0.0008322067173888713,5058,3.122,528,1817,600,11,0,26075,28,79417,425,DoS,1,NF-BoT-IoT-v2
Device_1220,Sensor,441.83,325,126.57,0.008265537735198256,2.774,30.97,0.0006701963592218792,0.0007615231257797386,6365,0.479,780,1273,2670,8,0,49278,28,36941,331,Normal,0,NF-BoT-IoT-v2
Device_1221,Actuator,163.37,440,189.56,0.009943107858956707,1.926,63.5,0.004159732451916662,0.0007227784907437568,541,4.377,102,606,774,3,8,32424,5,80910,530,DDoS,1,NF-CSE-CIC-IDS2018-v2
Device_1222,Camera,184.46,49,19.17,0.001765088765839721,4.534,25.71,0.0013119392800004322,0.0003615844965181019,7984,1.148,916,1455,1351,8,8,47878,5,38492,226,Normal,0,NF-BoT-IoT-v2
Device_1223,Camera,202.29,16,10.19,0.0015240424720838008,0.644,78.36,0.0026683786014187754,0.0007859220396375987,9954,2.287,437,1784,1602,0,0,50909,28,77197,200,Normal,0,NF-CSE-CIC-IDS2018-v2
Device_1224,Gateway,386.71,183,124.03,0.005083441734147969,0.626,26.62,0.0030201417912140375,0.0004884636134523293,7758,7.896,799,1440,1558,11,0,23774,5,52333,331,Normal,0,NF-BoT-IoT-v2
Device_1225,Gateway,51.15,160,63.97,0.006422573224342085,3.199,89.59,0.0018762009529476856,0.0007180514757759204,9162,4.999,734,1908,2350,8,8,13300,15,30483,530,Botnet,1,NF-ToN-IoT-v2
Device_1226,Camera,397.79,220,177.3,0.0017934949160801814,4.085,86.85,0.0033529815101040073,0.0005567048753173187,3312,3.792,21,95,2400,3,8,62262,28,42219,331,Brute_Force,1,NF-CSE-CIC-IDS2018-v2
Device_1227,Gateway,511.71,311,72.18,0.008618263614076572,3.882,39.43,0.0013260630985714372,0.00016586530748807695,9948,1.936,387,243,431,8,8,46026,5,70289,331,Brute_Force,1,NF-BoT-IoT-v2
Device_1228,Sensor,483.29,95,65.05,0.005366933438767298,0.858,41.65,0.0002696604115053177,7.39130042715692e-05,1996,8.676,533,1687,475,0,8,32376,15,11038,220,Port_Scan,1,NF-CSE-CIC-IDS2018-v2
Device_1229,Gateway,382.78,406,61.21,0.004168324148884411,4.776,71.64,0.004800411907061188,0.00037252478469136977,1189,9.047,92,100,3157,11,8,51421,15,11292,200,DDoS,1,NF-CSE-CIC-IDS2018-v2
Device_1230,Router,839.15,262,37.52,0.006060331361977748,3.664,13.59,0.001668224573581435,0.00093346093471639,8774,5.235,796,1179,4002,0,0,17998,5,25606,226,Normal,0,NF-CSE-CIC-IDS2018-v2
Device_1231,Gateway,145.33,30,120.49,0.006386041758425664,4.771,12.69,0.003595964949836286,0.0005344376706133376,408,9.221,133,408,417,3,8,10636,28,7596,425,Normal,0,NF-ToN-IoT-v2
Device_1232,Actuator,505.7,266,41.96,0.0005235544817395621,1.981,17.95,0.0025869146739098655,0.0008041701469407022,8884,4.701,839,1712,1629,0,8,32866,28,65068,220,DoS,1,NF-CSE-CIC-IDS2018-v2
Device_1233,Sensor,62.04,388,90.68,0.009998937400379987,3.623,58.44,0.0033780935178537204,0.0005801935399423431,1118,1.162,505,1351,1646,0,8,34274,5,9462,530,Normal,0,NF-BoT-IoT-v2
Device_1234,Actuator,71.16,412,97.58,0.0037028038103643075,4.37,19.16,0.000643588960326821,0.0009583262334107033,4593,0.269,453,1413,2531,11,0,36243,5,15432,220,Normal,0,NF-ToN-IoT-v2
Device_1235,Actuator,573.87,390,13.89,0.0007092722044079724,2.212,31.37,0.0026423545880688852,0.00037576100653305487,3361,1.371,841,1696,1402,0,0,29930,1,65442,220,Normal,0,NF-CSE-CIC-IDS2018-v2
Device_1236,Router,566.02,453,13.19,0.008537999430277601,4.842,66.46,0.00202187581220988,6.647995082419321e-05,7184,6.264,687,556,845,3,8,3257,15,74213,226,Normal,0,NF-CSE-CIC-IDS2018-v2
Device_1237,Sensor,878.03,42,108.84,0.009930884924201891,1.692,6.48,0.002314062877485167,0.0007828616994725288,4390,3.277,725,1841,392,3,0,12566,28,28292,226,Normal,0,NF-BoT-IoT-v2
Device_1238,Sensor,557.87,269,142.25,0.008181949241239293,1.92,22.12,0.004834420831426758,0.0007084019432477806,7201,6.518,148,99,1557,11,8,31412,2,80794,425,Normal,0,NF-BoT-IoT-v2
Device_1239,Sensor,959.79,243,189.01,0.008533636649612472,4.641,93.34,0.0007678156337007721,0.0005322590384159627,1457,5.129,934,1934,2984,3,8,14116,15,48451,220,Normal,0,NF-CSE-CIC-IDS2018-v2
Device_1240,Sensor,48.69,12,44.03,0.0062967576307725644,4.863,68.04,0.0037980308644158514,0.0003331273307584115,182,3.397,232,1325,2893,3,8,31507,28,61020,220,Normal,0,NF-ToN-IoT-v2
Device_1241,Sensor,98.01,356,29.62,0.009231023224387236,1.783,34.03,0.0017186796914490788,0.00019638249621254487,8542,2.265,884,1188,1550,3,0,49527,1,20508,425,Brute_Force,1,NF-CSE-CIC-IDS2018-v2
Device_1242,Router,44.07,317,19.9,0.00045381166210192866,1.114,9.3,0.0015227541393564353,0.0004874532837345512,9385,0.902,165,1117,3575,3,0,52626,15,34564,150,Brute_Force,1,NF-ToN-IoT-v2
Device_1243,Gateway,185.28,498,92.85,0.007690566243246591,3.916,60.67,0.0014268092399064,0.000669539395197582,5511,7.846,314,192,3799,3,0,33003,15,26128,226,Botnet,1,NF-CSE-CIC-IDS2018-v2
Device_1244,Actuator,541.27,236,128.4,0.006740031260507349,4.683,26.17,0.0018090296107921657,0.000583097565076491,2487,8.208,657,1081,801,3,8,4753,28,10507,331,Normal,0,NF-CSE-CIC-IDS2018-v2
Device_1245,Sensor,645.57,293,169.71,0.0005908912081876223,3.203,96.22,0.0018498735920086697,0.00044311560526789196,1508,5.46,298,790,1335,3,0,4163,2,73672,200,Port_Scan,1,NF-ToN-IoT-v2
Device_1246,Gateway,45.59,79,139.7,0.005485338431867146,3.355,70.26,0.0014266603253916597,0.0005442974998859031,9773,1.655,988,732,3952,8,8,26556,5,42320,200,DoS,1,NF-CSE-CIC-IDS2018-v2
Device_1247,Gateway,945.97,463,49.59,0.005199097423002909,3.933,97.54,0.0033707164240900315,0.00011687538101145247,9390,2.709,223,2019,1258,3,0,7111,2,79467,200,Normal,0,NF-ToN-IoT-v2
Device_1248,Actuator,842.17,448,97.74,0.00694618882826207,1.189,85.65,0.000333837720131222,0.0006988817028213221,3828,9.556,353,1341,2860,11,8,64301,1,32368,425,DDoS,1,NF-CSE-CIC-IDS2018-v2
Device_1249,Router,296.61,322,182.97,0.0008675609749308083,4.881,50.89,0.0017282396484488325,0.0007369134833579742,5394,2.337,416,1501,811,8,8,57309,15,47287,220,Brute_Force,1,NF-BoT-IoT-v2
Device_1250,Camera,77.19,373,72.08,0.00807225997475128,2.139,68.61,0.0014730074734967396,2.1338078056119685e-05,9024,0.662,62,861,1858,3,0,9391,28,25726,530,Normal,0,NF-CSE-CIC-IDS2018-v2
Device_1251,Camera,169.89,480,104.76,0.0014800940759138964,3.327,82.15,0.003781948300694363,0.0002778143603022603,422,5.545,608,880,1366,3,8,40467,15,31947,425,Port_Scan,1,NF-CSE-CIC-IDS2018-v2
Device_1252,Gateway,126.94,263,192.13,0.00424477967327254,2.609,59.93,0.0008178428656958096,0.00010119569157154029,2157,2.693,624,1787,2259,11,0,55879,5,41641,226,Port_Scan,1,NF-ToN-IoT-v2
Device_1253,Actuator,123.28,490,149.59,0.008824751274266197,2.607,10.84,0.004709366996276441,0.0009982498105557517,3160,9.579,376,869,2732,3,8,64964,2,21161,150,DDoS,1,NF-CSE-CIC-IDS2018-v2
Device_1254,Camera,518.56,153,152.07,0.0056492628944054156,3.662,49.69,0.0009355411990212592,0.0005974094054176117,3800,5.79,599,2008,206,8,8,8808,2,74630,150,Botnet,1,NF-BoT-IoT-v2
Device_1255,Gateway,245.85,33,57.94,0.00385795004617187,4.976,17.4,0.0019131340839114008,0.00047108071328429683,5735,9.662,405,280,3946,8,0,10145,1,10310,425,Normal,0,NF-ToN-IoT-v2
Device_1256,Router,358.14,462,88.79,0.0005772021962537842,3.466,72.91,0.0010785309478517008,0.00046837100879124673,3484,7.877,985,1146,1039,11,8,64359,28,28171,200,Brute_Force,1,NF-CSE-CIC-IDS2018-v2
Device_1257,Camera,989.51,434,25.65,0.006755507820297046,4.073,69.66,0.0015048199230132436,0.0009651261800364825,9553,7.259,929,1091,134,3,8,62982,5,23217,331,DDoS,1,NF-BoT-IoT-v2
Device_1258,Gateway,684.31,243,125.24,0.009866812976537161,0.624,99.33,0.003829021033273812,0.0006632570817680529,9097,8.321,255,1062,2016,11,8,9009,5,53247,331,Brute_Force,1,NF-ToN-IoT-v2
Device_1259,Gateway,948.98,342,29.71,0.009126784347707992,4.147,64.74,0.0024343831218179637,0.00017697296266461888,9825,6.088,451,1561,2422,3,8,32820,28,71499,530,DoS,1,NF-CSE-CIC-IDS2018-v2
Device_1260,Sensor,142.56,184,168.82,0.007201231167976938,1.85,81.01,0.000896621014820225,0.00045367723971590873,4325,0.21,390,1376,701,8,0,43989,1,35604,331,Normal,0,NF-CSE-CIC-IDS2018-v2
Device_1261,Router,382.14,341,164.77,0.001142399296733856,1.07,30.49,0.00032851090535841124,0.0007764548725364402,3556,3.985,625,233,530,3,0,62792,5,28666,331,Botnet,1,NF-CSE-CIC-IDS2018-v2
Device_1262,Sensor,554.73,334,111.38,0.0024704569246639025,1.01,37.3,0.0012265894788343475,0.00042911656619020513,3764,2.268,766,876,2705,3,0,5386,1,77836,150,Brute_Force,1,NF-ToN-IoT-v2
Device_1263,Actuator,76.76,366,36.82,0.0019498052925875416,3.559,92.12,0.004733453614777503,0.0003164380916279901,3196,4.4,348,1608,104,8,8,13003,28,79173,150,Normal,0,NF-CSE-CIC-IDS2018-v2
Device_1264,Sensor,4.19,168,14.86,0.0036190702385308885,4.989,76.74,0.004242052066121364,0.0009913039158144527,7528,4.758,502,575,4049,8,0,45447,28,70864,530,Port_Scan,1,NF-CSE-CIC-IDS2018-v2
Device_1265,Sensor,670.43,357,161.37,0.0024316205551362016,3.498,67.25,0.0022568512080276422,0.0009362807632661068,7665,1.366,322,1709,3010,8,0,19487,28,50654,530,Normal,0,NF-BoT-IoT-v2
Device_1266,Camera,641.82,357,124.03,0.002519950515119763,1.681,29.13,0.0024617765875353166,0.000942144765630719,4759,0.332,544,1311,834,3,8,32958,5,3408,530,Normal,0,NF-CSE-CIC-IDS2018-v2
Device_1267,Gateway,410.79,295,145.08,0.006205626360216517,1.415,71.36,0.004506894082957075,0.0001403558043760103,9645,1.468,64,192,2467,11,8,9910,28,31893,226,DoS,1,NF-BoT-IoT-v2
Device_1268,Router,489.64,27,67.72,0.0032551562940176964,2.867,89.24,0.0029975923736411027,0.0002419127042410704,248,8.589,154,1085,1231,8,0,40122,5,25893,150,Normal,0,NF-ToN-IoT-v2
Device_1269,Sensor,415.44,53,106.8,0.006803912477077485,0.793,26.93,0.00441575861922894,0.0004476462885841826,5830,7.583,958,1512,1770,3,0,25406,1,43279,530,Normal,0,NF-CSE-CIC-IDS2018-v2
Device_1270,Router,24.01,164,151.96,0.009484107625547187,2.297,72.08,0.0025100116113264685,0.0008338079656502326,7263,8.009,517,293,342,11,8,36240,15,59626,226,Port_Scan,1,NF-ToN-IoT-v2
Device_1271,Sensor,335.37,364,97.89,0.006420931374471067,3.498,42.4,0.0010804783336822471,0.0007394592648253469,6362,2.835,395,41,3606,0,8,38041,1,8877,226,Botnet,1,NF-BoT-IoT-v2
Device_1272,Actuator,177.08,419,124.26,0.007541401104382676,4.854,16.28,0.003657042201716951,0.0008511707212009049,5653,2.437,896,746,2766,0,8,18482,5,33192,425,Normal,0,NF-ToN-IoT-v2
Device_1273,Sensor,98.42,386,160.05,0.0075406461113000966,2.415,77.53,0.0026793272659371616,0.0009215556582457972,714,0.47,330,390,3080,3,8,60704,2,33269,220,Normal,0,NF-BoT-IoT-v2
Device_1274,Camera,956.72,240,50.89,0.0033739576051531788,1.401,20.88,0.0033753539418454963,0.0007829591746200149,8531,4.775,463,1331,3774,3,0,35353,2,30102,150,DDoS,1,NF-ToN-IoT-v2
Device_1275,Gateway,599.36,380,22.53,0.00024808414647501146,4.178,29.03,0.0008704314918275237,0.0002691523100435285,1012,3.886,722,1912,121,8,0,10517,15,9939,331,Normal,0,NF-CSE-CIC-IDS2018-v2
Device_1276,Actuator,728.66,325,111.05,0.0006449748336427231,3.849,79.38,0.0032732488294028336,0.0002925912255632976,3113,8.375,945,155,231,3,8,450,28,46055,200,Normal,0,NF-ToN-IoT-v2
Device_1277,Sensor,315.36,411,21.8,0.0028923964837571287,4.369,75.5,0.0019730600222850904,0.00035896280480686747,5509,6.85,974,661,1717,11,8,14174,1,62486,226,Normal,0,NF-CSE-CIC-IDS2018-v2
Device_1278,Router,393.15,234,155.65,0.006926477518210222,1.466,29.15,0.00172678898877486,0.00031004461316528145,258,1.528,92,299,3301,3,0,20813,1,79202,530,Botnet,1,NF-CSE-CIC-IDS2018-v2
Device_1279,Actuator,236.92,226,146.65,0.009076163072618096,2.322,94.39,0.00339023015125575,0.00025660796020608197,647,9.873,222,309,2484,11,0,31953,5,52545,200,Brute_Force,1,NF-CSE-CIC-IDS2018-v2
Device_1280,Actuator,96.97,65,177.53,0.009592102795688388,4.917,25.45,0.003001971654978687,0.0007549611992769848,5232,7.729,190,1055,145,11,0,8956,15,4182,331,Brute_Force,1,NF-CSE-CIC-IDS2018-v2
Device_1281,Sensor,179.03,40,131.52,0.0003559017720167272,1.211,99.39,0.003280626401789852,4.3651140391377424e-05,3000,7.23,572,107,1957,8,0,62974,28,31927,226,Normal,0,NF-CSE-CIC-IDS2018-v2
Device_1282,Actuator,797.51,366,22.77,0.009901863731764434,3.522,75.1,0.0048301320147343075,0.0007311098007141144,7774,2.244,205,557,197,11,8,43513,15,81529,226,Port_Scan,1,NF-BoT-IoT-v2
Device_1283,Router,677.55,68,58.1,0.0032927224617312683,1.567,42.29,0.003535862700890147,0.0008253281337998183,2365,9.061,212,649,2475,3,0,33249,2,25069,530,Data_Exfiltration,1,NF-CSE-CIC-IDS2018-v2
Device_1284,Actuator,546.93,389,163.51,0.00844526665952764,2.751,17.38,0.0032404049151371636,7.538360291136965e-05,9046,4.792,770,1231,1572,11,8,51559,15,58335,530,DoS,1,NF-CSE-CIC-IDS2018-v2
Device_1285,Router,475.09,395,41.76,0.001884925060898126,4.102,35.45,0.003106409905022881,7.122863612898621e-05,834,3.047,89,1749,1133,0,8,15038,28,17015,530,Normal,0,NF-CSE-CIC-IDS2018-v2
Device_1286,Sensor,922.43,362,142.71,0.000722692750307906,2.699,23.41,0.002053699821833322,0.00029260916486436797,3891,6.583,748,1091,325,11,0,14480,28,37409,425,Port_Scan,1,NF-ToN-IoT-v2
Device_1287,Gateway,72.73,432,158.25,0.0038457186982206065,4.125,64.07,0.00421203928659669,0.00021622374744564854,4417,2.196,955,2012,2580,3,8,4648,1,29405,150,Normal,0,NF-BoT-IoT-v2
Device_1288,Actuator,280.6,454,72.72,0.00860336134645386,2.419,38.9,0.001966599152277982,0.0005853223369532914,2024,9.085,363,1622,3770,8,8,16459,1,61795,220,DoS,1,NF-CSE-CIC-IDS2018-v2
Device_1289,Gateway,349.94,244,71.24,0.002286166667190379,4.997,33.03,0.0035311938081952527,0.0006786970280666173,623,8.558,371,301,3357,3,8,16166,28,63225,200,DoS,1,NF-CSE-CIC-IDS2018-v2
Device_1290,Router,782.43,116,115.98,0.0016241775249432378,2.461,76.93,0.001536403859101869,0.0006378005761432815,9802,4.703,332,33,2203,3,8,29344,1,84423,425,Normal,0,NF-CSE-CIC-IDS2018-v2
Device_1291,Actuator,992.51,200,173.64,0.009107062856606885,1.172,26.91,0.0008240065646548068,0.00036377389655960056,6024,1.988,921,1311,2003,3,0,10527,1,7436,530,Normal,0,NF-CSE-CIC-IDS2018-v2
Device_1292,Camera,240.67,489,52.54,0.009389538305952445,2.308,60.75,0.000735840205760181,0.0005034138562674998,8909,5.015,708,1569,82,0,0,29844,1,30066,425,Data_Exfiltration,1,NF-ToN-IoT-v2
Device_1293,Gateway,874.31,27,188.84,0.0002242271719701984,3.842,23.49,0.003209338397784912,0.0006435909212090778,960,1.576,426,604,2381,8,0,1460,28,62199,331,Normal,0,NF-BoT-IoT-v2
Device_1294,Actuator,830.62,410,123.83,0.007301613800413269,4.316,72.91,0.0017069791593499921,0.00012823200611830661,6284,2.772,844,1418,640,0,8,57023,1,20242,220,Normal,0,NF-CSE-CIC-IDS2018-v2
Device_1295,Gateway,224.66,235,198.5,0.003161156591640334,2.57,64.39,0.0014477415141027283,0.00023721679530935513,7592,4.879,455,1162,3866,11,8,40269,2,24243,425,Port_Scan,1,NF-CSE-CIC-IDS2018-v2
Device_1296,Actuator,399.33,176,27.03,0.003809573262675177,3.175,80.82,0.00300109071384669,0.000891591192446321,5980,0.309,695,1189,2099,11,0,13377,28,8251,425,DoS,1,NF-CSE-CIC-IDS2018-v2
Device_1297,Sensor,409.67,80,34.05,0.00474411945201975,4.302,11.51,0.00022578179688095932,0.0003489031127836231,8001,7.681,422,1464,2975,0,8,11440,15,67774,220,Botnet,1,NF-ToN-IoT-v2
Device_1298,Gateway,978.22,371,167.06,0.004325230604727744,4.161,24.96,0.0013065056947249051,0.0008031448181005082,1407,2.049,763,1506,732,8,0,62790,5,33413,425,Port_Scan,1,NF-ToN-IoT-v2
Device_1299,Camera,180.89,63,174.3,0.0051982404713228425,3.46,19.67,0.001768681698053729,0.00025847985481377265,6446,8.679,736,566,2526,11,0,1998,5,38587,150,Normal,0,NF-CSE-CIC-IDS2018-v2
Device_1300,Camera,799.16,254,94.64,0.005865380985826162,4.168,23.1,0.0035710305939752702,5.122394802066164e-05,2921,0.32,171,1640,1752,8,8,35358,2,26962,425,DoS,1,NF-CSE-CIC-IDS2018-v2
Device_1301,Router,334.19,492,145.67,0.0047093954978954505,3.092,14.79,0.0027705061111023776,0.0005053965865486756,3965,5.368,710,382,1334,0,0,59227,28,22455,226,DoS,1,NF-ToN-IoT-v2
Device_1302,Actuator,730.87,359,174.84,0.007045479050846224,0.521,58.4,0.004294344223919603,0.0008935572231268615,7025,7.789,249,1083,1798,11,8,54184,15,2211,331,Data_Exfiltration,1,NF-CSE-CIC-IDS2018-v2
Device_1303,Gateway,420.01,85,18.19,0.007214156462137206,0.686,61.38,0.0017390811786926837,0.0008210917036507164,8326,2.456,181,568,3878,0,0,48071,28,85973,220,Normal,0,NF-CSE-CIC-IDS2018-v2
Device_1304,Router,578.36,44,119.05,0.0044595560545193326,4.909,85.13,0.0015525608621495366,0.000260409777235245,2200,7.105,475,898,1389,11,8,24774,15,62828,220,Normal,0,NF-BoT-IoT-v2
Device_1305,Gateway,832.61,276,172.16,0.0015103851660623752,1.152,44.69,0.0002626673019685516,0.0009108364166801036,9671,7.237,483,1120,4083,3,8,10659,15,77889,200,Botnet,1,NF-CSE-CIC-IDS2018-v2
Device_1306,Actuator,804.17,326,85.65,0.006442325321069215,2.32,55.58,0.00476341477312793,0.0004849187359671402,536,6.415,384,1249,2127,8,0,1097,28,44997,331,Normal,0,NF-CSE-CIC-IDS2018-v2
Device_1307,Camera,866.42,309,67.45,0.007752271452272019,4.702,99.17,0.002557311517335835,5.8509013750783354e-05,2672,3.706,789,1262,683,0,0,36262,1,29138,425,Normal,0,NF-BoT-IoT-v2
Device_1308,Sensor,59.62,130,161.18,0.006417284259919103,1.378,55.53,0.002562367181999693,3.764537357007422e-05,4462,7.872,404,1354,2614,3,8,61550,5,50339,331,Brute_Force,1,NF-BoT-IoT-v2
Device_1309,Camera,692.05,333,73.8,0.005921742181883475,4.297,59.49,0.004624837112193431,0.0004902625966632918,408,6.321,787,1095,3530,0,8,53117,1,78086,530,Normal,0,NF-BoT-IoT-v2
Device_1310,Router,139.99,34,10.6,0.0023711787132226023,4.182,99.61,0.0015205993560500409,0.000550859627156678,591,5.945,161,495,3921,0,8,2141,5,66012,220,DDoS,1,NF-ToN-IoT-v2
Device_1311,Sensor,415.82,441,192.32,0.006486856704110658,4.938,99.44,0.0017273200372241546,8.911379137676445e-05,5408,8.21,248,54,1963,8,8,56172,1,78821,530,Port_Scan,1,NF-ToN-IoT-v2
Device_1312,Router,548.59,169,122.5,0.0034150765243044982,1.768,45.28,0.0033161037025362006,0.0009230182471879272,621,2.522,319,720,2807,0,0,6503,28,25657,226,Normal,0,NF-BoT-IoT-v2
Device_1313,Actuator,402.74,93,165.71,0.009203632741851523,1.919,65.32,0.003947362179007032,0.0007210346602059148,2014,2.402,964,1831,1065,8,0,56488,28,38218,530,Normal,0,NF-ToN-IoT-v2
Device_1314,Sensor,519.61,123,166.81,0.00657182891832381,4.563,50.68,0.0035266225546192066,0.0008032695349018744,3025,3.926,700,159,2295,0,8,41256,15,9815,331,Port_Scan,1,NF-ToN-IoT-v2
Device_1315,Router,996.53,232,22.62,0.0028539787994121967,1.553,73.47,0.003964719584359163,0.0005881830187041881,9660,0.824,531,1318,504,11,8,26884,2,32826,331,Normal,0,NF-CSE-CIC-IDS2018-v2
Device_1316,Actuator,135.22,397,42.46,0.004781976402702909,2.966,94.15,0.002918029392523926,0.0006669086353929695,3390,3.44,756,1844,644,3,8,35540,28,18838,200,Brute_Force,1,NF-CSE-CIC-IDS2018-v2
Device_1317,Camera,675.46,175,69.11,0.00848115463126194,3.683,34.42,0.004327835065286858,0.00039398162752884915,3329,4.122,113,66,3385,11,0,44805,5,18387,200,Normal,0,NF-CSE-CIC-IDS2018-v2
Device_1318,Actuator,396.0,200,70.93,0.0034210931167082104,1.723,82.79,0.002795522977338903,0.0006825041140946524,3677,5.001,924,518,439,8,0,33085,15,16446,425,Normal,0,NF-CSE-CIC-IDS2018-v2
Device_1319,Gateway,133.01,184,135.17,0.005301861644508574,4.723,67.21,0.0012237690735309244,0.0009784010624902266,5709,2.615,790,132,2049,8,8,49423,5,64526,200,DoS,1,NF-CSE-CIC-IDS2018-v2
Device_1320,Actuator,158.74,10,128.4,0.006828732735190074,3.496,31.62,0.0027543354218432293,0.0006512387515048593,2671,9.078,563,768,1545,3,8,47311,1,56803,425,Normal,0,NF-BoT-IoT-v2
Device_1321,Actuator,949.27,396,103.97,0.007569840454384744,0.712,80.74,0.0035934289572690774,0.00034821738564443804,332,2.922,344,772,3865,8,8,17751,2,70621,425,Normal,0,NF-ToN-IoT-v2
Device_1322,Gateway,879.6,238,50.14,0.0018215325331409743,1.111,45.58,0.0033025191631330655,0.0002923867311586432,9914,8.53,123,642,3223,11,0,7021,28,57993,226,Brute_Force,1,NF-BoT-IoT-v2
Device_1323,Router,907.04,95,82.58,0.0056950078163051625,1.359,16.44,0.0012907821385566055,0.0009637124814385925,2752,4.505,750,1137,2457,3,0,43410,1,75053,226,Normal,0,NF-CSE-CIC-IDS2018-v2
Device_1324,Router,991.53,71,113.28,0.009130779014912393,1.602,99.37,0.0003012833172201808,0.0001931522741369844,6350,7.21,319,1372,1871,8,8,56402,15,18962,530,Normal,0,NF-CSE-CIC-IDS2018-v2
Device_1325,Actuator,208.32,329,98.92,0.00968676183694597,3.788,45.44,0.0013371557259139381,0.0008081346455529236,1316,1.198,574,2034,792,8,8,3311,5,41888,331,Normal,0,NF-CSE-CIC-IDS2018-v2
Device_1326,Gateway,355.44,410,34.19,0.006595835921337647,0.9,56.45,0.004921806149143226,0.0004706096690886712,3639,5.492,478,361,1957,8,8,9850,2,4828,226,Normal,0,NF-ToN-IoT-v2
Device_1327,Gateway,669.22,391,133.41,0.00983824196118386,2.078,81.76,0.0010038845779132013,0.0004493221568092726,621,9.612,413,227,2501,8,0,30372,28,18355,200,Normal,0,NF-CSE-CIC-IDS2018-v2
Device_1328,Camera,483.8,215,23.88,0.005750278964863795,4.601,96.28,0.002375421616605378,0.0007500624100990605,3166,6.696,586,445,243,0,8,30271,5,76911,226,DDoS,1,NF-CSE-CIC-IDS2018-v2
Device_1329,Router,418.39,114,81.86,0.004481789794831241,3.005,87.92,0.0032278944168520436,0.00015655804574548398,440,8.221,245,1932,2748,0,8,25018,28,3247,331,Normal,0,NF-ToN-IoT-v2
Device_1330,Sensor,357.81,327,144.91,0.0055607158435876354,1.695,54.88,0.004409418606742757,0.0004716329668834713,8350,2.685,544,1564,2487,0,0,8800,28,23126,220,Normal,0,NF-ToN-IoT-v2
Device_1331,Router,593.78,300,13.8,0.0012455527032088688,4.807,56.84,0.003825267323898017,4.5475350890070825e-05,3353,8.022,457,1536,2294,8,8,33860,5,44982,150,Normal,0,NF-CSE-CIC-IDS2018-v2
Device_1332,Router,575.59,259,118.3,0.0040769876048853395,1.599,31.68,0.0045538702172469555,0.0006737027532963546,4781,3.577,153,99,2955,0,0,3784,28,39225,226,Normal,0,NF-ToN-IoT-v2
Device_1333,Camera,161.46,22,73.56,0.004638210025002235,4.573,48.97,0.003061480098534577,6.77935111141297e-05,5733,4.902,656,1448,2440,8,8,55764,15,49177,220,Normal,0,NF-CSE-CIC-IDS2018-v2
Device_1334,Sensor,471.74,172,11.68,0.008501415207337683,3.766,94.95,0.004340062159826268,9.64159096971481e-05,342,1.961,15,1328,2032,11,0,32390,2,39077,331,DoS,1,NF-ToN-IoT-v2
Device_1335,Camera,553.47,52,46.17,0.007610621068150228,3.832,74.06,0.0013928306859821262,0.0008463781174169111,327,4.908,443,1354,2601,8,0,19241,1,29354,530,Normal,0,NF-CSE-CIC-IDS2018-v2
Device_1336,Sensor,570.29,395,188.78,0.0060541231937255285,3.942,6.13,0.002209767726632337,0.0004485256351457687,6803,5.205,304,902,2311,3,0,1944,2,68809,220,Botnet,1,NF-BoT-IoT-v2
Device_1337,Actuator,210.11,449,109.02,0.0035380446252750723,2.78,16.07,0.0042344851243114445,0.00020896593166276013,2702,6.261,786,1911,2807,3,8,35639,1,5014,220,Brute_Force,1,NF-BoT-IoT-v2
Device_1338,Sensor,742.27,120,199.47,0.0019516423983573052,4.166,92.76,0.001695261972111487,0.000596658730195826,8418,8.699,245,2008,2590,3,8,9134,15,23591,220,Port_Scan,1,NF-CSE-CIC-IDS2018-v2
Device_1339,Camera,25.2,214,109.72,0.0035428737070548164,4.263,85.63,0.004368988506768135,0.0005240904319386862,4530,3.118,791,902,2920,8,0,46420,2,35142,425,Brute_Force,1,NF-CSE-CIC-IDS2018-v2
Device_1340,Router,354.83,393,113.35,0.006830060302495406,2.122,51.19,0.0018792638326528568,0.0004167992434754296,4953,9.843,567,172,1823,3,8,31595,15,51936,200,Data_Exfiltration,1,NF-BoT-IoT-v2
Device_1341,Sensor,780.21,265,84.45,0.0027040742109418277,2.302,63.61,0.0018806340482443776,0.000906362896081854,9723,8.492,554,216,1542,3,0,6604,5,53276,226,Normal,0,NF-CSE-CIC-IDS2018-v2
Device_1342,Sensor,563.89,316,68.91,0.004326178287520743,4.499,32.52,0.001614261282476608,0.0007519634181708226,2268,4.089,899,1721,1055,8,0,9649,1,60878,220,Data_Exfiltration,1,NF-BoT-IoT-v2
Device_1343,Gateway,261.16,447,57.79,0.003929025325328653,2.861,80.32,0.0027800211098240857,0.00016007694254274366,2848,2.344,455,1244,3128,8,0,25940,5,23005,331,Botnet,1,NF-CSE-CIC-IDS2018-v2
Device_1344,Router,694.95,153,75.25,0.0076793416315314965,4.401,62.32,0.0007324368206037278,0.0005750669034479457,1408,0.808,359,1629,1961,0,8,48585,5,67829,150,Normal,0,NF-CSE-CIC-IDS2018-v2
Device_1345,Actuator,567.39,155,97.37,0.00884949191637543,3.32,71.01,0.0002793529940552943,9.785646169771945e-05,1693,2.42,52,1074,1527,8,0,40407,2,59098,425,Brute_Force,1,NF-CSE-CIC-IDS2018-v2
Device_1346,Camera,796.24,400,46.48,0.007023772472428673,3.171,40.62,0.0044973236018578545,0.0002522074307383785,1593,8.857,11,112,1976,0,8,2138,28,70938,150,Botnet,1,NF-ToN-IoT-v2
Device_1347,Actuator,735.03,310,52.73,0.003481862383237038,0.639,45.89,0.00465179744741158,0.000910761743253434,7983,2.991,823,529,3736,8,8,8480,28,20839,530,Normal,0,NF-CSE-CIC-IDS2018-v2
Device_1348,Router,610.11,173,61.59,0.004388452784861285,1.751,24.73,0.000473236243270432,0.0004674591264511598,4877,1.466,600,1597,3872,11,0,23321,15,35409,530,Brute_Force,1,NF-CSE-CIC-IDS2018-v2
Device_1349,Sensor,488.18,178,95.36,0.0015191665251318423,2.759,95.06,0.002793518019311314,0.0008931850406015246,6538,0.324,227,1694,2610,3,8,6115,2,30706,150,Normal,0,NF-CSE-CIC-IDS2018-v2
Device_1350,Sensor,133.18,487,134.03,0.0017641647328894376,3.143,94.92,0.0027444425828003875,0.0001743389759356485,7208,3.047,114,249,2046,11,8,36112,5,33880,425,Brute_Force,1,NF-BoT-IoT-v2
Device_1351,Router,261.33,307,172.67,0.0017264964185124986,3.337,82.69,0.0019249103340463253,0.00021328833003652253,8538,2.24,537,556,2741,8,8,56852,15,71885,200,Normal,0,NF-CSE-CIC-IDS2018-v2
Device_1352,Sensor,419.1,242,64.56,0.0013928049398569712,3.723,93.88,0.0028876336204725892,0.00035929647583642186,1182,1.112,604,1744,1243,11,0,23532,5,46483,226,Normal,0,NF-CSE-CIC-IDS2018-v2
Device_1353,Sensor,599.3,400,44.91,0.0018778541622403889,3.453,68.21,0.002344784794067518,0.0003726623858368721,9773,9.516,972,1393,1546,0,8,7681,15,45059,150,Data_Exfiltration,1,NF-CSE-CIC-IDS2018-v2
Device_1354,Sensor,513.71,280,81.98,0.0021066132055257403,4.319,27.29,0.002499211569602317,0.000747824497528318,110,2.749,87,152,1758,8,0,4686,1,12612,200,Normal,0,NF-BoT-IoT-v2
Device_1355,Camera,288.18,69,179.93,0.001207274843596566,1.83,77.22,0.003801150433127445,0.0006034164563486883,2106,0.161,593,500,2294,8,0,39467,15,14672,331,Port_Scan,1,NF-CSE-CIC-IDS2018-v2
Device_1356,Camera,6.46,305,11.87,0.006438581146653848,3.387,35.9,0.002677205309937174,0.0005577169316871638,3629,9.448,250,1427,499,11,8,46785,15,20303,331,Port_Scan,1,NF-BoT-IoT-v2
Device_1357,Gateway,496.24,476,138.8,0.009904975192363776,0.73,46.85,0.0016859246547460962,0.000606351751759813,2392,5.827,250,1537,1801,3,0,51782,5,36217,200,Port_Scan,1,NF-CSE-CIC-IDS2018-v2
Device_1358,Actuator,285.63,244,100.66,0.008803948772057335,2.661,31.06,0.002949134949235883,0.000734869458798175,1044,0.92,937,210,1665,8,8,12835,28,4486,226,Port_Scan,1,NF-ToN-IoT-v2
Device_1359,Router,734.61,174,40.6,0.0005514669658782536,1.706,45.24,0.003239694585673015,0.0008938884722229979,8726,0.411,421,142,109,3,0,45613,5,67355,331,Botnet,1,NF-CSE-CIC-IDS2018-v2
Device_1360,Router,23.95,203,70.99,0.004288282211047576,2.214,69.54,0.0033453255855968875,0.000420592556912448,6348,1.168,210,40,2987,11,8,15281,2,72799,425,DoS,1,NF-BoT-IoT-v2
Device_1361,Router,584.83,243,52.74,0.008607174734404446,2.096,15.51,0.0031297025897871647,0.0008048966834942308,2389,5.956,951,253,1859,11,8,24298,5,19031,530,Normal,0,NF-BoT-IoT-v2
Device_1362,Gateway,941.47,377,176.79,0.0014332806981207649,0.772,14.99,0.0033565535472397192,0.0005001459142551683,3443,0.713,521,828,2005,11,0,16607,28,41628,530,Botnet,1,NF-ToN-IoT-v2
Device_1363,Camera,174.41,192,101.56,0.008491686951855223,2.6,69.96,0.0016194546399695658,0.000724857460124043,2666,5.725,611,892,2028,0,0,28226,2,35361,226,Normal,0,NF-CSE-CIC-IDS2018-v2
Device_1364,Gateway,471.65,342,116.99,0.005967736314595204,4.976,79.06,0.0022860561740885564,0.0008760755501791699,1859,6.56,548,653,307,8,0,43778,28,18894,200,DDoS,1,NF-BoT-IoT-v2
Device_1365,Router,91.42,241,122.8,0.009319855670701507,1.845,57.39,0.0033766602293463033,4.189267414118541e-05,5263,1.561,57,2034,219,11,0,1521,2,45472,331,Brute_Force,1,NF-CSE-CIC-IDS2018-v2
Device_1366,Actuator,625.68,370,131.53,0.00877278723121781,3.813,22.26,0.003796405853862763,0.0005511634577834127,3975,4.935,63,1703,3529,11,0,50806,5,21565,530,Botnet,1,NF-ToN-IoT-v2
Device_1367,Sensor,550.53,116,104.16,0.006802639788381304,2.965,45.92,0.0022273160304253203,0.0009894868201958708,2328,9.642,338,1163,1025,0,8,38816,28,27671,331,Botnet,1,NF-CSE-CIC-IDS2018-v2
Device_1368,Camera,407.37,387,13.4,0.006612444332739686,1.964,77.03,0.0018901309332330308,0.0005012621703772395,8559,8.381,788,1392,2360,8,8,60972,28,22220,220,DDoS,1,NF-CSE-CIC-IDS2018-v2
Device_1369,Camera,521.38,232,73.6,0.0022103256036798908,0.903,70.14,0.003607825010347006,0.0008656606457756753,7119,7.261,725,235,1008,3,0,37912,1,1627,425,Port_Scan,1,NF-CSE-CIC-IDS2018-v2
Device_1370,Gateway,896.57,89,44.94,0.0012558543748642846,1.471,15.44,0.0011886485811931644,0.0001940408538926611,4577,5.226,815,558,3742,8,0,4772,1,67839,331,Normal,0,NF-ToN-IoT-v2
Device_1371,Camera,196.29,243,139.23,0.004212394956691104,4.018,97.07,0.00014651175812639296,0.0006082442193438683,6017,4.003,532,484,1342,11,8,6307,15,35577,425,Normal,0,NF-ToN-IoT-v2
Device_1372,Router,22.56,390,20.77,0.0019471423909819352,1.756,26.22,0.0024087134120071695,0.0008716029036021008,614,4.569,759,1729,1449,3,8,31010,1,72455,150,Normal,0,NF-BoT-IoT-v2
Device_1373,Router,861.66,193,117.12,0.0011139255050098137,1.149,25.94,0.0009495284586490703,0.0004372178003025835,1843,7.67,6,2003,3983,0,8,12050,28,21923,220,Normal,0,NF-CSE-CIC-IDS2018-v2
Device_1374,Gateway,577.12,437,50.02,0.003093034659401646,1.991,48.69,0.001953585519278076,0.0004918548383159932,9221,5.588,585,977,1800,0,0,10284,15,84359,200,Data_Exfiltration,1,NF-CSE-CIC-IDS2018-v2
Device_1375,Router,890.66,194,190.28,0.00861885043368682,3.128,36.09,0.001527047336290249,9.119772540452761e-05,7956,7.67,619,226,2930,11,8,12655,5,45406,530,Brute_Force,1,NF-CSE-CIC-IDS2018-v2
Device_1376,Actuator,596.95,143,73.75,0.00026976672478177616,3.666,98.48,0.0039085832537191995,5.1750371031098956e-05,1548,9.702,605,292,2026,3,0,62674,15,27245,150,Normal,0,NF-BoT-IoT-v2
Device_1377,Gateway,810.16,229,71.79,0.0029971130490495388,2.243,12.27,0.0017239016470591685,0.0004740212165871534,3987,6.441,511,897,2757,8,0,736,2,60738,150,Normal,0,NF-CSE-CIC-IDS2018-v2
Device_1378,Actuator,429.67,297,185.44,0.004298116633623474,2.742,34.11,0.0032393113778076818,0.0008450405783247226,298,6.071,797,1064,2488,11,0,41105,15,4974,425,Normal,0,NF-CSE-CIC-IDS2018-v2
Device_1379,Sensor,749.86,373,89.3,0.005154640521191338,2.547,41.36,0.003402171723336674,0.0009320110293935678,1880,4.121,461,1271,216,3,8,29594,1,55425,226,Normal,0,NF-ToN-IoT-v2
Device_1380,Actuator,913.04,211,192.94,0.0018976173329915938,0.541,51.88,0.002336625999206541,0.0006620664734266629,5000,2.048,356,1828,3902,3,0,43357,5,13823,220,Port_Scan,1,NF-ToN-IoT-v2
Device_1381,Sensor,572.12,379,14.59,0.009645779978396508,2.28,6.56,0.000497281884091667,0.0008281346133412712,4522,3.805,219,954,2883,3,8,62238,2,25468,425,Data_Exfiltration,1,NF-BoT-IoT-v2
Device_1382,Sensor,180.79,155,68.21,0.0058308431313646766,3.143,12.82,0.003531788921769488,0.0007375056210318213,5813,5.249,367,1168,2351,3,0,65446,15,10431,226,Normal,0,NF-CSE-CIC-IDS2018-v2
Device_1383,Actuator,268.8,333,136.58,0.005268894415864737,3.065,29.49,0.0004683227819093015,0.0007044709686314053,5843,0.445,889,1684,3595,0,8,23362,5,43330,220,Normal,0,NF-CSE-CIC-IDS2018-v2
Device_1384,Gateway,198.64,136,179.26,0.00018734363041037746,3.874,57.63,0.0005861435025334397,0.0007713427677988911,3604,4.81,561,371,3287,3,8,60821,1,49343,220,Botnet,1,NF-CSE-CIC-IDS2018-v2
Device_1385,Router,246.86,466,58.72,0.00490858225602047,3.517,77.94,0.0010603871069969552,0.0005102499228868199,7772,8.635,364,78,1527,3,0,48051,5,69578,150,DDoS,1,NF-ToN-IoT-v2
Device_1386,Router,306.42,144,186.79,0.008392939231606323,1.746,70.22,0.0014738414091619737,0.000463358722461886,2667,9.769,390,861,2714,11,0,33801,5,48002,331,Normal,0,NF-CSE-CIC-IDS2018-v2
Device_1387,Sensor,555.13,123,122.88,0.0022744809762073027,1.65,58.87,0.004247613331573138,0.00016755208701944152,9221,8.57,295,844,303,0,0,16244,2,62802,226,Normal,0,NF-ToN-IoT-v2
Device_1388,Sensor,587.99,273,162.19,0.0035769549270254887,2.589,42.74,0.003407116707812036,0.000845377163541009,4725,1.803,505,520,3318,0,8,6663,28,30299,226,DoS,1,NF-ToN-IoT-v2
Device_1389,Gateway,426.5,73,85.47,0.00030365750040818595,3.798,87.72,0.001997342663242125,5.416774130286561e-05,7190,1.635,288,1377,2421,0,8,13345,1,68780,425,Normal,0,NF-BoT-IoT-v2
Device_1390,Camera,615.42,144,50.31,0.009771582390914572,0.922,48.68,0.004895274510687692,0.0002747696800249558,5452,3.994,177,822,2370,8,8,18665,2,22780,150,Normal,0,NF-CSE-CIC-IDS2018-v2
Device_1391,Actuator,81.57,50,183.13,0.0007598527915676041,4.767,33.43,0.0012936524571874146,0.0005247169856742719,1519,2.332,299,1153,3595,8,8,7348,2,55632,331,Data_Exfiltration,1,NF-ToN-IoT-v2
Device_1392,Sensor,87.79,305,187.3,0.008992389126704737,2.944,64.79,0.0030880904981828465,0.0009718821313968292,9622,6.792,620,1500,494,0,0,38801,2,16265,425,Normal,0,NF-CSE-CIC-IDS2018-v2
Device_1393,Router,171.83,12,104.54,0.0031985783703865015,1.879,70.75,0.004251349133870105,0.0007881132128729383,2657,0.937,284,124,563,11,8,4619,28,16984,425,Normal,0,NF-CSE-CIC-IDS2018-v2
Device_1394,Gateway,518.08,410,11.23,0.005916808379660198,3.62,42.85,0.004029910631988247,0.00037498451240214174,7970,4.493,813,1866,3933,3,0,64237,28,81105,425,Normal,0,NF-CSE-CIC-IDS2018-v2
Device_1395,Actuator,213.99,203,30.86,0.006825223845663434,0.701,7.67,0.000542507967971571,0.0007168089066073108,523,2.876,577,1307,2187,3,8,42687,15,28190,220,Normal,0,NF-CSE-CIC-IDS2018-v2
Device_1396,Gateway,283.28,472,118.88,0.0014942087575680338,2.68,13.94,0.0035166436960052602,0.0009320556941350046,249,5.994,818,1218,360,0,8,60344,15,46568,220,Port_Scan,1,NF-ToN-IoT-v2
Device_1397,Actuator,400.31,119,14.52,0.004493217840025322,2.687,85.33,0.0013635324022081903,0.0005434946170217053,9805,7.991,54,1213,3497,0,0,46943,1,55470,530,Normal,0,NF-CSE-CIC-IDS2018-v2
Device_1398,Actuator,811.87,230,85.41,0.0033221143924417594,1.229,10.37,0.001843094042520787,0.00046732079354593986,8195,9.243,819,610,2294,8,0,41345,1,3925,425,DDoS,1,NF-BoT-IoT-v2
Device_1399,Sensor,13.86,379,67.64,0.0006603644094941069,4.268,61.24,0.0024960607133247105,0.0005574633395515842,238,9.642,811,169,1146,0,8,43280,28,13986,331,Normal,0,NF-BoT-IoT-v2
Device_1400,Gateway,649.38,377,145.73,0.008348617178492489,4.086,22.45,0.003974675813720428,0.00031841474074244296,7165,3.577,320,1439,3687,8,8,61363,28,44918,220,Normal,0,NF-ToN-IoT-v2
Device_1401,Gateway,668.88,445,20.56,0.0005471607893250296,1.187,26.75,0.0009143870690783315,0.0009082753225773487,1970,8.573,479,343,3692,0,0,54091,28,852,226,Normal,0,NF-BoT-IoT-v2
Device_1402,Router,798.66,415,102.86,0.0065672537988902815,2.137,30.97,0.000631920651694122,0.0007993089943368623,2161,5.96,542,321,1493,3,8,10566,2,6656,226,DDoS,1,NF-CSE-CIC-IDS2018-v2
Device_1403,Router,932.75,13,120.03,0.0032093660265564853,0.952,8.64,0.0008518621007138588,0.0007084292712297443,8220,6.953,758,96,590,0,8,55630,28,26188,226,Data_Exfiltration,1,NF-BoT-IoT-v2
Device_1404,Sensor,20.14,253,127.29,0.0020020803392984793,4.319,21.84,0.0011692953244007175,0.0005932011597570162,8281,8.526,722,1829,1819,3,0,33281,2,32524,150,DDoS,1,NF-ToN-IoT-v2
Device_1405,Sensor,153.78,399,86.98,0.0067041519082219,1.955,66.8,0.0003915590836740427,0.0009697800306676665,4380,1.388,221,1253,1872,0,0,57370,2,57806,220,Botnet,1,NF-CSE-CIC-IDS2018-v2
Device_1406,Camera,886.17,175,67.83,0.005787923373809439,2.477,52.38,0.004639146700893379,0.0003047286721796762,5796,9.479,682,1738,1274,8,0,14233,1,7092,150,DoS,1,NF-CSE-CIC-IDS2018-v2
Device_1407,Router,458.52,35,139.67,0.0032210369480108157,1.957,80.75,0.001663508694734867,0.00029030381325778105,842,5.519,934,1583,4011,0,8,33432,5,86322,220,DDoS,1,NF-ToN-IoT-v2
Device_1408,Actuator,564.59,404,171.04,0.005178311407766469,1.895,10.82,0.0009671805863454608,0.0002497169495345504,6524,3.426,343,734,1112,11,0,34955,15,20154,226,Botnet,1,NF-ToN-IoT-v2
Device_1409,Gateway,663.03,483,141.79,0.0025377473019414735,3.863,89.45,0.0032253875980421437,0.0007443582287584832,4281,3.453,214,992,362,3,0,44944,15,22657,226,Normal,0,NF-BoT-IoT-v2
Device_1410,Sensor,679.07,26,187.1,0.008650594944126653,3.864,99.66,0.003956280981956482,0.0007993127834755573,8368,7.535,322,1956,3327,3,0,22208,1,5202,331,DoS,1,NF-ToN-IoT-v2
Device_1411,Gateway,931.74,225,146.28,0.0032068059252389,2.83,6.5,0.003790847411446942,0.000601143034405025,2091,6.819,581,1592,2802,3,8,39006,1,31900,220,DoS,1,NF-CSE-CIC-IDS2018-v2
Device_1412,Gateway,996.95,101,155.28,0.002527014992560161,3.459,96.93,0.003621665244656752,0.0006554638732347362,5356,7.322,746,1305,636,0,0,22695,28,77908,530,Normal,0,NF-ToN-IoT-v2
Device_1413,Camera,720.16,492,41.9,0.007543153739490547,2.802,27.41,0.00034759687964603883,0.0003554711569603289,3805,2.605,15,570,4076,11,8,50692,28,21086,530,Normal,0,NF-ToN-IoT-v2
Device_1414,Router,287.22,40,89.71,0.00027416563113975736,0.629,70.79,0.003932581644180187,4.9359967048153496e-05,1116,1.785,957,1737,1218,11,8,9947,28,70706,200,DoS,1,NF-CSE-CIC-IDS2018-v2
Device_1415,Sensor,879.75,214,102.16,0.0027533161476521457,0.797,32.79,0.0025592053421341046,0.00026109948520484054,8388,7.246,480,148,1848,8,0,12315,2,40265,530,Normal,0,NF-ToN-IoT-v2
Device_1416,Gateway,49.22,428,58.7,0.0038164126844466143,2.227,54.57,0.003280521498154432,0.0005884601948591217,1094,3.055,878,923,739,8,8,61176,2,45921,150,Normal,0,NF-CSE-CIC-IDS2018-v2
Device_1417,Sensor,231.08,409,110.42,0.00883415582173468,3.874,53.49,0.00478648066024221,0.0008148033555605448,9846,2.302,134,598,3102,8,0,51783,28,72068,226,DDoS,1,NF-CSE-CIC-IDS2018-v2
Device_1418,Actuator,897.39,216,65.25,0.009509373845228607,4.61,39.31,0.004072295438522874,0.0007794230286486673,7041,2.225,718,517,2615,11,8,39925,2,24341,331,Normal,0,NF-BoT-IoT-v2
Device_1419,Camera,256.19,116,140.63,0.007193131872448104,0.634,73.17,0.004144322845207424,0.0001876924905512494,9324,1.569,24,1418,3342,3,0,8499,1,8364,530,Port_Scan,1,NF-ToN-IoT-v2
Device_1420,Actuator,220.65,155,99.35,0.004976064631995633,2.156,61.97,0.000989189372503041,6.093174797546601e-05,8374,4.325,377,1081,2349,3,8,44429,28,4735,331,Brute_Force,1,NF-CSE-CIC-IDS2018-v2
Device_1421,Sensor,138.13,376,97.17,0.0064421533356711184,1.507,53.29,0.002434443918983016,0.000852054439596081,9827,2.683,597,815,2303,8,8,28805,15,72735,226,DDoS,1,NF-CSE-CIC-IDS2018-v2
Device_1422,Sensor,859.11,110,196.89,0.004198610411645198,4.168,98.37,0.004751694876550744,8.48333403756251e-05,4625,8.949,142,1043,1115,8,8,43793,15,12674,220,Normal,0,NF-CSE-CIC-IDS2018-v2
Device_1423,Router,500.06,377,84.56,0.0030583757353018115,4.307,94.3,0.0029551577351464562,0.00039937815016117585,5309,6.922,652,908,3242,0,0,11556,2,49824,331,Brute_Force,1,NF-ToN-IoT-v2
Device_1424,Gateway,674.89,327,78.84,0.009511811874582322,1.429,95.77,0.0006026732118447677,0.00010328340021706653,612,7.464,439,651,3358,0,0,34761,15,51681,220,Normal,0,NF-BoT-IoT-v2
Device_1425,Gateway,239.07,377,70.53,0.0012423632671982458,3.699,88.73,0.0036859171419376825,0.0005684082233441207,2022,4.096,324,1657,1467,11,8,703,28,4172,530,Normal,0,NF-BoT-IoT-v2
Device_1426,Actuator,758.04,250,180.0,0.0035292963236960794,3.793,29.24,0.0003103415508147445,0.00036970306687564113,1797,6.042,122,1548,492,0,0,6638,15,27406,331,DDoS,1,NF-BoT-IoT-v2
Device_1427,Camera,760.01,498,104.38,0.009000980703609872,1.297,38.25,0.0037372566083183193,0.00021046868162349742,2014,5.058,300,1412,2195,8,8,354,1,66433,530,DDoS,1,NF-CSE-CIC-IDS2018-v2
Device_1428,Gateway,312.6,420,124.0,0.007259100162815428,2.452,26.95,0.004410885872900973,0.0005992159915358609,4853,1.758,341,1467,561,8,0,33314,2,2977,150,Normal,0,NF-BoT-IoT-v2
Device_1429,Router,410.68,256,44.36,0.00038810436809746826,3.292,98.69,0.0021837256890053407,0.0003697578719808927,6916,0.574,977,1531,2348,8,0,14973,15,30273,220,DoS,1,NF-CSE-CIC-IDS2018-v2
Device_1430,Actuator,209.69,172,112.78,0.0003286867669000466,0.617,19.5,0.0021267030286269274,0.00017512036920359347,8938,6.867,989,445,2260,3,8,5136,2,43888,331,Normal,0,NF-ToN-IoT-v2
Device_1431,Actuator,976.56,381,62.18,0.005213473379983289,2.321,39.82,0.0015906357485481603,0.0007030855484386204,897,1.3,179,1949,3930,8,0,109,1,60269,226,Port_Scan,1,NF-ToN-IoT-v2
Device_1432,Router,645.6,182,148.82,0.004894105256677215,1.197,23.91,0.004396997597008291,0.0008384402267835526,8368,0.668,208,1177,914,0,0,50650,15,35537,200,Data_Exfiltration,1,NF-CSE-CIC-IDS2018-v2
Device_1433,Camera,934.54,44,168.18,0.004485616232697551,2.939,26.23,0.0027841445598370956,0.00028100514537662016,6324,4.474,978,1516,2723,11,8,36439,28,5066,530,DDoS,1,NF-CSE-CIC-IDS2018-v2
Device_1434,Router,303.39,293,145.81,0.0030932032422061884,4.293,28.47,0.002938373709109632,0.00019456079534382187,6797,7.406,166,1912,2955,0,8,63497,5,55813,226,Normal,0,NF-ToN-IoT-v2
Device_1435,Camera,781.89,368,148.75,0.009867723326155027,2.861,65.77,0.003342366215164777,8.449934336562526e-05,9033,7.712,41,460,1122,3,0,57906,15,9808,220,Normal,0,NF-CSE-CIC-IDS2018-v2
Device_1436,Router,765.86,390,107.37,0.0027926744975354766,0.662,12.22,0.0015711316430580976,0.0005326231038195045,1325,8.747,634,274,1007,0,8,44143,1,31519,530,Normal,0,NF-BoT-IoT-v2
Device_1437,Router,691.66,367,145.3,0.004951398043761563,0.633,59.39,0.0022206529256170175,0.0008329807627492025,5666,2.072,556,1458,2208,0,0,31568,5,16942,425,DDoS,1,NF-CSE-CIC-IDS2018-v2
Device_1438,Sensor,965.64,402,90.31,0.0041084416585483565,3.225,82.83,0.003733868234810864,0.0002582819960503178,9256,9.858,75,1836,4003,3,0,58931,15,3380,226,DDoS,1,NF-CSE-CIC-IDS2018-v2
Device_1439,Actuator,393.56,469,133.78,0.0017854693170212467,1.976,77.82,0.004928886145841028,0.00046603139391412294,6022,7.656,480,283,3368,0,0,56044,2,47305,530,Data_Exfiltration,1,NF-CSE-CIC-IDS2018-v2
Device_1440,Router,130.72,408,59.22,0.002105926309340258,3.077,19.36,0.00026809714631619816,0.000169195418913302,5136,1.656,348,1130,2518,3,0,64831,1,42409,226,Normal,0,NF-ToN-IoT-v2
Device_1441,Router,671.71,30,23.25,0.009191197145896751,1.236,91.9,0.00030897763993818046,0.0004101588157536914,8603,8.423,272,143,3071,0,0,64800,15,70227,425,Botnet,1,NF-ToN-IoT-v2
Device_1442,Gateway,729.31,317,88.56,0.008596969256273956,3.996,78.16,0.002197604161716348,2.5290656479920484e-05,2746,5.04,994,1718,2636,3,8,14944,1,8746,200,Port_Scan,1,NF-BoT-IoT-v2
Device_1443,Actuator,575.06,172,97.74,0.0020705386276214884,4.373,5.5,0.003332146990567105,0.0009116217771749182,7784,0.759,946,813,1845,11,8,40720,28,41953,425,Normal,0,NF-ToN-IoT-v2
Device_1444,Gateway,206.82,499,58.72,0.008769059976704184,4.502,75.05,0.0019931866616930524,0.000679806176050563,2831,1.407,990,1001,989,11,0,33233,5,79204,226,Normal,0,NF-CSE-CIC-IDS2018-v2
Device_1445,Actuator,504.46,106,148.26,0.002170942687800341,1.868,75.06,0.004998229404429379,0.00033948558045842405,8924,4.396,166,1665,552,3,0,46459,5,72467,331,Port_Scan,1,NF-CSE-CIC-IDS2018-v2
Device_1446,Gateway,312.19,316,23.97,0.006302808585302202,3.473,52.2,0.0010572603646220656,0.000882386277455463,4794,5.352,762,391,467,8,8,32944,28,34561,150,Normal,0,NF-ToN-IoT-v2
Device_1447,Router,427.47,348,52.32,0.0009046771808748687,1.756,9.37,0.00013883474423639474,0.0001911003331387138,5645,9.48,86,798,837,3,8,46443,5,46179,530,Data_Exfiltration,1,NF-ToN-IoT-v2
Device_1448,Router,645.22,64,152.23,0.00881565929996527,3.932,60.09,0.0010316338753325687,8.794639453711759e-05,3781,2.236,901,950,1310,0,8,55013,5,16910,200,Normal,0,NF-ToN-IoT-v2
Device_1449,Sensor,745.21,480,93.05,0.0006098529647081231,1.042,77.75,0.004445527637996375,0.0009431953653344336,514,4.794,649,199,466,8,0,27774,28,84836,220,DoS,1,NF-ToN-IoT-v2
Device_1450,Gateway,232.22,342,144.0,0.005593934603586254,3.932,30.73,0.0008112300650554767,0.00031592679211853484,9834,2.336,845,1305,2562,8,8,21766,2,41197,331,Port_Scan,1,NF-BoT-IoT-v2
Device_1451,Camera,405.33,136,117.82,0.007819144099285812,2.479,68.37,0.0024469764235025395,0.0009366136601673691,9063,5.628,551,1887,3721,8,8,45040,5,5614,220,Port_Scan,1,NF-BoT-IoT-v2
Device_1452,Sensor,269.16,437,190.64,0.001256663890465744,4.35,38.62,0.0021544532855350958,0.0006412367900800787,4579,9.102,599,789,1865,3,0,46041,2,17915,200,DDoS,1,NF-BoT-IoT-v2
Device_1453,Gateway,198.63,202,123.58,0.004104354648251866,3.825,59.52,0.0033620540743265316,0.0009802425034873166,7299,5.721,155,244,247,3,8,52079,1,13472,200,Normal,0,NF-BoT-IoT-v2
Device_1454,Gateway,783.39,252,12.83,0.000515306499751496,2.194,41.53,0.0003675183734553194,0.0007558949200902963,8778,5.15,672,1498,2388,8,8,5056,1,15666,226,Normal,0,NF-BoT-IoT-v2
Device_1455,Sensor,909.25,358,77.05,0.006859250515665597,4.566,33.86,0.0033278758382245073,0.00011442902825901505,7632,7.526,576,819,958,3,8,58238,5,71763,425,Normal,0,NF-ToN-IoT-v2
Device_1456,Router,370.23,97,37.18,0.003143750990117384,1.775,86.31,0.0018382830555134435,0.0008537063803057275,6507,1.561,223,1983,3703,11,0,64957,1,67345,200,DDoS,1,NF-CSE-CIC-IDS2018-v2
Device_1457,Gateway,751.28,345,185.68,0.005638012921920853,4.851,76.61,0.0046375938395042445,0.00015639973730268862,7409,9.066,417,1901,1656,0,0,50634,28,74646,220,Port_Scan,1,NF-BoT-IoT-v2
Device_1458,Router,897.0,418,29.76,0.00933404947716158,3.952,37.82,0.004259547914970939,0.0006952756297165709,8321,5.819,362,823,3521,0,0,6409,5,71924,200,Brute_Force,1,NF-CSE-CIC-IDS2018-v2
Device_1459,Sensor,846.12,224,83.66,0.0031279952691489394,4.958,46.29,0.0020575806175401716,0.0005054033749291306,8421,6.894,346,77,1580,0,8,13598,28,43023,150,Port_Scan,1,NF-BoT-IoT-v2
Device_1460,Router,182.81,101,52.96,0.0005814119691892492,0.743,70.71,0.004965170033237478,0.0007106477580630391,8045,8.208,146,1073,3430,3,8,45080,2,2531,226,Normal,0,NF-CSE-CIC-IDS2018-v2
Device_1461,Actuator,956.29,312,170.88,0.006788714900217135,1.733,82.05,0.0003545243880156112,0.0007673396373415164,5289,6.387,716,910,124,0,8,25784,15,53688,200,DDoS,1,NF-ToN-IoT-v2
Device_1462,Camera,376.68,473,68.63,0.007889727231690258,3.836,70.01,0.003964297878314534,0.000805628559299183,4314,6.448,67,789,1772,11,0,56384,15,26346,150,Data_Exfiltration,1,NF-ToN-IoT-v2
Device_1463,Gateway,339.24,244,198.46,0.009582898742788002,4.65,56.39,0.0022257989677340767,0.0008366303313687579,2474,7.323,517,1405,1053,0,0,16810,5,85914,530,Normal,0,NF-CSE-CIC-IDS2018-v2
Device_1464,Camera,62.43,193,17.34,0.0016622286825540918,0.629,95.67,0.0022231952084791682,0.0008487522763341473,4083,0.617,974,1275,3757,11,8,1527,28,37002,530,Port_Scan,1,NF-ToN-IoT-v2
Device_1465,Router,486.17,47,34.37,0.003982185258649884,0.5,78.54,0.0009336556109121792,0.00041844868225719554,307,3.884,59,719,2011,3,8,5250,15,49208,220,Normal,0,NF-CSE-CIC-IDS2018-v2
Device_1466,Gateway,109.01,148,52.68,0.0084569905542522,1.653,15.98,0.002622911607864078,0.0008903357914702855,8239,9.633,588,429,209,3,8,15158,5,50187,220,Normal,0,NF-CSE-CIC-IDS2018-v2
Device_1467,Router,248.54,204,164.11,0.008088026793361907,4.338,58.02,0.0005151206347124178,0.0007223844510101308,9273,2.654,772,1801,1613,0,0,29999,15,31266,150,Normal,0,NF-BoT-IoT-v2
Device_1468,Actuator,316.94,24,176.92,0.006285477502605239,3.952,43.91,0.0031212281771018486,0.0008405812221041396,4402,5.468,760,2005,246,8,8,5952,15,76030,150,Normal,0,NF-ToN-IoT-v2
Device_1469,Sensor,808.83,266,23.58,0.00276674859750667,2.031,80.52,0.0012837931601840475,0.000989299439335954,7011,1.837,16,692,378,11,8,47558,1,71571,425,Brute_Force,1,NF-CSE-CIC-IDS2018-v2
Device_1470,Gateway,875.49,144,16.17,0.0029119493774426982,0.509,9.24,0.0036518044242699133,0.00012525059471122537,6790,3.3,587,129,4012,8,8,19178,5,13430,200,Normal,0,NF-CSE-CIC-IDS2018-v2
Device_1471,Actuator,302.47,10,151.47,0.0013276296467790113,2.996,44.02,0.003076071439457206,0.00037687390070855403,211,7.199,868,1060,722,11,0,27760,15,13444,530,Botnet,1,NF-BoT-IoT-v2
Device_1472,Actuator,858.7,58,35.34,0.009226351370480506,1.571,35.24,0.0037573845428820847,0.0008084815504992025,7253,6.467,486,1951,2855,3,8,26482,5,8551,226,Data_Exfiltration,1,NF-ToN-IoT-v2
Device_1473,Gateway,857.23,105,35.27,0.001812021994930509,3.855,18.41,0.003773736144147635,9.544043668229535e-05,4809,4.202,889,190,1059,3,0,59963,1,6081,226,Data_Exfiltration,1,NF-BoT-IoT-v2
Device_1474,Router,764.65,210,14.25,0.005771577351681074,2.509,40.99,0.0010638743215801618,0.0005453732548177356,5140,9.387,176,2018,2920,11,0,27149,5,13466,530,Normal,0,NF-BoT-IoT-v2
Device_1475,Actuator,146.7,422,19.46,0.005885079028122919,3.554,68.92,0.00010330617448432081,0.0008598139793388493,1509,7.773,322,118,715,11,8,49238,1,69583,331,Normal,0,NF-ToN-IoT-v2
Device_1476,Camera,690.32,35,60.1,0.0037590938678331615,4.335,39.36,0.0018922301710244144,2.8801350576084138e-05,8997,2.752,461,1798,1747,3,0,52719,15,84954,150,Normal,0,NF-CSE-CIC-IDS2018-v2
Device_1477,Actuator,945.02,352,22.35,0.003589932763954006,2.911,60.1,0.0046034391574028945,0.0009401237095734817,5972,4.708,136,1175,3041,11,0,22352,15,27981,220,Botnet,1,NF-ToN-IoT-v2
Device_1478,Router,682.54,438,80.09,0.00671902534372697,2.012,61.32,0.0029317069847155874,0.0009783633756655567,8232,8.793,428,474,956,11,8,31757,15,5206,530,Normal,0,NF-CSE-CIC-IDS2018-v2
Device_1479,Router,331.62,244,168.23,0.003944148001690537,3.963,60.78,0.0036647598275625823,0.00032905812041115573,6375,0.322,789,203,2147,8,0,41352,1,39740,331,DoS,1,NF-CSE-CIC-IDS2018-v2
Device_1480,Camera,500.58,358,72.0,0.002625642394046207,1.693,55.31,0.00440989465386541,0.0007691232794761507,7093,5.857,794,1631,2900,0,8,65364,2,44438,150,Normal,0,NF-BoT-IoT-v2
Device_1481,Actuator,645.73,253,148.29,0.004051403853760307,4.512,16.11,0.004539685413851016,0.00013590434163780694,4299,2.396,998,1661,3191,8,8,31404,1,83820,150,Data_Exfiltration,1,NF-CSE-CIC-IDS2018-v2
Device_1482,Router,510.57,367,27.84,0.008095854568888906,0.821,25.75,0.0026922232708161934,0.0007751356278219031,2700,0.732,931,713,2066,3,8,55809,1,44155,530,Data_Exfiltration,1,NF-CSE-CIC-IDS2018-v2
Device_1483,Gateway,119.95,490,135.28,0.009668136705798738,4.26,81.01,0.0027506162160690698,0.0004867064640256651,4957,9.137,911,266,1128,8,8,8947,28,38404,331,Normal,0,NF-ToN-IoT-v2
Device_1484,Sensor,312.06,336,70.18,0.006395907281493064,0.912,52.72,0.004269600322042271,0.0008616703477429301,7906,8.181,680,1533,2494,3,0,6303,15,76203,226,Normal,0,NF-CSE-CIC-IDS2018-v2
Device_1485,Sensor,802.4,405,152.45,0.007842802132292654,0.753,72.08,0.004056678632921067,0.0002204803630034388,6905,1.934,542,152,232,11,0,7943,15,78716,150,Normal,0,NF-ToN-IoT-v2
Device_1486,Sensor,861.42,360,35.89,0.005374966126994842,2.135,59.14,0.0035244071395366824,0.0006759313737098171,7598,8.386,322,528,234,0,0,48419,28,61990,425,Port_Scan,1,NF-ToN-IoT-v2
Device_1487,Actuator,137.3,425,180.6,0.006285749106725035,4.804,8.68,0.0030618750411699016,0.0007882579826716922,5139,1.55,336,643,3753,3,8,61657,2,9766,331,Normal,0,NF-CSE-CIC-IDS2018-v2
Device_1488,Camera,952.39,383,56.09,0.009882057901691943,4.926,80.64,0.0031243540026349445,0.0002104673425998044,9139,4.814,781,453,802,0,8,58788,5,38930,200,Normal,0,NF-CSE-CIC-IDS2018-v2
Device_1489,Router,328.82,413,77.1,0.004440346760548925,1.409,11.11,0.0018782655886545872,0.0008201044047941232,3043,7.285,513,166,3591,0,0,41742,15,65161,200,Port_Scan,1,NF-ToN-IoT-v2
Device_1490,Gateway,662.31,384,190.53,0.0007559214998465795,1.169,94.6,0.0042204969622682866,0.0009584056459324505,8167,5.385,171,346,2709,8,8,37409,15,19827,220,Normal,0,NF-ToN-IoT-v2
Device_1491,Gateway,751.83,60,119.91,0.00957436848641161,2.088,25.46,0.003127120554927578,0.0006199178139214247,8460,8.523,924,100,3626,3,8,5780,1,62253,530,DDoS,1,NF-BoT-IoT-v2
Device_1492,Actuator,811.95,90,79.5,0.007951311036945121,2.017,53.68,0.0011952875049835018,0.0007870019126226449,6800,6.207,129,229,1381,8,0,14294,2,7967,530,Normal,0,NF-CSE-CIC-IDS2018-v2
Device_1493,Sensor,945.75,45,190.42,0.004043272641849356,3.918,11.04,0.0012752320646967378,0.0005372580207660492,1084,4.376,680,848,3793,11,0,38408,2,7660,226,Port_Scan,1,NF-CSE-CIC-IDS2018-v2
Device_1494,Actuator,312.92,76,72.52,0.009825711030865412,2.498,90.02,0.004321854767488825,0.0006021223273856745,1207,9.259,418,1773,1351,11,8,6183,2,85731,530,Port_Scan,1,NF-BoT-IoT-v2
Device_1495,Camera,858.51,138,28.03,0.003520803928451399,4.009,98.09,0.003165966973619285,2.3218910180422452e-05,8398,0.459,397,42,2358,3,8,7933,2,50100,331,Normal,0,NF-ToN-IoT-v2
Device_1496,Camera,131.69,379,199.4,0.0037839899404794844,3.869,18.9,0.0020536502292968655,0.0005290443941676668,7532,4.935,61,900,2049,3,8,59417,28,20115,226,Port_Scan,1,NF-BoT-IoT-v2
Device_1497,Router,705.04,164,60.89,0.006136340396580216,3.102,33.1,0.0010167937202529092,0.0005798081123257997,4442,6.642,117,1185,211,11,0,16874,1,41145,226,Port_Scan,1,NF-CSE-CIC-IDS2018-v2
Device_1498,Router,741.98,254,171.74,0.0028160391229380315,4.251,6.51,0.003090058268901488,0.0006733470703077326,1653,8.377,834,766,504,3,8,20373,28,27720,331,Botnet,1,NF-ToN-IoT-v2
Device_1499,Camera,677.72,120,41.45,0.007015857702794255,1.38,79.76,0.0010031208620955748,0.00017769670274436175,2102,5.457,635,1165,425,8,0,52620,28,18012,150,Port_Scan,1,NF-CSE-CIC-IDS2018-v2
Device_1500,Camera,252.31,177,148.96,0.0016132180091100088,1.228,34.59,0.002403818452969675,0.0002489605197612416,8204,8.867,772,1082,2333,8,0,50200,5,42670,200,Brute_Force,1,NF-BoT-IoT-v2
Device_1501,Camera,873.04,490,109.65,0.00116945066164572,3.878,60.94,0.003419801617782058,0.0007584445853753402,597,4.32,473,1455,721,3,0,16582,1,59329,220,DDoS,1,NF-BoT-IoT-v2
Device_1502,Actuator,168.86,477,196.37,0.005395292274885141,1.602,8.73,0.0028705356281734915,0.00017596243182709198,5049,3.24,738,1375,171,8,8,41330,2,27952,150,DDoS,1,NF-ToN-IoT-v2
Device_1503,Camera,53.63,151,115.04,0.005599387455704572,0.513,72.97,0.004618289510618715,0.00042186581166189953,1521,9.741,397,1249,4091,3,0,12378,1,20361,226,DDoS,1,NF-BoT-IoT-v2
Device_1504,Gateway,717.46,365,14.75,0.0011558851893339374,4.604,55.29,0.00029463388907366797,0.00025798531679900664,3574,6.705,804,2000,1302,8,0,8590,2,54064,226,Normal,0,NF-BoT-IoT-v2
Device_1505,Sensor,475.48,206,124.74,0.009645344985198395,3.303,73.87,0.001470994891671874,0.0005497322625855358,6080,4.315,864,1401,3892,8,0,16843,5,77213,331,Normal,0,NF-CSE-CIC-IDS2018-v2
Device_1506,Camera,849.1,480,37.61,0.00577553791031013,2.502,80.01,0.0003797218960661073,0.0009870021723433944,4473,8.794,957,47,3265,0,8,51756,15,81054,530,Normal,0,NF-BoT-IoT-v2
Device_1507,Sensor,383.4,118,161.72,0.0015952464257195684,3.766,13.48,0.0010535607271053475,0.0008535175187015104,8833,6.862,698,1128,4073,8,0,30944,28,3512,200,DoS,1,NF-ToN-IoT-v2
Device_1508,Actuator,168.28,385,172.75,0.0031832809908897606,2.0,59.92,0.0007075183456431004,0.0002767795965619742,7410,6.416,597,979,639,3,8,23316,5,73507,200,DDoS,1,NF-ToN-IoT-v2
Device_1509,Sensor,836.44,88,101.6,0.00802231871793831,4.791,66.74,0.0036900419723991337,0.00037492569247265823,9080,7.313,218,1683,363,8,8,30808,28,52334,530,Normal,0,NF-BoT-IoT-v2
Device_1510,Actuator,548.91,399,158.81,0.005279992125868766,0.809,54.09,0.0019099421123425502,0.0009194472466728611,8647,7.409,655,1256,3570,8,8,23847,2,19049,220,Normal,0,NF-BoT-IoT-v2
Device_1511,Gateway,189.2,170,37.57,0.0019626686506109005,3.384,22.33,0.004632716928894801,0.0008993120226311912,5743,4.981,477,1700,1956,11,0,11438,2,6804,150,Normal,0,NF-CSE-CIC-IDS2018-v2
Device_1512,Actuator,720.38,448,103.49,0.0011182048234118674,3.998,80.58,0.00021455083629114558,0.00016892275806416673,9518,4.251,602,1219,1449,3,0,54613,5,35609,425,Normal,0,NF-BoT-IoT-v2
Device_1513,Actuator,511.11,28,84.85,0.0043646666811511005,2.611,99.76,0.003299328506226472,0.0008309784204369882,8541,9.102,853,38,287,8,8,37436,15,80535,220,Normal,0,NF-ToN-IoT-v2
Device_1514,Router,604.31,136,126.15,0.0034404056159956986,3.897,97.08,0.004855669521300893,0.00030463182573957733,6278,5.023,268,92,2688,0,0,1293,15,56708,226,Port_Scan,1,NF-BoT-IoT-v2
Device_1515,Camera,460.9,214,18.45,0.006593581789571538,4.671,78.87,0.0009616097270690913,0.0005483651277250868,631,2.237,76,1407,3622,11,8,10951,28,81496,425,Brute_Force,1,NF-BoT-IoT-v2
Device_1516,Camera,828.71,38,152.9,0.009259945170816537,3.848,44.72,0.002267917928399351,1.5047405397296143e-05,8850,5.264,69,956,3712,0,8,10583,2,50580,226,Normal,0,NF-BoT-IoT-v2
Device_1517,Gateway,829.56,454,25.03,0.002552529829164172,1.892,37.04,0.003539260466734343,0.0009986042889871935,1719,0.441,445,516,1461,0,8,63298,2,3432,200,DDoS,1,NF-CSE-CIC-IDS2018-v2
Device_1518,Gateway,709.39,463,134.73,0.008566815939500167,3.028,11.51,0.003202376196683522,0.0007634855049519641,1391,7.261,298,663,3003,11,8,61003,15,3765,226,Normal,0,NF-CSE-CIC-IDS2018-v2
Device_1519,Camera,105.4,216,13.51,0.009212573586607485,4.602,44.55,0.0028735329397717867,0.00024931572929973725,3224,1.357,474,1506,2805,0,0,17582,2,68000,150,Data_Exfiltration,1,NF-BoT-IoT-v2
Device_1520,Router,838.85,473,168.06,0.009029825734752025,2.521,19.82,0.0017011050225665852,0.0006869569451976698,4980,1.206,160,1469,3120,3,0,25045,2,15045,150,Botnet,1,NF-BoT-IoT-v2
Device_1521,Camera,671.01,289,43.19,0.009525565566459811,3.568,29.16,0.0036681797723112156,0.0003003742891952451,4213,9.469,898,967,1195,3,0,54159,5,68785,220,Botnet,1,NF-CSE-CIC-IDS2018-v2
Device_1522,Router,697.02,160,107.94,0.008436875359079825,2.595,89.73,0.0033009508576348477,9.856125584615637e-05,9419,7.748,8,1086,1438,0,0,21318,15,29044,425,DoS,1,NF-CSE-CIC-IDS2018-v2
Device_1523,Gateway,362.98,249,59.68,0.005975511453427036,1.046,97.01,0.0008977213986743822,0.00043105685680345905,4011,4.201,731,591,2534,3,8,23313,15,64738,150,Normal,0,NF-BoT-IoT-v2
Device_1524,Sensor,879.28,275,147.3,0.004157476377231396,0.764,95.11,0.004824044583397912,0.0006175816738192087,7259,2.472,485,122,1479,8,8,42924,1,83097,226,DDoS,1,NF-BoT-IoT-v2
Device_1525,Gateway,725.37,191,71.06,0.004967709081734336,4.785,23.37,0.002822797253806585,9.887968362896751e-05,1207,8.451,822,1573,1922,8,0,13306,15,70401,331,Normal,0,NF-CSE-CIC-IDS2018-v2
Device_1526,Gateway,112.59,114,147.68,0.008738860531288094,3.256,90.58,0.0026747618450759176,0.0005232222355436533,5527,9.689,904,477,3758,8,8,15382,15,49887,425,Botnet,1,NF-ToN-IoT-v2
Device_1527,Actuator,407.78,434,64.13,0.0030838439364301064,0.967,18.44,0.004256359720178601,0.0005197155901210549,5370,5.133,88,1340,2187,0,0,27161,1,11642,200,Normal,0,NF-CSE-CIC-IDS2018-v2
Device_1528,Actuator,886.38,442,152.97,0.0016766907739768347,4.358,53.23,0.0032380262020819854,0.000632358788207566,6596,5.843,141,1448,2361,0,8,51429,2,76258,200,Brute_Force,1,NF-CSE-CIC-IDS2018-v2
Device_1529,Actuator,47.2,410,15.82,0.0014941102595245723,2.852,66.15,0.00046494850437123875,0.0002521991821451591,1787,2.506,541,981,304,3,8,59073,2,71788,200,Normal,0,NF-CSE-CIC-IDS2018-v2
Device_1530,Actuator,961.42,449,63.83,0.008287246638059504,3.974,48.93,0.0025822879315722733,3.043506841340768e-05,6087,5.934,525,1651,3361,3,0,39041,28,10277,331,DoS,1,NF-CSE-CIC-IDS2018-v2
Device_1531,Router,679.16,245,104.74,0.007638708294667968,1.07,95.42,0.003924922815180665,0.00033160893165834894,4571,4.066,826,1937,2928,3,8,42133,2,10111,226,Port_Scan,1,NF-ToN-IoT-v2
Device_1532,Camera,631.38,182,18.56,0.005026688876358781,4.581,36.66,0.003529902588866767,0.00040459538060043983,5781,8.471,575,1194,3608,0,8,27250,15,84546,150,Normal,0,NF-ToN-IoT-v2
Device_1533,Sensor,270.56,167,45.35,0.0028212271381123162,3.157,55.1,0.00485676674829946,0.0006393836441336224,3575,3.833,343,1842,1763,3,0,8357,28,3558,226,Normal,0,NF-CSE-CIC-IDS2018-v2
Device_1534,Gateway,248.79,181,187.56,0.006808370437871854,3.822,12.17,0.000222089770461062,0.000930870143652499,2677,6.523,687,361,3398,8,0,7416,28,70373,220,Botnet,1,NF-ToN-IoT-v2
Device_1535,Router,942.06,467,195.6,0.00048048766458145116,0.641,85.96,0.001379972887537969,0.00021135166755568266,2632,2.114,975,1188,2126,8,0,43689,2,14797,226,Normal,0,NF-ToN-IoT-v2
Device_1536,Sensor,298.27,320,150.55,0.0057254553750999485,1.919,44.27,0.0027908666357838847,0.0006904602924806565,4317,0.998,216,1670,2452,11,8,34459,28,41590,226,Brute_Force,1,NF-ToN-IoT-v2
Device_1537,Router,775.51,412,57.92,0.004044409170520691,1.704,71.55,0.003135500015201671,0.00010642690027953714,7037,0.5,506,2038,728,11,8,43582,1,55551,200,Botnet,1,NF-BoT-IoT-v2
Device_1538,Router,393.12,166,59.5,0.009780810374738488,4.773,69.81,0.0014443443309479463,0.0001987155379992689,2129,4.215,747,1381,559,11,8,54544,28,28000,226,DoS,1,NF-CSE-CIC-IDS2018-v2
Device_1539,Gateway,139.25,267,132.7,0.005124846466194208,1.334,69.24,0.0041513281652417345,0.0005140431664538956,9435,1.719,599,1662,1528,8,0,45298,5,79297,530,DDoS,1,NF-CSE-CIC-IDS2018-v2
Device_1540,Camera,10.72,173,32.34,0.005567450749257652,3.682,53.16,0.0009053041852884631,0.000711293803368175,6058,9.935,74,1585,613,0,8,2415,1,30732,331,Brute_Force,1,NF-BoT-IoT-v2
Device_1541,Actuator,544.26,156,190.18,0.00715239036808391,0.692,31.36,0.00010416063714641887,0.0008599828505815294,5518,8.004,806,1076,2148,3,0,65489,15,505,200,Normal,0,NF-CSE-CIC-IDS2018-v2
Device_1542,Camera,975.78,400,52.71,0.004896930963143903,1.39,64.38,0.004766717852043035,0.0007464643976599013,6290,6.964,581,1966,3769,3,8,23226,2,29487,220,Brute_Force,1,NF-CSE-CIC-IDS2018-v2
Device_1543,Gateway,369.14,163,199.93,0.002323229330839839,2.024,96.37,0.0020186282927074886,2.519925899191315e-05,7864,8.053,69,986,1871,0,8,8818,2,19240,530,Normal,0,NF-ToN-IoT-v2
Device_1544,Gateway,357.19,472,104.19,0.005419050680829636,4.075,84.23,0.004791700024684859,0.0006870920126601635,4919,2.701,223,510,2880,11,8,2305,5,53095,530,Normal,0,NF-CSE-CIC-IDS2018-v2
Device_1545,Gateway,344.09,376,156.57,0.009448261821818132,4.055,15.33,0.0014618648416915977,0.0008264111266633036,6019,8.805,936,1513,1262,0,0,57186,2,8603,331,Data_Exfiltration,1,NF-CSE-CIC-IDS2018-v2
Device_1546,Sensor,520.54,47,10.41,0.004158118782867872,4.787,7.2,0.00041089831214300684,0.0005302781426152467,8509,9.957,897,549,499,8,8,44366,15,50652,331,Normal,0,NF-BoT-IoT-v2
Device_1547,Camera,440.66,140,178.86,0.006828445454496764,4.625,52.4,0.003885346062309813,0.0009659427040567452,2910,2.97,386,567,2404,0,8,22734,28,68830,220,Normal,0,NF-BoT-IoT-v2
Device_1548,Camera,879.91,367,61.3,0.009782538469968282,0.867,78.7,0.004195515705945922,1.4269298219394788e-05,3515,9.848,881,256,364,8,0,33899,2,45546,150,Normal,0,NF-ToN-IoT-v2
Device_1549,Router,505.52,264,136.91,0.008316230898536557,4.234,34.82,0.0025112258043534156,0.0008204713711180609,6052,3.272,285,603,3789,8,8,53107,15,45299,226,Normal,0,NF-CSE-CIC-IDS2018-v2
Device_1550,Router,507.76,217,163.21,0.006624437917524905,2.53,71.62,0.00046186666687153663,0.00034147153460000254,5533,0.216,122,1851,3064,11,8,63743,1,65293,226,Normal,0,NF-ToN-IoT-v2
Device_1551,Router,138.37,459,41.19,0.0073863652344720926,4.396,93.53,0.0033052569673693547,0.0006539452839204492,1816,3.735,775,1787,1761,3,8,34412,15,69290,150,Normal,0,NF-BoT-IoT-v2
Device_1552,Gateway,982.74,104,94.08,0.009371184155369043,0.902,48.6,0.0009925054749282706,0.0006965470754743148,7997,9.975,733,1385,4062,11,0,2294,5,18924,530,Normal,0,NF-CSE-CIC-IDS2018-v2
Device_1553,Camera,249.97,357,103.83,0.00960154583356353,4.202,28.2,0.004261969585965792,0.0003131865262134894,389,6.388,441,1846,1426,8,8,15585,15,49696,530,Normal,0,NF-CSE-CIC-IDS2018-v2
Device_1554,Gateway,73.36,336,69.3,0.009692784490187758,1.218,92.19,0.0014427132857567366,0.0009954702548153726,4797,6.985,823,1902,3090,11,8,28849,2,3497,425,Port_Scan,1,NF-CSE-CIC-IDS2018-v2
Device_1555,Sensor,663.15,487,101.53,0.006293852119204969,2.002,49.87,0.004253761312538246,0.00011221752778966947,709,2.46,457,1613,4075,3,0,54414,28,32117,220,Normal,0,NF-ToN-IoT-v2
Device_1556,Router,595.37,180,70.33,0.003908645333665842,0.63,43.74,0.0021919302552782446,0.0001654587943169668,2453,1.545,164,399,1110,11,0,3217,15,53335,425,Normal,0,NF-ToN-IoT-v2
Device_1557,Gateway,415.15,259,78.54,0.0014182159766673696,1.057,38.57,0.003022790412315938,0.0008932697881985515,7745,8.867,263,1860,2461,8,8,37964,5,12801,425,DoS,1,NF-ToN-IoT-v2
Device_1558,Gateway,422.19,199,137.17,0.003916925213269989,2.506,45.19,0.003968856332422735,0.00012798807768042312,635,4.193,92,1197,2960,3,0,2085,1,9974,530,DDoS,1,NF-CSE-CIC-IDS2018-v2
Device_1559,Sensor,785.06,208,130.19,0.009435259001882629,4.183,69.0,0.00029815229061636354,0.00038747340209850894,3391,0.141,778,1871,1153,11,8,12679,5,60369,150,Port_Scan,1,NF-CSE-CIC-IDS2018-v2
Device_1560,Actuator,195.71,493,54.13,0.008908991097864657,3.982,46.2,0.004123713430329946,0.0007358107897772394,3857,3.013,336,1645,1482,0,0,12879,1,81836,200,Normal,0,NF-CSE-CIC-IDS2018-v2
Device_1561,Camera,820.25,230,180.52,0.005284230654422499,1.559,35.8,0.0007793754046509383,0.0007935769422273809,9048,2.038,586,1254,2544,3,8,6803,15,85790,200,Normal,0,NF-CSE-CIC-IDS2018-v2
Device_1562,Actuator,648.75,33,173.93,0.005416372137279849,1.183,75.65,0.0018562499404946337,0.0009551224850446645,7257,6.077,935,1054,3085,11,0,30139,28,86116,200,Normal,0,NF-CSE-CIC-IDS2018-v2
Device_1563,Router,418.97,253,106.73,0.0031583114609901983,2.252,24.28,0.0024166270475442088,0.000791678096327458,3949,7.586,314,1682,3112,0,0,27417,5,42496,150,DoS,1,NF-ToN-IoT-v2
Device_1564,Gateway,458.03,432,92.32,0.004599628111697767,4.475,24.18,0.004487590259976281,0.0008460870602785598,8169,5.025,602,1091,633,3,8,25506,28,13955,331,Botnet,1,NF-CSE-CIC-IDS2018-v2
Device_1565,Sensor,256.65,333,81.6,0.007173040090000013,0.911,71.16,0.00020995907668839637,0.0009498822456374666,8645,1.94,866,497,3128,0,0,4216,15,66634,200,Port_Scan,1,NF-CSE-CIC-IDS2018-v2
Device_1566,Sensor,752.11,137,144.38,0.004084064183913141,2.943,87.34,0.002840092780654248,0.0005581508153513731,4930,0.674,994,603,92,11,0,49488,28,10925,150,Normal,0,NF-CSE-CIC-IDS2018-v2
Device_1567,Camera,512.87,102,137.62,0.001961040333552735,0.9,27.92,0.003248360250305733,0.00034999912549755894,4430,3.204,808,469,3218,0,0,32409,28,48792,200,Brute_Force,1,NF-CSE-CIC-IDS2018-v2
Device_1568,Actuator,320.85,309,47.27,0.00545450983036827,2.616,23.16,0.00165125331458546,0.0007639970132198381,8597,8.079,910,788,3611,0,0,46865,5,18179,200,DDoS,1,NF-CSE-CIC-IDS2018-v2
Device_1569,Camera,596.05,142,137.58,0.002330835423397847,1.071,68.68,0.0015233851794163528,0.00017190617055734114,5329,4.253,466,622,3570,8,8,10923,15,59202,226,DDoS,1,NF-CSE-CIC-IDS2018-v2
Device_1570,Gateway,995.73,64,57.96,0.009745446804524742,0.862,63.98,0.0025032988767012907,7.754935330401605e-05,3095,2.597,641,912,704,0,8,59526,28,15361,150,Data_Exfiltration,1,NF-CSE-CIC-IDS2018-v2
Device_1571,Camera,435.26,486,13.53,0.003964365148718346,1.359,47.49,0.0010167920475368955,0.0007874775564715413,7070,0.305,401,222,3268,3,8,50411,1,4601,226,Data_Exfiltration,1,NF-CSE-CIC-IDS2018-v2
Device_1572,Sensor,920.69,167,142.85,0.00910568321893025,1.649,14.11,0.0023937827550643,0.0009511646444822232,2314,5.011,561,128,178,0,8,58402,2,56589,220,Normal,0,NF-CSE-CIC-IDS2018-v2
Device_1573,Sensor,345.02,38,132.51,0.0023329845663758804,1.743,13.72,0.003848624085101722,0.00044802247551671163,9501,6.88,598,535,3169,0,0,56331,1,82521,200,DDoS,1,NF-ToN-IoT-v2
Device_1574,Router,54.73,419,88.05,0.001973169152527187,3.404,78.85,0.004242437970386523,0.00016952211891363729,375,1.984,485,1422,2748,3,0,19832,28,62936,425,Normal,0,NF-ToN-IoT-v2
Device_1575,Router,204.24,220,109.88,0.006207321177493401,0.747,47.92,0.0019872907860046135,0.000502050766325994,6253,5.418,656,1871,1165,11,8,48878,15,31496,425,Normal,0,NF-BoT-IoT-v2
Device_1576,Gateway,418.7,163,189.96,0.007815852875202875,0.864,86.51,0.003124778394404059,0.0003993846734338773,6653,4.265,647,919,2386,11,0,35184,1,29972,200,Normal,0,NF-CSE-CIC-IDS2018-v2
Device_1577,Actuator,219.63,302,123.09,0.00571096918213852,1.349,59.6,0.00010010053800838537,0.0003787492003609108,8438,7.069,911,181,2455,0,0,22315,15,56803,226,Normal,0,NF-ToN-IoT-v2
Device_1578,Camera,0.23,484,135.0,0.0023749772676920676,4.424,63.78,0.002796727169990116,0.0006318000315774435,3648,8.62,627,74,743,3,0,64552,1,16408,425,DDoS,1,NF-BoT-IoT-v2
Device_1579,Gateway,915.0,231,22.14,0.000475154192551561,3.329,93.75,0.0048786578964232,0.00018298835756320306,7072,3.14,277,1352,144,0,0,41013,15,29293,150,Normal,0,NF-CSE-CIC-IDS2018-v2
Device_1580,Router,843.88,124,41.54,0.006221059329790952,3.787,20.64,0.001630098633089936,0.0003866767332104065,951,9.057,66,944,2049,3,8,25728,28,26179,331,Normal,0,NF-CSE-CIC-IDS2018-v2
Device_1581,Camera,742.29,446,67.18,0.0013972685311189283,2.167,56.59,0.0030144030086253055,0.0008699900707156632,4623,7.099,699,350,2718,3,0,4376,5,12966,425,Normal,0,NF-CSE-CIC-IDS2018-v2
Device_1582,Router,167.81,167,112.48,0.003497446231620079,1.459,10.52,0.0038351899224635033,0.0007323684466409503,8779,0.468,944,249,784,11,8,13647,1,4591,331,Normal,0,NF-CSE-CIC-IDS2018-v2
Device_1583,Camera,120.36,268,157.55,0.006790269061345193,0.671,39.1,0.003083771802849249,6.503258212090126e-05,1653,7.933,857,1774,4095,0,0,45304,15,33022,530,Brute_Force,1,NF-CSE-CIC-IDS2018-v2
Device_1584,Actuator,67.6,260,71.04,0.0010704320617710256,2.698,19.07,0.002150649855287513,0.0005187647580028624,1861,4.997,201,519,135,0,8,39932,1,63216,220,Data_Exfiltration,1,NF-CSE-CIC-IDS2018-v2
Device_1585,Gateway,724.03,131,77.71,0.0013597896498611624,3.084,22.84,0.000847620309216704,0.0001003823647278095,8875,9.46,468,177,2093,0,8,64377,15,44006,150,Brute_Force,1,NF-CSE-CIC-IDS2018-v2
Device_1586,Camera,928.81,308,58.67,0.000710495452343301,4.537,93.81,0.0023721368475453307,0.0009579214646590776,6899,3.304,434,359,3280,0,8,18190,15,25163,150,DoS,1,NF-CSE-CIC-IDS2018-v2
Device_1587,Sensor,430.54,272,58.38,0.009961183376177584,4.469,63.01,0.0015444426249750988,0.0002521942344741753,4410,5.953,138,290,3173,0,8,16970,5,15049,226,DDoS,1,NF-ToN-IoT-v2
Device_1588,Sensor,119.14,390,190.28,0.003932060009155655,2.411,89.76,0.0035100094149303576,0.0009332948154562794,4705,9.566,52,597,537,0,8,37220,15,85478,200,Brute_Force,1,NF-CSE-CIC-IDS2018-v2
Device_1589,Camera,512.39,58,130.74,0.009067372160572882,2.406,47.13,0.002265372561800935,0.0008356683244065995,8802,2.784,725,150,1084,8,0,486,1,55817,200,Normal,0,NF-CSE-CIC-IDS2018-v2
Device_1590,Camera,348.83,386,39.62,0.003006497820400393,1.225,61.78,0.004264410846575875,0.0005558507903503265,7856,4.772,452,1810,234,0,0,23938,28,57826,530,Normal,0,NF-ToN-IoT-v2
Device_1591,Camera,374.82,338,147.23,0.007556705394890909,1.659,8.05,0.0010472799407765644,0.0003429415271145389,3913,7.55,158,1197,2151,8,0,1708,2,14864,150,Normal,0,NF-ToN-IoT-v2
Device_1592,Sensor,621.33,306,147.18,0.002268759501492551,4.665,49.6,0.00214682859806251,0.000859367213883744,5991,6.942,802,321,3308,8,8,30071,15,35647,331,Normal,0,NF-ToN-IoT-v2
Device_1593,Sensor,718.72,371,136.63,0.005033414625517678,1.135,58.59,0.00283177438433456,0.00016125586392717596,6988,8.403,862,1694,2535,8,0,13356,2,33539,220,Port_Scan,1,NF-CSE-CIC-IDS2018-v2
Device_1594,Camera,110.6,86,35.6,0.008263695819028218,4.859,6.59,0.0007174719125386464,0.00018817437276003998,6294,5.246,206,256,3334,0,8,46514,28,10163,530,Brute_Force,1,NF-ToN-IoT-v2
Device_1595,Router,35.59,472,87.52,0.008181710549061319,2.771,80.0,0.0029807593813889954,0.0002324754505931413,8247,3.257,342,925,2999,3,8,65193,2,74466,226,Normal,0,NF-BoT-IoT-v2
Device_1596,Router,994.33,447,30.28,0.007963379101890477,2.555,33.07,0.0015255148861051226,0.0006017199288677253,3302,5.397,833,1284,1943,11,8,36774,15,78046,150,Normal,0,NF-BoT-IoT-v2
Device_1597,Actuator,232.73,136,165.16,0.008254970689081674,1.286,47.99,0.0012247321827284316,0.00032118197230698907,442,3.565,316,784,1309,3,8,21011,1,41143,220,Normal,0,NF-CSE-CIC-IDS2018-v2
Device_1598,Gateway,53.83,206,134.48,0.0021935755849282045,3.477,55.88,0.0007953626246737893,0.0009892896250841214,7845,1.847,136,1312,3737,3,8,56052,5,36855,150,Brute_Force,1,NF-CSE-CIC-IDS2018-v2
Device_1599,Router,189.88,230,106.37,0.004873941098347827,2.569,99.26,0.0018144214356042047,0.00020316190494023274,1523,5.594,75,276,861,0,8,19414,15,35612,220,Botnet,1,NF-BoT-IoT-v2
Device_1600,Sensor,38.96,492,75.17,0.004900227598511871,2.168,14.42,0.004652013834451613,0.0008075539965786126,8437,0.579,449,207,3810,3,8,37070,15,15404,220,Port_Scan,1,NF-ToN-IoT-v2
Device_1601,Router,391.81,100,45.01,0.008915974624744335,1.69,57.75,0.00025192871072218657,0.00010487785632172762,4657,0.462,69,1410,2561,3,0,49041,5,48850,530,Port_Scan,1,NF-BoT-IoT-v2
Device_1602,Actuator,802.4,420,30.23,0.0030392291110543455,0.799,55.41,0.004275565420708902,0.00035991209667652425,9207,0.739,953,553,1515,0,8,31859,5,82954,425,Normal,0,NF-CSE-CIC-IDS2018-v2
Device_1603,Actuator,341.24,17,194.16,0.009321809344551579,2.837,11.55,0.00204706839914719,0.0002513248752039933,6747,6.759,813,1650,1987,0,8,64166,5,45041,200,Normal,0,NF-BoT-IoT-v2
Device_1604,Gateway,444.18,41,47.93,0.004562877789430381,1.908,65.22,0.002851848029759284,0.0009770675891439507,2011,4.129,561,1194,1535,11,0,59234,5,26892,425,Normal,0,NF-BoT-IoT-v2
Device_1605,Router,675.59,477,21.38,0.006730891331456447,3.685,32.25,0.0026127802549343205,3.5473273979681625e-05,1439,4.992,202,150,708,11,0,53532,5,4974,226,Data_Exfiltration,1,NF-BoT-IoT-v2
Device_1606,Sensor,508.89,329,192.72,0.0027619428115654102,3.756,14.86,0.004636127281875445,0.0007244528304435542,2346,3.5,574,1694,2543,8,0,26387,15,39102,226,Port_Scan,1,NF-ToN-IoT-v2
Device_1607,Sensor,861.45,403,114.3,0.004161951257629943,1.994,21.97,0.003873633419107996,0.00025524490414688904,6546,2.611,167,1666,385,11,0,17321,2,39113,530,Normal,0,NF-ToN-IoT-v2
Device_1608,Camera,866.04,278,161.36,0.007127029227484491,3.511,83.24,0.004925635323106951,0.0008131361759607529,3051,3.647,717,1633,3998,0,8,59214,1,39798,425,Normal,0,NF-BoT-IoT-v2
Device_1609,Sensor,9.91,200,18.32,0.005176196704324993,1.664,14.89,0.003992706762946317,0.00031811215558933206,597,2.014,661,290,3930,3,0,6239,15,29860,530,Normal,0,NF-ToN-IoT-v2
Device_1610,Gateway,778.05,358,117.72,0.009314009315714505,3.772,49.36,0.0015498536216127677,0.0001954114025613684,890,6.82,996,1710,3287,0,0,32267,28,59282,200,Normal,0,NF-BoT-IoT-v2
Device_1611,Gateway,460.73,172,85.66,0.007397537162385027,0.572,23.55,0.004818130028860639,0.00069610945290903,8301,1.107,121,602,3959,0,8,34799,15,12349,331,DDoS,1,NF-BoT-IoT-v2
Device_1612,Sensor,988.84,70,156.67,0.00568758896255494,1.182,20.42,0.004919472374958825,0.0002650007703508609,3198,5.217,821,1811,1132,3,0,19255,15,37188,530,Botnet,1,NF-BoT-IoT-v2
Device_1613,Sensor,483.23,447,17.3,0.00887803059085686,1.603,24.54,0.0007031591477218275,0.0004906914012786314,8284,4.821,941,1928,3131,11,0,25458,2,79409,425,Brute_Force,1,NF-CSE-CIC-IDS2018-v2
Device_1614,Camera,986.9,273,86.32,0.00668900824900857,3.978,51.81,0.004515116500536588,0.0001402180880909045,2916,3.089,97,1247,387,3,8,38667,5,83501,226,Normal,0,NF-CSE-CIC-IDS2018-v2
Device_1615,Sensor,754.57,294,161.82,0.006508472686862281,0.799,27.59,0.0033545906961764942,0.0007273520309327409,426,1.113,377,974,2523,0,8,10200,28,44976,200,Port_Scan,1,NF-CSE-CIC-IDS2018-v2
Device_1616,Camera,248.6,104,109.31,0.00253907619816151,1.346,14.19,0.0046177694731622575,0.00041276784300333405,982,7.063,491,1915,3396,11,0,3636,2,4711,530,Normal,0,NF-CSE-CIC-IDS2018-v2
Device_1617,Camera,538.39,50,114.51,0.004009083958729289,2.114,81.13,0.004587121199073035,0.00014917396184288835,1771,5.738,924,1185,1306,0,8,54881,1,6757,220,Normal,0,NF-CSE-CIC-IDS2018-v2
Device_1618,Sensor,992.14,423,28.46,0.006864706160779814,0.541,56.28,0.004467727852817362,0.0007441790963230722,5102,8.114,53,189,2731,0,8,10749,28,4459,220,DoS,1,NF-CSE-CIC-IDS2018-v2
Device_1619,Actuator,857.53,479,35.14,0.008928737943683263,3.93,19.9,0.004437850409043657,0.00011232857011141887,9029,2.432,9,1733,2158,11,8,64775,28,37255,226,Brute_Force,1,NF-ToN-IoT-v2
Device_1620,Actuator,97.37,158,138.63,0.0032239199890846605,3.02,49.79,0.000676466571066771,0.0005790722182838765,2274,7.936,331,292,708,3,0,37689,2,58303,220,Normal,0,NF-CSE-CIC-IDS2018-v2
Device_1621,Camera,706.37,213,138.26,0.0022333076572355485,4.553,11.49,0.0008032269705634837,0.0006114103179931507,5335,2.99,251,421,3908,8,0,3863,28,66500,226,Brute_Force,1,NF-CSE-CIC-IDS2018-v2
Device_1622,Sensor,345.58,276,196.03,0.005977590190276973,0.64,60.14,0.0006771191549471367,0.0009310469953709505,1023,1.215,360,676,1775,11,8,46956,15,74830,530,Port_Scan,1,NF-CSE-CIC-IDS2018-v2
Device_1623,Actuator,6.98,11,145.27,0.0007652512712168601,1.721,37.33,0.0005460425351213978,0.00015947069355978351,4366,1.436,349,1579,2744,0,8,41020,15,81538,530,DDoS,1,NF-CSE-CIC-IDS2018-v2
Device_1624,Sensor,403.48,187,103.72,0.007173962844355052,3.791,14.84,0.001831097896862543,0.000656812896132967,8212,2.288,124,163,904,0,8,38016,5,32149,530,Normal,0,NF-ToN-IoT-v2
Device_1625,Sensor,234.75,434,172.89,0.007061071578546061,3.538,22.45,0.0034513962301907465,0.00038696089558131396,2924,6.856,634,439,366,11,0,26712,2,36610,150,Normal,0,NF-BoT-IoT-v2
Device_1626,Sensor,818.87,203,29.85,0.0036141637067629356,1.594,37.84,0.0018379938040556662,0.00040680620355604627,5207,2.515,199,1208,3325,0,0,2017,15,33670,200,Normal,0,NF-CSE-CIC-IDS2018-v2
Device_1627,Router,337.33,491,95.37,0.008937508768114527,3.181,81.61,0.0036294716330479643,0.0005068069301243702,6969,6.078,829,313,2010,8,0,27725,28,51788,331,DoS,1,NF-BoT-IoT-v2
Device_1628,Sensor,827.52,396,64.55,0.005071593301237363,4.072,21.51,0.004119387312598993,0.0002414467659285152,5820,2.64,411,598,835,11,0,20195,28,55000,530,DDoS,1,NF-ToN-IoT-v2
Device_1629,Router,0.6,345,29.88,0.006493073011860076,0.65,15.42,0.003364452226717443,0.0004665714065629335,9445,3.716,380,799,3824,0,0,49221,15,68834,226,Normal,0,NF-BoT-IoT-v2
Device_1630,Camera,307.82,444,155.07,0.0021748269711895445,3.729,54.01,0.0023790131587865465,0.0006899777067168267,2170,8.908,918,1693,1047,8,0,4780,2,77596,331,DDoS,1,NF-CSE-CIC-IDS2018-v2
Device_1631,Actuator,241.17,205,107.05,0.0042316693180840005,1.634,58.08,0.0015480354539956888,0.0004625419091529747,7446,5.054,505,77,2970,0,8,22920,2,4014,530,Normal,0,NF-ToN-IoT-v2
Device_1632,Actuator,233.57,352,115.79,0.008637933648670704,4.765,13.57,0.0007095764760306313,5.208334305777839e-05,6644,6.042,95,717,2688,11,0,43631,1,23954,200,Brute_Force,1,NF-CSE-CIC-IDS2018-v2
Device_1633,Actuator,68.19,258,88.14,0.0022081015215601935,2.922,32.03,0.0025188939567657802,0.00026524798506940927,4700,1.974,30,1354,927,3,0,15744,2,63317,425,Port_Scan,1,NF-CSE-CIC-IDS2018-v2
Device_1634,Actuator,187.12,221,97.46,0.0039666863381654415,0.65,29.96,0.003626034871512497,0.0003579456106255785,1020,1.402,92,2011,399,8,0,7624,15,24799,200,Normal,0,NF-CSE-CIC-IDS2018-v2
Device_1635,Actuator,555.55,162,32.04,0.0032489577898384865,2.315,22.69,0.0027863917363698367,0.00036117392552073737,6191,4.19,596,1984,1942,11,8,38039,1,80299,150,Data_Exfiltration,1,NF-CSE-CIC-IDS2018-v2
Device_1636,Actuator,291.36,167,137.85,0.0015959908301613234,4.848,34.99,0.003635261404523267,9.019682359412858e-05,3582,8.568,15,52,3355,11,8,26171,28,51833,200,DoS,1,NF-CSE-CIC-IDS2018-v2
Device_1637,Actuator,417.39,475,92.16,0.002968207389462602,3.787,8.53,0.0017425763944831534,0.00045507484610109053,6572,2.485,655,2038,1916,11,8,50406,15,84385,220,Data_Exfiltration,1,NF-BoT-IoT-v2
Device_1638,Camera,376.87,371,165.19,0.0024044456073946457,1.852,66.9,0.0004273007089712053,0.0006950295287986813,1543,6.255,821,1822,723,3,8,18897,5,54707,425,Port_Scan,1,NF-ToN-IoT-v2
Device_1639,Sensor,875.9,148,47.29,0.009243576941567142,3.089,98.91,0.0038783798375596253,5.8185297868137077e-05,2901,8.734,460,1028,2064,0,8,58365,5,49549,331,Normal,0,NF-CSE-CIC-IDS2018-v2
Device_1640,Gateway,905.3,230,48.96,0.007436680164973681,3.196,65.23,0.0011766481479648244,0.0007534149306494983,1875,9.351,721,1220,675,3,8,53679,2,32263,200,Normal,0,NF-CSE-CIC-IDS2018-v2
Device_1641,Router,492.96,282,132.69,0.003229405659649961,0.605,39.3,0.003119796795156517,0.0009555541509338239,8320,9.939,23,299,1206,11,8,54182,1,19023,200,Normal,0,NF-CSE-CIC-IDS2018-v2
Device_1642,Gateway,330.16,163,170.74,0.007657056627102828,1.305,68.45,0.004041034448318193,1.9244774807887805e-05,2392,7.653,326,132,3756,8,8,37137,1,7645,331,Botnet,1,NF-BoT-IoT-v2
Device_1643,Gateway,106.8,258,99.72,0.00031918553503532685,2.983,59.29,0.0007816390090389159,0.00020175539277282319,3803,0.843,877,692,967,0,0,52328,28,29439,331,Normal,0,NF-CSE-CIC-IDS2018-v2
Device_1644,Sensor,953.4,288,148.12,0.005312594636634286,2.312,85.44,0.003032624079065051,0.0005480529045218394,925,8.727,656,684,2193,3,0,21851,2,73511,150,Normal,0,NF-ToN-IoT-v2
Device_1645,Sensor,60.23,449,199.87,0.002578312180973264,1.355,64.08,0.0034779343730164595,0.00022586899168456815,7811,8.868,987,1428,1100,8,0,62771,1,80410,530,Normal,0,NF-CSE-CIC-IDS2018-v2
Device_1646,Sensor,297.65,445,198.15,0.0012317885109042904,3.977,65.24,0.0037580012474127296,0.0007669797713610892,3841,5.617,87,64,1032,11,0,7425,15,27349,200,Brute_Force,1,NF-CSE-CIC-IDS2018-v2
Device_1647,Actuator,298.07,313,151.42,0.008849209430551036,2.7,26.06,0.0008235663945932893,0.0003190129718098487,8430,0.768,193,267,2020,8,8,54628,28,18303,220,Brute_Force,1,NF-CSE-CIC-IDS2018-v2
Device_1648,Camera,320.4,285,150.52,0.0020734712891994685,1.895,44.48,0.00414306919369892,0.00030068902949473893,4552,4.819,685,229,2589,8,0,16616,1,25133,220,DoS,1,NF-CSE-CIC-IDS2018-v2
Device_1649,Actuator,164.29,11,57.05,0.008241671820168195,1.228,37.72,0.0005613279741373028,1.0914637025607468e-05,2359,2.186,263,538,2410,11,0,1187,5,51329,150,Normal,0,NF-CSE-CIC-IDS2018-v2
Device_1650,Camera,783.16,97,168.37,0.004190904507168536,3.25,6.09,0.002645958993968356,0.000277424926306393,1262,4.477,429,778,2203,3,0,5423,5,24883,530,DDoS,1,NF-ToN-IoT-v2
Device_1651,Camera,122.5,296,86.97,0.00024147862340293338,3.498,34.76,0.0022727222113696115,0.0002254938166877903,3539,7.269,807,363,813,11,0,37748,1,82278,200,Data_Exfiltration,1,NF-CSE-CIC-IDS2018-v2
Device_1652,Gateway,634.91,420,192.78,0.007352075010080151,3.513,51.18,0.001186653763754211,0.00034980855747105105,2633,6.709,360,1500,2807,8,0,6999,5,66589,331,Normal,0,NF-ToN-IoT-v2
Device_1653,Gateway,123.85,139,25.47,0.006003961606371743,1.491,61.99,0.001579460633091472,0.0001561800864940572,5712,7.822,562,517,3825,11,8,4898,15,41753,220,Botnet,1,NF-ToN-IoT-v2
Device_1654,Camera,70.54,87,92.81,0.0035073016433614114,3.179,93.78,0.0009057353381156191,0.0005987021797582699,9651,4.818,433,151,2833,0,0,4805,28,49214,425,Normal,0,NF-CSE-CIC-IDS2018-v2
Device_1655,Camera,909.43,269,115.61,0.0028873047458700075,4.574,27.72,0.0021860583546241415,0.0002463541280574194,8030,5.157,560,189,1363,0,8,50000,15,47253,425,Normal,0,NF-CSE-CIC-IDS2018-v2
Device_1656,Actuator,190.13,250,86.98,0.0008295433984673038,2.089,19.48,0.0002740035450957449,0.0008334333561006942,2325,9.363,508,1092,367,8,8,58973,5,65951,200,Port_Scan,1,NF-BoT-IoT-v2
Device_1657,Actuator,821.25,150,50.01,0.009420113388869195,1.448,87.6,0.004455684848951162,0.00029171236727023594,3772,6.349,49,881,2979,11,8,50802,1,39554,530,Port_Scan,1,NF-CSE-CIC-IDS2018-v2
Device_1658,Gateway,544.63,237,122.67,0.004990450358451649,3.975,94.48,0.000901087941679317,0.00021876090346506372,2260,7.501,168,175,2898,8,0,29767,1,85338,150,Normal,0,NF-CSE-CIC-IDS2018-v2
Device_1659,Sensor,77.86,172,153.62,0.0009466927240034694,1.296,51.36,0.004441487006634148,6.618384832004041e-05,8574,6.679,679,1612,1924,11,8,8105,28,31486,150,Port_Scan,1,NF-BoT-IoT-v2
Device_1660,Camera,955.45,245,132.52,0.008699929205670259,1.642,15.95,0.004331529260656617,0.0007425076231215264,9431,6.441,441,1766,3408,0,0,57289,5,53363,425,Port_Scan,1,NF-CSE-CIC-IDS2018-v2
Device_1661,Actuator,246.96,137,54.55,0.0028604484108963857,0.953,51.11,0.002313218315072665,0.0005131260932871803,1897,9.144,594,1805,3547,0,0,59215,5,68155,331,DDoS,1,NF-BoT-IoT-v2
Device_1662,Gateway,859.65,209,149.01,0.002115666885773083,1.705,15.4,0.0025388559898539523,0.00012264516740667799,9482,3.629,575,672,99,8,0,5925,5,59198,150,Normal,0,NF-CSE-CIC-IDS2018-v2
Device_1663,Actuator,168.81,459,58.81,0.0028812806395879654,2.347,88.9,0.0015793763486189587,0.0002291214347913365,1344,4.334,228,724,485,0,8,30873,2,28498,150,DDoS,1,NF-CSE-CIC-IDS2018-v2
Device_1664,Camera,853.94,399,43.29,0.0056892574402104025,0.789,72.27,0.004984685539880098,0.000998731881339244,7169,3.86,952,1083,3613,8,0,48414,1,73837,150,Botnet,1,NF-ToN-IoT-v2
Device_1665,Camera,13.23,40,141.23,0.0008331591965206615,4.423,27.91,0.0033867837338920946,0.0008079684395157436,7993,7.675,214,980,1589,3,0,10493,5,423,220,DDoS,1,NF-ToN-IoT-v2
Device_1666,Router,511.78,147,170.13,0.004869393400314497,2.812,89.24,0.004763860601084206,0.00035637079090991336,4508,8.697,642,1867,2449,8,8,33459,28,33464,331,Normal,0,NF-CSE-CIC-IDS2018-v2
Device_1667,Sensor,769.44,30,101.49,0.008967860106730695,3.146,65.6,0.0021325045375020723,0.0005471292823091905,2030,3.639,880,1634,2693,11,8,46523,2,47007,331,DoS,1,NF-CSE-CIC-IDS2018-v2
Device_1668,Router,934.8,243,110.96,0.001962898798876626,2.171,95.56,0.004426781239220653,0.0004218569873115873,2618,1.509,154,785,691,11,0,32775,5,52107,530,Data_Exfiltration,1,NF-BoT-IoT-v2
Device_1669,Gateway,909.2,211,67.52,0.0033787688443072143,3.514,98.15,0.002296349702763628,4.602566974684791e-05,147,4.992,754,906,1497,11,8,48316,1,73544,331,Normal,0,NF-BoT-IoT-v2
Device_1670,Actuator,819.62,288,103.98,0.004021607454011363,2.443,5.31,0.004347461473296432,0.0007808902391207773,233,9.845,608,1299,526,8,8,34850,2,18672,150,Brute_Force,1,NF-ToN-IoT-v2
Device_1671,Gateway,888.19,140,35.08,0.005903585044119728,3.926,16.42,0.0007415401415248123,0.0007198162520909951,5775,2.116,407,1734,3648,3,8,54049,15,51496,150,Normal,0,NF-BoT-IoT-v2
Device_1672,Camera,199.22,425,191.61,0.009200617040610483,4.196,56.96,0.0032205866911656942,0.0004147142913509189,2464,4.575,889,1321,144,8,0,58505,28,47771,425,Normal,0,NF-ToN-IoT-v2
Device_1673,Router,284.18,157,162.07,0.004005938161600013,3.523,95.81,0.0034256472227118186,0.0008474381655118211,3609,2.787,744,82,1566,8,8,1703,1,56471,220,Normal,0,NF-ToN-IoT-v2
Device_1674,Router,288.97,467,136.91,0.0007846131227098599,2.711,99.45,0.003315236416703494,0.0005393917039403223,7253,9.235,750,140,1473,3,0,5227,15,32829,150,Normal,0,NF-BoT-IoT-v2
Device_1675,Router,377.05,38,112.26,0.003544713528166825,4.02,58.9,0.002290435328392784,7.45563550176854e-05,4194,5.554,18,1453,483,0,0,44339,1,82970,220,Normal,0,NF-CSE-CIC-IDS2018-v2
Device_1676,Gateway,393.32,370,160.51,0.0019818455847384637,2.724,21.51,0.0034511889391508994,0.00026681222734441256,2637,5.83,467,1390,3575,0,0,8331,28,79854,530,Port_Scan,1,NF-BoT-IoT-v2
Device_1677,Camera,544.56,317,104.0,0.006552567340309123,1.002,20.49,0.001273369194001306,0.00046715510772498764,8096,0.182,344,165,2146,0,0,52584,5,70129,331,Normal,0,NF-CSE-CIC-IDS2018-v2
Device_1678,Actuator,159.88,380,67.0,0.00038969488075658865,1.024,77.57,0.003019658113035722,0.00011241474632368917,6084,6.563,324,1734,3006,0,0,43162,15,33089,220,Normal,0,NF-ToN-IoT-v2
Device_1679,Actuator,691.25,439,40.47,0.0029901067136234266,4.769,61.23,0.002815751129801713,0.0005753703809342761,2571,3.133,246,111,858,0,8,658,15,41589,200,Botnet,1,NF-ToN-IoT-v2
Device_1680,Gateway,167.57,171,133.04,0.0054972177216029375,1.461,57.13,0.001659863658439092,0.00012936248006656744,2534,5.183,60,1038,2612,3,0,28984,2,65736,226,Normal,0,NF-CSE-CIC-IDS2018-v2
Device_1681,Router,310.31,366,186.59,0.0028456086398905875,4.172,49.25,0.003916432664008024,0.00020850310362940605,5121,5.358,494,369,1794,3,0,62681,5,6541,530,Brute_Force,1,NF-ToN-IoT-v2
Device_1682,Sensor,503.35,349,39.19,0.005554853305118017,1.61,73.89,0.0004962731207475367,0.0008950438247248461,4435,5.963,642,1666,247,8,0,4661,28,53074,150,DDoS,1,NF-ToN-IoT-v2
Device_1683,Gateway,796.44,70,44.2,0.0012356519896531137,2.439,86.52,0.000940054340331143,0.0009998142641608216,3622,8.253,862,463,621,0,8,30222,2,79969,331,Normal,0,NF-BoT-IoT-v2
Device_1684,Gateway,739.47,134,92.39,0.009433774331097263,3.447,33.78,0.002408635194135245,0.00055475081060622,2405,3.059,49,1720,1235,11,0,13534,15,2960,226,Normal,0,NF-BoT-IoT-v2
Device_1685,Camera,645.53,465,163.31,0.0029799773925658786,1.215,25.99,0.004469509819832969,0.0006234521240304472,5387,2.636,678,1536,2106,3,8,36205,1,62389,425,Normal,0,NF-ToN-IoT-v2
Device_1686,Actuator,155.77,80,65.85,0.009237708309959847,3.818,68.67,0.0029182818171869414,0.0007994568354571659,763,7.979,927,919,1351,3,8,63396,28,68505,226,Data_Exfiltration,1,NF-BoT-IoT-v2
Device_1687,Gateway,547.05,335,58.24,0.0033257708510910397,3.605,91.9,0.004226127569602047,0.0006991781012420484,5781,7.215,680,1344,3740,0,8,51900,2,42907,331,Normal,0,NF-ToN-IoT-v2
Device_1688,Gateway,87.45,404,127.79,0.00784021789261258,2.944,38.07,0.0026360916238232068,0.00019064187920816918,7543,2.334,253,1650,903,11,0,24977,5,16525,425,Port_Scan,1,NF-ToN-IoT-v2
Device_1689,Router,377.36,373,111.77,0.0025372548388664044,3.047,30.88,0.003948734246193635,0.0004175548092930599,6044,0.108,848,133,3624,11,0,64220,1,49536,530,Normal,0,NF-CSE-CIC-IDS2018-v2
Device_1690,Router,413.52,475,21.44,0.006730712133657052,0.976,26.48,0.0016964072342535634,0.0005397653537193165,7874,6.693,383,362,3761,3,0,32555,2,24487,226,Normal,0,NF-BoT-IoT-v2
Device_1691,Sensor,39.81,252,25.48,0.003304790516845395,2.462,29.18,0.004094197354219426,0.00036611487222524094,4949,1.656,309,407,1946,8,8,7514,28,51491,220,DoS,1,NF-BoT-IoT-v2
Device_1692,Camera,273.99,499,132.17,0.005140675379175622,0.89,17.82,0.002068261745772267,0.00018434510806021695,4300,9.574,576,262,345,11,0,48997,1,31365,530,Normal,0,NF-ToN-IoT-v2
Device_1693,Sensor,955.65,258,98.37,0.0067707600430604396,1.885,61.69,0.0028382726909180946,0.0007387522106207592,7197,6.084,545,1506,678,8,0,39295,2,26353,331,Normal,0,NF-CSE-CIC-IDS2018-v2
Device_1694,Router,953.63,230,194.49,0.0059299368015093105,4.551,31.68,0.0009618193084977888,0.00020685794102856422,5122,8.512,58,795,2313,0,8,851,2,75120,331,Normal,0,NF-CSE-CIC-IDS2018-v2
Device_1695,Actuator,352.33,482,138.92,0.005805177873508574,3.085,63.42,0.004610121818117228,0.00026788106941478607,3592,8.076,818,1925,637,0,0,35476,28,81345,425,Normal,0,NF-BoT-IoT-v2
Device_1696,Router,43.1,456,11.91,0.0007502402730104113,3.842,12.89,0.003537149685242647,0.0002936544189771482,5568,5.622,64,1376,3741,0,8,3868,5,23629,220,Normal,0,NF-CSE-CIC-IDS2018-v2
Device_1697,Camera,179.09,30,101.39,0.002565860638498759,3.082,15.97,0.004308388613831956,0.00017016143817120787,8039,4.44,899,455,480,8,0,11370,1,37818,200,Brute_Force,1,NF-BoT-IoT-v2
Device_1698,Router,392.22,396,88.75,0.005761208969579763,1.374,55.93,0.001118528245061619,0.0008510561067653794,9245,5.018,125,1080,380,3,0,58126,2,46022,200,DoS,1,NF-ToN-IoT-v2
Device_1699,Camera,947.78,91,30.28,0.000281340351435678,3.177,53.6,0.00043165334081925855,0.0006145101556760492,1773,8.05,61,600,3363,8,8,40277,28,20341,226,Normal,0,NF-BoT-IoT-v2
Device_1700,Camera,141.2,353,185.41,0.0025813781256481985,3.899,30.79,0.0017523253902239722,0.0008364006486922174,1442,6.44,380,447,3027,0,8,8534,2,4454,331,Normal,0,NF-BoT-IoT-v2
Device_1701,Camera,763.52,376,162.95,0.0023689338703688475,1.123,83.58,0.0026317584156791657,0.0004987920203740181,8531,2.137,978,333,1155,11,0,15683,28,35717,220,DDoS,1,NF-ToN-IoT-v2
Device_1702,Camera,108.68,495,53.72,0.0025735754905922606,4.176,22.77,0.004031612426499273,0.000524367409719528,6670,6.133,761,1155,1046,3,0,1786,28,78618,425,Brute_Force,1,NF-CSE-CIC-IDS2018-v2
Device_1703,Camera,981.26,19,58.64,0.005402534045709872,2.999,39.26,0.0020488594359798326,0.0006199831838330207,3149,4.106,138,1443,2908,8,0,52055,2,63602,530,Normal,0,NF-BoT-IoT-v2
Device_1704,Actuator,381.62,420,16.08,0.005861407504790006,0.519,57.77,0.0014227957920151851,0.00037721034849139503,6383,0.707,66,150,3949,11,8,12863,28,40824,331,Normal,0,NF-ToN-IoT-v2
Device_1705,Sensor,775.23,21,66.38,0.009099080144290832,2.839,87.39,0.0019254710508353643,0.0005016182538827925,4347,3.875,179,1718,1567,11,0,41741,1,22157,530,Port_Scan,1,NF-ToN-IoT-v2
Device_1706,Gateway,342.59,272,121.08,0.003921707385359571,2.281,44.76,0.0035476763112596626,0.000551445977777005,6674,2.353,990,1647,740,0,0,3748,28,6255,425,Normal,0,NF-CSE-CIC-IDS2018-v2
Device_1707,Sensor,627.67,154,89.96,0.009273131279716946,1.834,42.87,0.0017474686750599832,0.0009540070118154786,9755,8.402,798,362,1188,0,8,39414,5,22051,425,Normal,0,NF-CSE-CIC-IDS2018-v2
Device_1708,Camera,192.02,458,194.16,0.006554348015343286,3.971,60.06,0.004897911569140194,0.000884079050506285,5431,1.139,793,693,2354,11,0,23093,5,19257,220,Normal,0,NF-CSE-CIC-IDS2018-v2
Device_1709,Actuator,146.02,201,20.66,0.009135337919415502,4.548,35.09,0.0009573975347316242,0.0001379533889997776,499,3.67,171,390,1177,3,0,34106,28,6279,530,Botnet,1,NF-ToN-IoT-v2
Device_1710,Router,938.06,259,122.37,0.008351373806632478,3.932,72.37,0.003790171010706613,5.086964212459195e-05,2037,6.985,755,1181,2036,8,0,55935,1,34481,530,Normal,0,NF-ToN-IoT-v2
Device_1711,Actuator,917.65,123,173.08,0.006907066189736107,4.31,28.63,0.0029869017006738737,0.0006835306122405972,8473,8.984,632,320,3012,3,8,38074,15,64406,200,Normal,0,NF-ToN-IoT-v2
Device_1712,Camera,887.47,35,101.34,0.0036254484052376987,4.59,83.2,0.0012421684407670545,5.87066799784286e-05,1174,3.42,344,584,3735,3,0,36564,15,49328,200,DDoS,1,NF-BoT-IoT-v2
Device_1713,Actuator,625.43,280,10.56,0.002486993432083663,4.607,30.87,0.0037927068219893246,6.974755430313149e-05,2673,6.104,704,1757,190,8,8,52022,1,36674,226,Normal,0,NF-BoT-IoT-v2
Device_1714,Actuator,808.27,42,56.13,0.002301675211569119,1.016,99.31,0.0022929470317334705,0.00016767076287570138,2497,3.799,187,1989,682,8,0,30122,5,26330,425,Brute_Force,1,NF-CSE-CIC-IDS2018-v2
Device_1715,Camera,69.04,71,71.52,0.009526520990817185,2.554,35.06,0.003443751550160799,0.0003581900199580667,9373,2.109,958,471,897,8,8,17075,28,11978,530,Data_Exfiltration,1,NF-CSE-CIC-IDS2018-v2
Device_1716,Actuator,334.79,238,193.54,0.009589881046980645,0.501,88.49,0.003345060501306746,0.00044064615073269683,518,3.325,227,606,1486,3,8,36646,2,68124,425,DDoS,1,NF-BoT-IoT-v2
Device_1717,Gateway,313.7,312,183.24,0.007275830597890659,2.779,42.75,0.0006421528229155247,0.0005241842543672924,9452,6.395,266,748,3437,3,8,3916,28,41724,220,DDoS,1,NF-BoT-IoT-v2
Device_1718,Gateway,635.65,104,190.34,0.008849580242357125,4.659,28.38,0.0042159168218225615,0.000992365311042452,739,7.192,192,1396,3629,8,8,33426,28,86083,425,DDoS,1,NF-CSE-CIC-IDS2018-v2
Device_1719,Actuator,355.96,44,166.89,0.0091980620144827,1.396,26.49,0.0034392270412537626,0.00039138042716496576,2184,3.769,752,1259,3111,11,8,57527,15,15903,200,Normal,0,NF-BoT-IoT-v2
Device_1720,Router,148.51,202,76.81,0.005164406345541191,3.379,85.77,0.003924874891919657,0.0002503255655545629,4689,1.61,606,2006,819,11,8,63961,28,8108,530,Port_Scan,1,NF-CSE-CIC-IDS2018-v2
Device_1721,Camera,596.47,465,182.12,0.006327690937189205,3.4,34.33,0.0022940525913239364,0.0005794998844988817,458,1.482,126,1234,3832,8,0,30371,15,85608,150,Normal,0,NF-ToN-IoT-v2
Device_1722,Gateway,814.38,85,196.52,0.004245669529410125,1.222,37.16,0.0010558024363437031,0.00022299944308093485,1903,8.145,956,377,839,3,8,58547,2,7559,200,Data_Exfiltration,1,NF-BoT-IoT-v2
Device_1723,Router,382.12,388,76.51,0.004243058566424106,1.573,23.71,0.0016984462663619242,0.0009411379974739659,5304,6.567,474,1046,3556,8,0,21803,28,11514,331,Port_Scan,1,NF-CSE-CIC-IDS2018-v2
Device_1724,Actuator,132.27,258,59.51,0.0004804462945816847,2.579,96.33,0.004517199219131855,0.00026666175902511355,7989,7.308,99,1044,1700,0,0,38701,1,26735,425,DoS,1,NF-ToN-IoT-v2
Device_1725,Router,196.69,92,113.91,0.004394832458799575,1.347,28.25,0.0046962911490719995,0.000990034794296739,638,4.934,344,864,4088,11,8,59488,28,83369,425,Botnet,1,NF-BoT-IoT-v2
Device_1726,Sensor,237.48,34,45.56,0.006767549133980515,3.132,28.51,0.00246114535278371,0.00042448150847703705,4539,4.627,243,136,3900,11,0,18087,1,48342,425,Data_Exfiltration,1,NF-BoT-IoT-v2
Device_1727,Gateway,299.9,66,16.2,0.004277623444455055,2.68,94.67,0.0015640983182320313,0.000814559147290114,6988,2.19,20,344,3277,11,0,53583,15,58254,220,Brute_Force,1,NF-ToN-IoT-v2
Device_1728,Actuator,642.8,41,189.71,0.00873685580108187,2.836,90.59,0.0036785245081316386,0.0006517975217953123,965,1.767,629,117,4036,8,0,11444,28,17262,425,Port_Scan,1,NF-ToN-IoT-v2
Device_1729,Camera,600.95,328,185.89,0.00339237322882948,1.105,28.65,0.0038533657503047472,0.0009341592327002883,6128,1.624,359,1978,2364,0,8,21944,15,39728,150,Normal,0,NF-ToN-IoT-v2
Device_1730,Actuator,696.08,21,40.9,0.00141355226095241,2.828,87.15,0.004095784857293881,0.000629172683379598,9067,9.919,433,1496,136,11,0,33170,1,13590,425,Port_Scan,1,NF-CSE-CIC-IDS2018-v2
Device_1731,Camera,362.5,328,87.47,0.008134431038217689,0.723,28.73,0.0002523106725402304,0.0005854057996474321,4771,8.227,611,2006,3349,0,0,57316,15,22840,200,Normal,0,NF-CSE-CIC-IDS2018-v2
Device_1732,Actuator,824.0,342,167.9,0.006772084391453062,4.467,13.02,0.00014769597474350243,0.0006563239201228273,1135,6.299,487,1535,442,3,0,15821,5,10255,200,Botnet,1,NF-CSE-CIC-IDS2018-v2
Device_1733,Router,204.09,101,135.59,0.00249401287497376,2.045,82.93,0.0018500625785810776,0.0007886008768230995,8652,2.223,891,1383,2410,3,8,57131,1,16017,530,DDoS,1,NF-ToN-IoT-v2
Device_1734,Router,469.04,10,85.01,0.0054108674348181075,4.354,78.3,0.0008472334271048981,0.0008998532158688998,2919,3.443,330,1306,3056,11,8,8427,15,5831,220,Normal,0,NF-BoT-IoT-v2
Device_1735,Router,800.94,444,151.39,0.004078338152078546,3.657,32.99,0.004044411106719161,0.00027414675109552666,8587,3.573,667,513,3514,3,0,33373,28,20761,150,Normal,0,NF-ToN-IoT-v2
Device_1736,Sensor,180.16,335,180.44,0.009394711786713012,3.948,13.56,0.002710934882535347,0.00020887822096130924,1526,4.829,307,881,555,8,0,24798,15,29707,220,DoS,1,NF-CSE-CIC-IDS2018-v2
Device_1737,Camera,109.86,145,185.97,0.006112587700114228,1.915,24.61,0.004144205819172809,4.400619870931988e-05,5594,4.278,185,1059,747,3,8,29587,2,75153,200,Normal,0,NF-BoT-IoT-v2
Device_1738,Router,883.68,205,81.98,0.001668053685751217,1.525,78.25,0.0009668740760462622,0.0003763784110131642,792,9.348,335,1888,2039,8,0,57131,1,28011,530,Normal,0,NF-BoT-IoT-v2
Device_1739,Sensor,342.93,142,42.98,0.005071269681106154,2.33,96.65,0.0031733912734229555,0.00084772317260967,7693,7.236,506,1239,367,3,0,53162,15,8929,226,Normal,0,NF-ToN-IoT-v2
Device_1740,Camera,683.87,482,183.44,0.008639312641986122,0.609,29.61,0.0029428432450928385,7.915885435051773e-05,1167,0.906,463,1748,4061,0,8,33390,5,29621,220,Port_Scan,1,NF-CSE-CIC-IDS2018-v2
Device_1741,Actuator,25.35,95,27.59,0.0067478170333213705,4.634,82.73,0.0017678536741124154,0.0005431348756987183,1232,3.664,933,331,2016,3,0,60678,2,9076,425,Normal,0,NF-CSE-CIC-IDS2018-v2
Device_1742,Sensor,690.05,485,147.12,0.008440275553376697,2.242,26.65,0.002633698372733031,0.0006978407498687538,9413,1.416,995,559,3633,0,0,50985,1,40424,200,Normal,0,NF-ToN-IoT-v2
Device_1743,Gateway,316.1,304,36.69,0.002578953207269839,4.949,69.56,0.0029862349319111207,0.000838484502789848,7712,2.866,3,637,3877,8,0,26685,2,32766,220,Normal,0,NF-BoT-IoT-v2
Device_1744,Sensor,55.74,288,83.98,0.008894678632770665,3.927,12.94,0.004458490242225525,0.0005875960187557416,9533,9.593,669,1846,4068,3,8,58596,28,26274,200,Normal,0,NF-ToN-IoT-v2
Device_1745,Sensor,609.81,333,88.2,0.007580552185059305,0.862,60.6,0.0003726280853053015,0.0001944568100910232,1046,7.082,964,958,2033,3,8,24814,5,58936,530,DoS,1,NF-CSE-CIC-IDS2018-v2
Device_1746,Camera,240.8,189,40.16,0.00731624617883698,3.471,30.57,0.004134531947441327,0.0009648908956360418,1715,0.178,175,1211,1324,0,8,61185,28,9852,220,Normal,0,NF-ToN-IoT-v2
Device_1747,Actuator,386.81,13,185.31,0.0035307565906588915,1.719,92.96,0.0049027663074766425,0.00010370499529801751,8354,3.356,848,1489,3365,3,8,5845,15,23913,200,Normal,0,NF-CSE-CIC-IDS2018-v2
Device_1748,Gateway,80.58,135,10.51,0.008887814831229229,1.597,32.53,0.003685697784732299,0.0007713096156789887,5815,4.443,581,1412,1094,8,0,5708,2,11468,150,DoS,1,NF-BoT-IoT-v2
Device_1749,Router,147.16,184,179.82,0.006415995836192844,1.655,42.85,0.0037130002130778723,9.569363160487552e-05,6169,6.065,533,1583,1794,0,8,23085,28,7133,530,Normal,0,NF-CSE-CIC-IDS2018-v2
Device_1750,Router,297.98,260,177.93,0.008533210820941745,4.622,84.86,0.0011680740574564709,0.00015198491660430407,493,5.047,298,1096,319,8,8,23283,15,23657,331,Brute_Force,1,NF-ToN-IoT-v2
Device_1751,Sensor,89.76,30,70.22,0.0036736174142640906,2.75,46.64,0.002663059076650772,0.0008992334377579956,9818,0.791,118,680,1258,11,8,9765,5,36309,331,DoS,1,NF-CSE-CIC-IDS2018-v2
Device_1752,Camera,910.83,494,143.81,0.0015419557015371296,3.513,27.65,0.003559107568898,0.0007555439120157422,7634,5.204,789,1313,3687,8,0,29278,28,50333,530,Normal,0,NF-CSE-CIC-IDS2018-v2
Device_1753,Camera,6.05,449,58.03,0.003390138084181191,1.764,57.02,0.003051176921329309,0.0003718531885196636,9793,1.39,642,1421,3423,0,0,51584,2,61981,220,Normal,0,NF-CSE-CIC-IDS2018-v2
Device_1754,Router,483.86,114,154.17,0.004607117039014307,2.853,84.8,0.001987144874872226,0.0006423371130896419,7522,5.24,206,586,3875,8,8,54190,28,49459,425,Normal,0,NF-CSE-CIC-IDS2018-v2
Device_1755,Gateway,123.25,75,116.61,0.005380733013940375,2.075,46.15,0.0047065802092732,0.0004626747494935874,6302,2.536,709,1121,297,3,0,39274,5,8552,200,DDoS,1,NF-CSE-CIC-IDS2018-v2
Device_1756,Actuator,307.68,452,67.04,0.005157011235544222,1.945,17.62,0.00261853503280058,7.587238328735056e-05,619,1.528,135,1919,2984,8,8,25740,15,40529,331,Normal,0,NF-CSE-CIC-IDS2018-v2
Device_1757,Gateway,926.06,272,86.04,0.005505940465121989,1.611,41.39,0.00485239174063409,0.0007239163401753087,488,2.95,203,1263,1782,3,0,12859,28,66436,331,Normal,0,NF-BoT-IoT-v2
Device_1758,Actuator,161.69,58,141.08,0.00843288707570718,2.341,95.68,0.0028629908393618727,0.000765623166498792,687,1.086,35,276,556,0,8,9168,28,30165,530,Port_Scan,1,NF-CSE-CIC-IDS2018-v2
Device_1759,Router,965.83,25,182.16,0.0017840023372628824,3.47,11.84,0.003987578888746345,0.0008835179722904963,3597,2.911,30,1298,3346,3,0,41919,1,39043,220,Normal,0,NF-ToN-IoT-v2
Device_1760,Actuator,205.79,154,34.84,0.0032289078221718216,1.499,43.8,0.003735913205453719,0.0005452309731451673,7769,8.683,428,620,2078,8,8,21955,15,8598,425,Brute_Force,1,NF-ToN-IoT-v2
Device_1761,Camera,741.57,349,118.56,0.00889722405531097,4.844,66.56,0.00333803649844534,0.0006764065714914414,2671,3.141,942,2000,3997,11,0,64566,1,62749,220,Port_Scan,1,NF-CSE-CIC-IDS2018-v2
Device_1762,Sensor,546.68,259,58.21,0.0056485362251274705,1.061,12.46,0.0001708581441936734,0.00044366991419111923,8571,4.755,823,762,3502,3,0,44138,1,84586,220,Normal,0,NF-BoT-IoT-v2
Device_1763,Sensor,884.48,352,162.26,0.005875559716658765,2.661,37.77,0.0004794028374514943,0.0003257201665167482,6808,5.246,257,1436,292,11,8,35102,5,69659,226,Normal,0,NF-CSE-CIC-IDS2018-v2
Device_1764,Router,553.99,363,23.35,0.004832819191678128,0.883,94.35,0.002949273012202744,0.00041758299523622823,9096,1.865,381,1278,408,11,8,28662,5,9043,150,DoS,1,NF-CSE-CIC-IDS2018-v2
Device_1765,Camera,534.56,84,140.9,0.005534848886362778,0.602,7.91,0.004567728966502888,0.0009126348330978428,8366,4.474,182,1920,1854,11,0,19808,2,28703,530,Normal,0,NF-CSE-CIC-IDS2018-v2
Device_1766,Gateway,195.46,299,43.24,0.002060989332545002,4.652,76.42,0.003045594167627939,0.00017252957219374677,3085,8.545,208,1076,2188,11,0,55181,15,51045,150,DDoS,1,NF-CSE-CIC-IDS2018-v2
Device_1767,Camera,166.23,426,123.31,0.005513982304239471,4.147,84.93,0.001256380379605378,0.00025601481944434007,809,0.897,879,178,3595,8,8,11476,15,61115,150,Normal,0,NF-CSE-CIC-IDS2018-v2
Device_1768,Sensor,916.49,291,168.78,0.009972013966320057,3.624,31.32,0.0016690701679161805,0.0006101288834639548,3762,9.236,641,1423,328,3,8,48725,5,86173,200,Brute_Force,1,NF-CSE-CIC-IDS2018-v2
Device_1769,Sensor,327.84,75,153.47,0.005703870971949425,4.393,25.4,0.003153483382993332,0.00012511850834557434,4730,8.724,575,344,3639,0,0,64388,5,27809,200,Botnet,1,NF-CSE-CIC-IDS2018-v2
Device_1770,Camera,372.08,134,153.06,0.0005395844094997004,4.113,91.91,0.0030255668815135843,0.0008929458665359028,1530,8.573,439,1644,807,0,0,17270,1,62948,150,Data_Exfiltration,1,NF-CSE-CIC-IDS2018-v2
Device_1771,Camera,759.82,328,108.39,0.00798471287907153,3.413,77.58,0.004782944260054013,5.676400814462994e-05,5091,2.066,342,347,1736,3,8,8885,5,15733,530,Normal,0,NF-CSE-CIC-IDS2018-v2
Device_1772,Sensor,338.82,96,179.24,0.004025106744361537,4.313,15.77,0.00269251436363699,0.0007577591703322572,5167,4.895,589,434,3711,0,8,8372,28,6525,530,DoS,1,NF-BoT-IoT-v2
Device_1773,Gateway,952.06,50,121.74,0.0016213938701654625,2.259,25.16,0.0018395729216688734,0.0003799907666778069,8938,6.2,378,1922,2356,3,0,25764,15,48560,220,Brute_Force,1,NF-BoT-IoT-v2
Device_1774,Router,737.93,479,184.33,0.008638946081644245,2.987,64.03,0.002672464508032949,6.065391787534651e-05,2138,1.09,411,1503,492,8,0,19551,2,46464,226,Normal,0,NF-CSE-CIC-IDS2018-v2
Device_1775,Router,597.43,195,113.84,0.002059935229796179,3.993,44.84,0.003952546518026928,0.0008444986147815498,4233,5.613,527,1602,3226,3,0,64952,1,69319,150,Normal,0,NF-BoT-IoT-v2
Device_1776,Camera,880.9,363,106.13,0.009215597159599478,0.882,52.9,0.0027477826483409953,0.0006440556323336506,5451,8.416,383,157,2556,8,8,60418,28,9455,425,Normal,0,NF-CSE-CIC-IDS2018-v2
Device_1777,Router,49.61,389,52.25,0.004473785255381795,4.364,95.4,0.0016976574964097978,1.8770122056657084e-05,2315,9.372,465,1984,1320,3,0,50664,5,61506,220,Normal,0,NF-CSE-CIC-IDS2018-v2
Device_1778,Sensor,257.06,344,113.51,0.007453629264022031,1.206,44.92,0.0017592431504148845,0.0002748575199007671,3456,2.855,393,866,2974,11,8,60620,2,51251,331,Normal,0,NF-CSE-CIC-IDS2018-v2
Device_1779,Sensor,465.04,275,36.71,0.005515258918351354,4.39,88.76,0.003808377914287517,0.00035852515164777393,202,2.959,837,527,517,11,0,27018,5,33982,226,Normal,0,NF-CSE-CIC-IDS2018-v2
Device_1780,Camera,226.98,280,175.24,0.0026406053587607558,1.901,67.77,0.00042559655662028104,0.00032935236741027846,8436,2.78,571,1012,412,8,0,40689,28,51588,200,Normal,0,NF-CSE-CIC-IDS2018-v2
Device_1781,Camera,743.91,51,138.42,0.006743792727509597,1.971,16.55,0.0014463008532551104,0.0005033586087393456,9046,1.619,151,775,3229,0,8,4393,2,15743,530,DDoS,1,NF-CSE-CIC-IDS2018-v2
Device_1782,Camera,919.21,102,198.79,0.009583334253812465,0.833,75.73,0.0008498841930018538,0.0005315349282980773,6903,4.364,620,1654,485,11,8,23222,5,28110,331,Normal,0,NF-CSE-CIC-IDS2018-v2
Device_1783,Gateway,423.77,194,27.5,0.007719405971234984,4.487,54.42,0.0047289106026664335,0.00040278647761522664,4561,7.866,369,1871,2826,3,8,33957,28,34676,331,Normal,0,NF-ToN-IoT-v2
Device_1784,Router,342.13,224,55.73,0.006079778166094265,1.285,26.38,0.0005414618895240745,0.0003384526353900783,6396,7.15,107,731,2601,0,0,44695,28,60883,425,Normal,0,NF-CSE-CIC-IDS2018-v2
Device_1785,Camera,961.55,26,176.66,0.009907218271831981,3.335,32.51,0.003815099687021657,0.0005093652350071548,6665,9.013,139,76,749,0,0,36744,2,859,425,DDoS,1,NF-ToN-IoT-v2
Device_1786,Actuator,444.85,453,85.1,0.002726734006692579,3.398,57.95,0.003189085290398934,4.327925058237337e-05,6562,3.622,280,1386,3259,8,8,5004,28,21818,530,Normal,0,NF-CSE-CIC-IDS2018-v2
Device_1787,Actuator,489.05,274,98.6,0.0007171807303035291,1.765,62.16,0.0032007415632877585,0.0006487497424312985,182,5.765,72,867,645,0,0,54613,5,14234,425,Botnet,1,NF-CSE-CIC-IDS2018-v2
Device_1788,Sensor,351.65,123,173.52,0.00041809557454771767,4.935,96.98,0.0038408218330246366,0.0006099226917346081,9603,7.689,623,995,2726,8,8,44433,2,12331,331,Botnet,1,NF-CSE-CIC-IDS2018-v2
Device_1789,Router,909.55,301,109.15,0.007135810007632104,0.789,86.2,0.0020623910631615877,0.00028642760172789805,8063,8.992,505,942,1320,11,0,30473,1,56649,220,Normal,0,NF-ToN-IoT-v2
Device_1790,Camera,568.96,466,46.76,0.008319300410868289,3.235,24.55,0.0020636424884866427,0.00018772029253063077,6090,8.73,738,891,3199,11,0,4078,28,58639,150,Normal,0,NF-ToN-IoT-v2
Device_1791,Actuator,762.17,473,179.49,0.006387495321096815,2.658,78.53,0.001514658332963533,8.225512290165545e-05,5852,4.709,950,1127,3742,0,8,43147,5,61342,331,DDoS,1,NF-CSE-CIC-IDS2018-v2
Device_1792,Router,811.81,301,15.9,0.009059763314687663,1.605,5.79,0.0030289751807397376,0.0005914703137930504,6322,9.078,106,759,226,0,8,21747,2,61216,150,Normal,0,NF-CSE-CIC-IDS2018-v2
Device_1793,Sensor,341.85,57,180.13,0.007009962868665213,1.236,17.33,0.004656045735340265,0.00057321126985935,3768,4.496,501,129,2891,3,8,38877,1,69141,331,Normal,0,NF-ToN-IoT-v2
Device_1794,Gateway,433.69,316,19.6,0.0037724509994493034,3.817,23.97,0.004627517677015563,0.0005379849092094477,1715,9.038,159,1326,2415,3,0,44334,1,9343,220,Normal,0,NF-CSE-CIC-IDS2018-v2
Device_1795,Router,848.47,106,136.51,0.001894457087135828,4.623,61.73,0.0035445072936887874,0.0009857620855052793,4346,7.792,150,1462,2430,8,0,27373,15,29851,150,Normal,0,NF-ToN-IoT-v2
Device_1796,Router,363.26,384,23.62,0.009254010037735648,0.984,23.5,0.004540310278061946,0.0005362286699113048,2162,2.294,14,1499,2796,0,0,17618,15,30909,200,Botnet,1,NF-CSE-CIC-IDS2018-v2
Device_1797,Gateway,793.94,104,144.18,0.001125611784975047,1.373,39.7,0.004821242258943265,0.0007245728226699939,9071,9.304,5,1146,1093,0,0,64850,2,38182,226,Normal,0,NF-CSE-CIC-IDS2018-v2
Device_1798,Router,940.99,335,16.45,0.005475585197089415,4.938,28.06,0.003996014220713677,0.00012178908911526261,7655,2.5,639,1709,1388,3,8,9844,28,13588,331,Normal,0,NF-ToN-IoT-v2
Device_1799,Sensor,623.21,83,170.07,0.003208678460207765,0.568,37.05,0.002098383311822396,0.0003059810812937078,1158,9.093,273,148,1945,8,8,32777,5,22742,331,DDoS,1,NF-BoT-IoT-v2
Device_1800,Sensor,741.63,345,98.53,0.002787008574444758,2.787,94.53,0.0024678023350253545,0.000282692148778692,2498,6.19,338,1569,164,3,0,15232,28,30295,220,Normal,0,NF-CSE-CIC-IDS2018-v2
Device_1801,Gateway,805.1,77,27.76,0.006493765033977275,2.823,99.75,0.004663158908468433,0.0005802157507994283,2430,6.707,211,1948,479,0,8,5048,5,42709,530,Normal,0,NF-CSE-CIC-IDS2018-v2
Device_1802,Camera,845.04,255,144.3,0.0023892456801712586,1.684,70.14,0.00338303956884608,0.0003375050960735032,1859,1.182,327,1026,1027,8,0,19955,5,6956,226,Port_Scan,1,NF-ToN-IoT-v2
Device_1803,Actuator,395.05,415,102.97,0.009172014556749717,3.484,59.37,0.0041214004098122595,0.0006446557626013495,527,0.751,858,1098,1447,11,8,61510,15,14996,530,Normal,0,NF-ToN-IoT-v2
Device_1804,Camera,51.26,86,46.28,0.00411983470008133,4.752,72.3,0.0006689587751525472,0.0006931888418096859,5477,9.687,729,102,1218,0,8,7286,15,85466,425,DoS,1,NF-BoT-IoT-v2
Device_1805,Router,401.88,217,12.98,0.006806015932623822,2.526,78.31,0.0010501169339441564,4.3352938805629774e-05,5129,3.436,466,1199,3006,3,0,3702,28,16045,150,Normal,0,NF-BoT-IoT-v2
Device_1806,Actuator,673.76,381,89.42,0.007304781601552988,3.872,75.21,0.0017861314898825473,0.0006433601353150508,3976,8.459,940,1397,2497,8,0,48010,2,51088,331,Normal,0,NF-CSE-CIC-IDS2018-v2
Device_1807,Gateway,450.35,263,26.27,0.0068611227767907705,3.407,12.78,0.0010223792122418072,0.00012561948865605295,2216,7.074,79,789,1107,3,8,48564,5,1292,200,Port_Scan,1,NF-BoT-IoT-v2
Device_1808,Gateway,748.96,230,27.89,0.009043662384840933,2.628,34.48,0.004541678816792547,0.0004704839488370116,659,6.081,605,827,1810,11,0,63614,15,82507,425,DDoS,1,NF-CSE-CIC-IDS2018-v2
Device_1809,Actuator,356.98,271,60.79,0.002388195549699381,0.724,37.63,0.0011627636802876112,0.0007293108050612408,5541,6.884,750,1983,2406,0,8,43267,2,62722,530,DoS,1,NF-BoT-IoT-v2
Device_1810,Sensor,634.74,419,129.79,0.0009519399923924018,3.838,40.08,0.0028302002002194306,0.0007063115459856945,9677,0.985,746,870,459,0,0,28899,15,85312,425,Normal,0,NF-BoT-IoT-v2
Device_1811,Actuator,186.42,340,110.68,0.0006491104029239887,2.135,37.71,0.0005187239637324374,0.0003068243195474865,2717,4.183,177,757,1532,3,8,14780,5,65530,200,DoS,1,NF-BoT-IoT-v2
Device_1812,Router,749.37,353,23.11,0.008790657089702746,1.51,79.77,0.0008593130479669566,0.0002796421919562097,689,6.11,767,138,2403,0,0,55252,1,12383,220,DDoS,1,NF-BoT-IoT-v2
Device_1813,Sensor,545.7,486,194.0,0.009735541794397904,4.767,76.02,0.0013123341613589042,0.0004458242427770659,598,8.689,833,417,3625,3,8,56917,15,80214,425,Brute_Force,1,NF-CSE-CIC-IDS2018-v2
Device_1814,Gateway,204.06,268,178.56,0.0030950127579266557,3.981,5.44,0.0049161776672734915,0.00019678041218760934,6447,7.175,132,487,411,3,0,49929,2,73613,530,Normal,0,NF-BoT-IoT-v2
Device_1815,Actuator,291.91,317,59.25,0.006965787843392196,4.83,33.16,0.004005612409319169,0.000974952022581395,8004,2.603,777,806,1352,8,8,13526,28,16703,331,Normal,0,NF-ToN-IoT-v2
Device_1816,Camera,748.61,83,33.24,0.0001882365633003141,1.653,64.25,0.0034004197879708878,0.0003514679006008381,9821,9.851,292,325,828,11,8,38276,28,18688,220,Port_Scan,1,NF-ToN-IoT-v2
Device_1817,Camera,482.6,134,189.06,0.001967451950148279,4.261,16.43,0.004589683720864029,0.0009237633412720554,9930,6.466,691,207,107,0,0,30652,5,53052,226,Normal,0,NF-ToN-IoT-v2
Device_1818,Router,216.03,197,97.62,0.006923816386369984,3.235,11.76,0.004785422430901312,0.0009091823133303622,9424,5.063,378,2036,138,0,8,14575,1,52777,200,Normal,0,NF-ToN-IoT-v2
Device_1819,Camera,967.27,263,69.12,0.0007522826792208051,4.917,83.7,0.002322507279965871,0.0003712004976866913,7532,7.836,416,1162,116,3,0,37243,15,48094,200,Normal,0,NF-CSE-CIC-IDS2018-v2
Device_1820,Actuator,715.13,456,103.17,0.004738249494206263,4.758,48.01,0.0017056783022688772,0.0002615437859501768,6056,6.067,344,1141,3421,11,0,35147,15,20684,220,Normal,0,NF-BoT-IoT-v2
Device_1821,Actuator,957.13,330,156.82,0.006659574317302095,4.878,86.29,0.0016450451015859436,0.0007731272781810006,4583,7.129,377,1565,4018,8,8,32504,1,77050,226,Port_Scan,1,NF-CSE-CIC-IDS2018-v2
Device_1822,Camera,427.11,317,41.99,0.0076829858959246225,4.783,83.24,0.0002750726001990978,0.00023708406908801722,8707,6.21,485,1282,2177,3,0,41885,5,52894,425,Normal,0,NF-CSE-CIC-IDS2018-v2
Device_1823,Actuator,475.1,244,155.82,0.0045927775458712685,0.534,89.87,0.0014702266592590556,0.0005260339260628516,5096,1.87,146,625,101,11,0,52792,5,17260,150,Brute_Force,1,NF-BoT-IoT-v2
Device_1824,Router,897.96,483,152.39,0.006339811991013797,3.835,9.59,0.0018397252392493453,0.000119582480675691,1691,5.479,655,360,829,0,0,27040,2,57056,530,Normal,0,NF-CSE-CIC-IDS2018-v2
Device_1825,Sensor,525.05,259,112.48,0.005441798732664408,1.724,22.68,0.00028080431329879473,0.00039207283300393524,4507,2.903,532,1296,3941,8,0,41124,2,76075,226,Normal,0,NF-CSE-CIC-IDS2018-v2
Device_1826,Router,707.28,341,174.51,0.000617827143624879,3.673,33.13,0.00442476359653259,8.737337441856562e-05,3983,5.746,570,1057,2528,8,0,19281,2,43933,220,DDoS,1,NF-BoT-IoT-v2
Device_1827,Router,252.17,407,35.11,0.007453766403872481,4.913,17.94,0.004254498005418744,0.0002906051967591969,1707,1.342,296,1306,774,3,8,36035,5,40271,425,DDoS,1,NF-ToN-IoT-v2
Device_1828,Actuator,446.73,354,123.14,0.0018063829672652124,0.677,51.12,0.0013323545076785739,0.0006686408008086408,3824,2.396,578,73,811,3,0,38874,15,5012,425,Normal,0,NF-CSE-CIC-IDS2018-v2
Device_1829,Sensor,123.45,81,95.38,0.0004148747592150292,3.051,80.9,0.004032538611516969,0.0009913940849846786,7655,8.106,345,1481,1556,8,0,4334,28,18333,425,Botnet,1,NF-BoT-IoT-v2
Device_1830,Actuator,205.98,244,90.24,0.004566562371254886,3.807,95.36,0.0040014382075004,0.0002622595205415125,302,4.112,397,112,1142,0,8,26902,5,40577,220,Normal,0,NF-CSE-CIC-IDS2018-v2
Device_1831,Gateway,0.94,333,57.99,0.008669812114086952,1.64,89.51,0.0017415625227017474,0.0004785880776438458,3954,6.77,475,519,2955,0,0,4089,1,72462,226,Normal,0,NF-CSE-CIC-IDS2018-v2
Device_1832,Actuator,39.27,165,80.73,0.0015932114328441836,1.513,48.45,0.0035156333892923616,0.0004535656535224615,8401,5.029,525,947,179,8,0,18501,28,17553,220,Data_Exfiltration,1,NF-CSE-CIC-IDS2018-v2
Device_1833,Actuator,977.28,464,30.55,0.0002272895877580524,0.772,65.47,0.0015203034063476586,0.00019231209786548585,868,3.473,574,293,3732,3,8,9990,5,24257,200,Normal,0,NF-CSE-CIC-IDS2018-v2
Device_1834,Actuator,242.35,403,57.8,0.0011887944340776297,0.923,26.92,0.00044435355584972967,0.0006139683458355327,238,5.002,924,1450,342,3,8,4114,5,22284,220,DDoS,1,NF-BoT-IoT-v2
Device_1835,Sensor,663.31,124,61.67,0.0037002252318829062,3.455,43.29,0.0025735093862519947,0.000727457897353752,320,8.156,46,740,517,0,8,35053,2,27552,150,DoS,1,NF-BoT-IoT-v2
Device_1836,Actuator,839.1,322,146.93,0.005843701512913908,2.773,87.76,0.0022478025003073903,0.00015574728860208713,7456,2.888,911,1303,3277,11,0,5006,15,64501,200,Normal,0,NF-CSE-CIC-IDS2018-v2
Device_1837,Sensor,550.66,237,19.22,0.0020108201264603365,0.635,7.77,0.0007769492811449569,0.0007595533268549933,9152,4.272,605,1385,671,11,0,19828,15,7207,530,Data_Exfiltration,1,NF-BoT-IoT-v2
Device_1838,Camera,153.14,331,133.73,0.008039443649723449,4.863,55.61,0.0025037113512514134,0.0007031600194375363,4027,2.106,981,2038,1136,11,8,64751,28,26615,331,Normal,0,NF-CSE-CIC-IDS2018-v2
Device_1839,Gateway,728.12,355,52.07,0.007557641493435912,3.452,87.92,0.0047519411542088896,0.00020536945201934706,2487,3.577,428,1024,432,0,8,48469,5,27216,200,Data_Exfiltration,1,NF-CSE-CIC-IDS2018-v2
Device_1840,Sensor,600.25,254,25.55,0.006989049804327123,2.82,16.59,0.0036838264212267374,0.0006524581488667243,2625,8.863,223,839,433,8,8,40351,2,74085,530,Normal,0,NF-CSE-CIC-IDS2018-v2
Device_1841,Camera,731.25,315,67.15,0.004925951102323886,1.727,98.34,0.003720474318734391,0.00039973496256988735,5154,7.879,23,1951,364,11,0,64846,1,37964,200,Normal,0,NF-CSE-CIC-IDS2018-v2
Device_1842,Sensor,769.75,23,52.65,0.0037156478558264547,3.461,6.18,0.0038119988959032223,0.0006843263749694854,9737,3.799,869,579,780,0,8,11578,5,13719,200,Normal,0,NF-ToN-IoT-v2
Device_1843,Sensor,975.41,25,114.89,0.003818307547551627,2.139,89.18,0.0037487056556158734,0.0005011358837134957,7056,1.411,67,646,2010,0,0,51269,2,71520,425,DDoS,1,NF-BoT-IoT-v2
Device_1844,Gateway,573.56,447,77.9,0.00508039829606176,3.661,38.6,0.00019751703346297303,5.765629848171048e-05,1709,4.258,626,978,1034,3,8,49349,1,17234,226,Port_Scan,1,NF-BoT-IoT-v2
Device_1845,Router,341.64,436,193.54,0.00086541540013828,3.572,17.61,0.004630985584900265,0.000789097318256415,5543,7.74,483,846,1439,3,0,31736,1,12114,530,Botnet,1,NF-CSE-CIC-IDS2018-v2
Device_1846,Router,648.46,51,193.07,0.006854824082383907,0.917,19.95,0.004167675045749989,0.0005600439254718929,298,0.534,206,129,258,0,8,19717,28,53676,331,Normal,0,NF-CSE-CIC-IDS2018-v2
Device_1847,Sensor,68.44,474,94.31,0.0035799246856920907,4.592,71.61,0.0014454390964217132,0.0007275466766301452,6084,7.479,578,1200,1392,3,8,11083,15,29138,150,Normal,0,NF-CSE-CIC-IDS2018-v2
Device_1848,Actuator,897.4,119,161.07,0.002325111901593017,2.691,87.72,0.002808443173699488,0.00013481105713145596,9452,6.831,562,825,2361,3,8,32961,15,44182,200,Data_Exfiltration,1,NF-CSE-CIC-IDS2018-v2
Device_1849,Camera,119.38,287,12.52,0.0028554379979365252,2.268,65.9,0.0031135290567705187,0.0007240597478770697,1469,0.74,653,2004,321,3,8,40408,28,76615,530,Normal,0,NF-ToN-IoT-v2
Device_1850,Actuator,327.84,333,114.08,0.0018849134243335566,4.8,93.23,0.0007465306426696008,0.0004195295266313169,3671,6.393,258,158,3101,0,0,16515,5,24338,530,Normal,0,NF-CSE-CIC-IDS2018-v2
Device_1851,Actuator,815.75,28,151.23,0.009025524046725106,2.472,85.04,0.0013444205465999244,0.0008012743735854663,588,3.057,972,1359,2043,11,8,39286,2,19192,226,Normal,0,NF-CSE-CIC-IDS2018-v2
Device_1852,Sensor,597.31,75,51.22,0.0017734714119892554,3.745,5.86,0.00021392713289234504,0.000603174216569757,3640,1.855,987,826,1537,3,8,9285,15,15163,220,Brute_Force,1,NF-CSE-CIC-IDS2018-v2
Device_1853,Sensor,393.64,176,21.62,0.00884096857705914,3.448,68.6,0.0043333634282659,0.0003613531040171023,9156,3.91,546,1869,1958,0,8,766,28,35480,331,Normal,0,NF-CSE-CIC-IDS2018-v2
Device_1854,Sensor,473.44,82,39.62,0.005765209620087669,1.243,33.94,0.00022203484175638212,0.00020989778272480667,2280,2.133,808,610,2170,0,0,11960,15,66054,530,DDoS,1,NF-CSE-CIC-IDS2018-v2
Device_1855,Sensor,854.55,412,93.95,0.008687764458349716,4.96,48.18,0.001661609605518248,0.0008177649269528501,3428,8.263,253,1434,3356,8,8,10985,15,64022,425,Normal,0,NF-CSE-CIC-IDS2018-v2
Device_1856,Router,340.0,409,106.21,0.004793235747364571,2.586,13.93,0.00048340781543649317,0.0005645907369407605,3734,7.446,581,1202,1659,8,8,26044,15,48236,530,DDoS,1,NF-CSE-CIC-IDS2018-v2
Device_1857,Sensor,869.65,319,82.37,0.009283573822862629,2.277,31.8,0.003928889038238155,0.0009875933919039621,755,9.809,189,871,1621,11,8,35186,5,58764,150,Botnet,1,NF-BoT-IoT-v2
Device_1858,Router,88.13,418,93.6,0.0021937583617226667,4.638,65.11,0.0046324155880488205,0.00037975378364197746,6086,5.387,153,1136,1944,8,0,54711,28,66904,331,Port_Scan,1,NF-CSE-CIC-IDS2018-v2
Device_1859,Router,776.8,121,99.34,0.0055914483531880185,2.882,25.75,0.002857796537107182,0.0006888620293699388,9671,0.983,715,1820,3497,0,0,38756,15,33931,150,Normal,0,NF-CSE-CIC-IDS2018-v2
Device_1860,Sensor,847.55,283,156.19,0.0013458030360853246,3.673,66.52,0.0007838774048107761,0.000626592663058716,335,3.741,77,1297,3053,8,0,57573,15,63069,150,DDoS,1,NF-CSE-CIC-IDS2018-v2
Device_1861,Gateway,181.82,416,30.0,0.004527480823503407,4.308,92.69,0.002834988205601897,0.0006412058921945742,1088,8.403,703,1632,3188,3,0,56461,28,63505,220,DoS,1,NF-BoT-IoT-v2
Device_1862,Camera,430.35,382,156.1,0.00574204659680374,1.56,5.47,0.003874672073318125,0.0007396101648903006,1482,4.029,540,614,850,8,0,24174,1,3192,530,Normal,0,NF-CSE-CIC-IDS2018-v2
Device_1863,Actuator,165.5,94,140.84,0.006096184699514404,1.263,79.65,0.0036202394056088724,0.00014771719718312452,9106,4.611,725,579,2672,0,0,46162,5,49420,150,Brute_Force,1,NF-BoT-IoT-v2
Device_1864,Router,706.6,148,150.92,0.0037187350893820633,0.808,65.93,0.00373442312874612,0.0005541476035582883,9981,4.179,369,98,3087,11,8,62194,5,7440,220,Port_Scan,1,NF-ToN-IoT-v2
Device_1865,Camera,535.35,48,149.55,0.0008557228574478832,4.537,9.43,0.0014679518285120405,0.0005140383736904788,5729,2.43,568,1650,592,11,0,62982,2,7150,200,DDoS,1,NF-ToN-IoT-v2
Device_1866,Gateway,635.32,114,99.41,0.006587728106688262,1.402,80.07,0.00046131386066278706,0.00034910449119963526,2586,0.825,624,713,561,11,8,5557,2,26732,331,Port_Scan,1,NF-CSE-CIC-IDS2018-v2
Device_1867,Actuator,196.49,333,50.17,0.004935475418487451,1.885,26.33,0.0008299218288874059,0.0004417887638540437,1765,1.888,755,1530,2750,11,8,38353,1,14840,150,Normal,0,NF-ToN-IoT-v2
Device_1868,Actuator,211.75,290,111.96,0.0014551007797088435,1.786,30.25,0.0047819817768868095,0.000523623955884705,4086,3.703,154,610,3132,3,8,56249,2,36884,220,Botnet,1,NF-CSE-CIC-IDS2018-v2
Device_1869,Router,41.5,456,192.02,0.009365172097120386,1.871,13.88,0.0031062185367703075,0.0003277130918157075,8286,2.53,155,1665,2266,3,0,11836,15,61799,200,DDoS,1,NF-ToN-IoT-v2
Device_1870,Sensor,322.07,489,121.82,0.009561119755616089,3.506,55.77,0.003666708068733235,0.0003002272436983623,1923,5.77,794,868,3114,3,0,57195,15,64027,331,Normal,0,NF-BoT-IoT-v2
Device_1871,Gateway,559.74,423,12.1,0.008580402170330553,4.794,52.33,0.004505416499724969,0.0007408898489198472,5928,6.178,271,1488,1874,8,8,44359,2,32712,200,Normal,0,NF-CSE-CIC-IDS2018-v2
Device_1872,Router,857.93,438,21.35,0.008454296175124214,1.983,37.98,0.004278497376101331,7.62489612925453e-05,5530,5.744,562,1860,3882,8,8,31643,5,81675,226,DDoS,1,NF-BoT-IoT-v2
Device_1873,Gateway,666.93,132,198.64,0.001076845631093756,2.334,21.03,0.0011701690636236831,0.00031983344771874424,5436,0.941,509,1817,1577,8,8,27860,1,49958,331,Normal,0,NF-CSE-CIC-IDS2018-v2
Device_1874,Sensor,435.4,227,23.67,0.009934859084867421,3.97,84.61,0.0003844942185828931,0.000657174034672457,4188,6.702,390,1357,2909,11,0,26806,15,46810,220,Normal,0,NF-CSE-CIC-IDS2018-v2
Device_1875,Sensor,953.12,386,18.75,0.004063768730650943,2.446,88.26,0.004633128184230948,0.0002166852386477321,710,3.907,68,1775,2189,11,8,59746,1,85728,150,DoS,1,NF-CSE-CIC-IDS2018-v2
Device_1876,Router,719.25,70,77.07,0.0017148990470844242,4.667,56.36,0.0049101746339250095,0.0005765499089327265,9627,8.794,132,855,3309,8,8,30446,2,80067,220,DDoS,1,NF-CSE-CIC-IDS2018-v2
Device_1877,Sensor,930.17,109,194.17,0.00813980710935049,2.764,28.2,0.0028799865482184786,0.00030914250023206366,3968,5.304,670,1430,3753,3,8,7113,28,2978,425,Normal,0,NF-ToN-IoT-v2
Device_1878,Camera,527.59,316,70.55,0.0023347346077842728,2.065,14.13,0.00445316938270512,0.0008448682606167084,4425,0.937,845,606,383,0,0,21044,1,40033,220,Normal,0,NF-ToN-IoT-v2
Device_1879,Actuator,258.9,363,87.88,0.005309135674628956,4.872,87.51,0.0012358986436022913,0.00035648943880784367,4535,0.191,265,1133,3167,8,0,15579,1,83643,220,Normal,0,NF-CSE-CIC-IDS2018-v2
Device_1880,Router,52.83,402,130.47,0.00136735904551402,2.416,14.13,0.0006440896524902715,0.0002372213961136014,2263,7.055,682,61,4084,0,0,26194,2,76276,331,Port_Scan,1,NF-CSE-CIC-IDS2018-v2
Device_1881,Gateway,726.08,213,14.58,0.004798992660431297,1.54,6.25,0.0025491029933012287,0.0005348027393184975,8362,4.065,782,1407,4054,3,0,22187,2,76891,331,DoS,1,NF-BoT-IoT-v2
Device_1882,Camera,121.3,267,180.58,0.005625600784689129,1.3,49.59,0.004074798755470552,0.00014430390787550378,1849,2.951,220,794,3427,0,0,64482,15,17360,226,DDoS,1,NF-CSE-CIC-IDS2018-v2
Device_1883,Router,302.78,495,108.69,0.0045146472035182935,4.978,74.47,0.0033078027538776286,0.0007995091277310079,5045,4.527,552,862,2633,11,8,63515,28,86205,425,DDoS,1,NF-ToN-IoT-v2
Device_1884,Sensor,532.47,14,98.69,0.0007879195650512648,3.888,48.47,0.00322286882390445,0.0006832279687599336,5272,0.817,899,1170,3450,0,8,9005,28,47752,200,Normal,0,NF-CSE-CIC-IDS2018-v2
Device_1885,Sensor,564.42,455,173.54,0.004900896402769358,2.339,9.88,0.0001855486503033142,0.0007728038156479667,441,3.981,937,1932,677,8,8,11440,1,37735,425,Normal,0,NF-BoT-IoT-v2
Device_1886,Sensor,600.58,206,191.08,0.004742534150064077,4.219,70.55,0.0016557151725889471,0.00040488941779915337,4783,3.216,989,1387,693,8,0,40314,28,6928,530,Port_Scan,1,NF-BoT-IoT-v2
Device_1887,Sensor,166.26,189,90.45,0.0026900407451776708,2.961,66.02,0.004703529353960159,0.0008366533797163924,3931,8.022,289,1560,2780,3,8,37314,2,11024,220,DDoS,1,NF-CSE-CIC-IDS2018-v2
Device_1888,Gateway,379.74,351,42.76,0.009223855836608622,1.928,69.75,0.0007579403436329249,0.0004986126494297818,2479,1.831,79,762,3402,8,0,33254,2,1154,226,Normal,0,NF-ToN-IoT-v2
Device_1889,Camera,617.19,142,164.98,0.004236144093712736,3.845,25.06,0.0036591931314170554,0.00010375204457103486,6205,7.588,751,1209,1509,0,0,9882,2,81207,226,Normal,0,NF-CSE-CIC-IDS2018-v2
Device_1890,Actuator,969.82,452,86.62,0.008654746382344213,3.857,80.59,0.003820624653659418,0.00023178895650193058,3969,5.054,572,1788,308,11,8,60664,1,66954,331,Normal,0,NF-CSE-CIC-IDS2018-v2
Device_1891,Gateway,727.63,333,187.75,0.0011856719133710749,2.751,50.52,0.0036908828916422144,0.0007139422735129372,6168,0.911,320,566,2702,0,8,26576,5,57788,200,Normal,0,NF-BoT-IoT-v2
Device_1892,Gateway,922.6,262,190.48,0.0032568851136411964,0.703,55.95,0.0049474959810908645,0.0008974580758204176,2539,9.7,318,400,2783,0,8,61646,2,21556,226,DDoS,1,NF-BoT-IoT-v2
Device_1893,Actuator,762.21,274,31.82,0.0018456754523035964,0.847,56.85,0.0021051202356244312,0.0001042337364944226,8006,7.369,487,1781,3226,0,0,25843,28,69213,150,Brute_Force,1,NF-ToN-IoT-v2
Device_1894,Actuator,591.72,102,191.75,0.004143266799697107,4.049,32.25,0.0034427476218241945,0.0008655726431862397,7957,2.675,847,1715,933,8,8,24553,28,81914,226,DoS,1,NF-BoT-IoT-v2
Device_1895,Sensor,192.02,159,79.97,0.0012052032029916983,4.206,28.76,0.0010489100555806316,0.0008010791308867127,5529,5.859,391,1413,1523,3,8,8870,2,50021,331,Normal,0,NF-CSE-CIC-IDS2018-v2
Device_1896,Gateway,666.69,420,132.79,0.004466244577871643,3.552,5.45,0.0020585785877683307,0.00036299544938523466,571,9.009,749,333,2752,8,8,35029,5,34004,220,Normal,0,NF-CSE-CIC-IDS2018-v2
Device_1897,Router,623.38,147,16.6,0.0036033203601375397,4.276,42.68,0.0025086469519223194,0.0006923840363526898,8159,9.315,588,1775,3624,0,0,9299,1,9877,331,Normal,0,NF-ToN-IoT-v2
Device_1898,Actuator,602.47,217,178.89,0.0023108189680126514,3.738,51.08,0.0011526549513901252,0.00019508183036351788,3865,7.338,818,1726,77,3,0,6170,2,46881,530,Normal,0,NF-BoT-IoT-v2
Device_1899,Actuator,489.79,499,131.9,0.00645757617830812,4.536,75.57,0.004543372637558413,0.0008152593669346062,7926,7.304,39,1506,3010,3,8,27682,1,82500,331,DDoS,1,NF-ToN-IoT-v2
Device_1900,Camera,528.66,134,132.28,0.009514023732663537,1.177,11.33,0.0036093693692900754,0.0006607656316305206,8012,2.846,199,948,2397,0,0,30197,5,74057,200,DDoS,1,NF-CSE-CIC-IDS2018-v2
Device_1901,Router,334.44,243,181.41,0.00215042338814091,2.245,92.78,0.0014904130636532243,0.00044444108567239437,8945,9.899,943,338,734,0,8,27438,2,58694,425,Normal,0,NF-CSE-CIC-IDS2018-v2
Device_1902,Router,519.31,70,106.59,0.00714672931499466,2.588,30.08,0.0007612865525582119,0.0008658721423912361,561,2.51,105,1734,704,8,0,39731,2,70954,150,Data_Exfiltration,1,NF-CSE-CIC-IDS2018-v2
Device_1903,Actuator,197.56,316,88.0,0.007449570803641756,1.839,39.84,0.0015105499092702879,0.0001478421562878925,1273,0.985,582,1118,749,3,8,53316,2,29289,150,Botnet,1,NF-ToN-IoT-v2
Device_1904,Sensor,805.17,275,174.56,0.005031393112616038,3.764,9.59,0.0031526283729911135,0.0008473277761119398,1767,9.776,794,868,3533,11,0,35009,15,44006,425,Brute_Force,1,NF-CSE-CIC-IDS2018-v2
Device_1905,Camera,185.78,143,151.06,0.008986916626395614,4.606,67.05,0.0041494023277204,3.3647542457045135e-05,3421,1.613,507,1331,995,3,0,59688,2,85929,200,Normal,0,NF-CSE-CIC-IDS2018-v2
Device_1906,Router,84.97,327,190.31,0.009667261654041918,2.356,72.35,0.002565524459570286,0.0007556684002835284,8931,5.264,570,542,1773,8,8,13873,2,13621,530,Port_Scan,1,NF-ToN-IoT-v2
Device_1907,Actuator,436.25,122,188.62,0.0036862398753331094,4.737,93.24,0.0006022239001721187,0.0005776304359779141,4469,4.736,329,1049,2038,0,0,33324,5,81947,200,Botnet,1,NF-CSE-CIC-IDS2018-v2
Device_1908,Router,658.31,398,82.64,0.0065452296502315575,2.825,37.0,0.001321642845414342,0.0006997560404884032,8773,8.497,691,918,995,3,8,44307,5,51277,226,Port_Scan,1,NF-ToN-IoT-v2
Device_1909,Camera,437.72,387,94.93,0.0066559049172111116,2.851,29.45,0.0017912052050088065,0.00041822108047375497,8373,4.027,984,1590,3562,11,8,18039,15,14976,530,Normal,0,NF-CSE-CIC-IDS2018-v2
Device_1910,Camera,276.75,463,58.64,0.004095991709899795,3.201,73.98,0.0032170676431840304,0.0008657967146332415,4226,5.072,308,1791,1075,8,8,17350,2,61245,425,Normal,0,NF-ToN-IoT-v2
Device_1911,Gateway,558.17,200,135.52,0.0032362316374966804,1.707,72.15,0.0013085525392722086,0.00032001753389841514,2893,0.533,222,969,1448,3,0,41251,28,13291,150,Data_Exfiltration,1,NF-BoT-IoT-v2
Device_1912,Actuator,347.0,388,79.26,0.009344067562455354,2.225,94.03,0.00124624912400407,0.0002822057323465422,9399,2.158,656,1768,106,8,0,54983,1,2015,331,Data_Exfiltration,1,NF-ToN-IoT-v2
Device_1913,Camera,932.87,449,159.36,0.007920817338195486,2.99,24.51,0.0015023891562438516,0.00030873313929036397,6285,8.347,816,418,974,3,8,29274,2,75731,425,DDoS,1,NF-BoT-IoT-v2
Device_1914,Gateway,922.65,196,33.09,0.001233199203147987,4.739,72.0,0.0030033923178223896,0.0007766202044141582,3885,4.836,27,826,1381,0,8,61765,15,32444,226,Normal,0,NF-CSE-CIC-IDS2018-v2
Device_1915,Gateway,502.37,328,32.12,0.0012868523086903814,3.392,11.35,0.0025138883913166186,0.0005003388140372053,350,2.386,673,890,1432,11,0,58519,28,22877,150,Brute_Force,1,NF-CSE-CIC-IDS2018-v2
Device_1916,Router,327.88,376,48.85,0.009233173411642983,1.999,50.63,0.00422401617118196,0.0005417144725956051,1720,3.752,151,489,2923,0,8,33443,5,36544,530,Data_Exfiltration,1,NF-CSE-CIC-IDS2018-v2
Device_1917,Router,737.13,98,26.02,0.000905956673766552,0.547,16.34,0.0035198683406252327,0.0008333388642247667,8557,2.922,173,1903,1083,3,8,46212,1,7341,530,DoS,1,NF-ToN-IoT-v2
Device_1918,Gateway,36.71,196,127.81,0.006915371327807343,4.917,67.05,0.0033674271725860194,0.0008350318967934456,121,5.607,723,1463,2732,11,8,52435,15,78403,530,Normal,0,NF-BoT-IoT-v2
Device_1919,Router,474.77,316,38.0,0.002344906644749676,2.718,62.14,0.0008577853038226067,0.00017012072352275983,2223,0.609,868,1782,3377,3,8,62454,5,53206,425,Normal,0,NF-BoT-IoT-v2
Device_1920,Camera,336.32,443,40.39,0.0004483348931420248,4.723,9.64,0.0003706162131997101,0.0005542699961594339,1610,2.327,979,1832,3190,3,0,38803,2,11458,220,Normal,0,NF-CSE-CIC-IDS2018-v2
Device_1921,Sensor,920.54,141,12.7,0.000690411706192893,2.972,35.36,0.0025989944363404302,0.0001347580243694652,3952,3.614,22,1441,630,11,8,16564,15,52865,331,DoS,1,NF-ToN-IoT-v2
Device_1922,Camera,12.0,369,158.6,0.0037978688264276644,3.225,42.53,0.00045104416032052714,0.0008698431864828103,4875,9.289,810,1445,3981,11,0,31487,2,8195,530,Normal,0,NF-BoT-IoT-v2
Device_1923,Gateway,552.81,132,164.34,0.0008681256717247104,3.704,28.57,0.0018836877880390483,0.0008386356450765624,7108,6.27,877,1284,3863,8,0,49512,15,34591,425,Botnet,1,NF-CSE-CIC-IDS2018-v2
Device_1924,Gateway,740.66,57,40.78,0.006006728079341196,1.944,8.67,0.00022795050697178414,0.0008508553696389211,3522,5.092,545,1282,1529,11,0,51623,15,71667,530,Normal,0,NF-CSE-CIC-IDS2018-v2
Device_1925,Camera,485.02,297,150.51,0.0065078196626033495,3.645,35.29,0.0009663639854862707,0.0007078099153761671,8531,1.989,621,1382,170,0,0,57953,2,42700,331,Normal,0,NF-ToN-IoT-v2
Device_1926,Router,85.4,385,92.37,0.003797338862632185,2.871,80.3,0.0006408025565772139,0.00047220853298203183,8342,5.623,394,1390,1400,11,8,63334,15,63111,226,Port_Scan,1,NF-ToN-IoT-v2
Device_1927,Router,972.46,188,55.52,0.007454492949611673,3.526,39.21,0.004024826519481786,0.00041067401408110307,3107,9.297,47,308,1271,11,8,14459,5,22492,150,Normal,0,NF-ToN-IoT-v2
Device_1928,Gateway,518.01,189,128.06,0.004951420949678815,4.261,35.72,0.001796018147574153,0.0004012723182744739,8767,5.706,608,261,3265,8,8,22705,5,33481,200,DoS,1,NF-BoT-IoT-v2
Device_1929,Actuator,614.19,108,43.91,0.004359262183680613,1.329,94.47,0.0004863479395327834,7.555066072267329e-05,256,1.731,125,1923,3634,0,8,57673,1,54947,220,Normal,0,NF-CSE-CIC-IDS2018-v2
Device_1930,Router,236.61,339,153.81,0.004129182079022239,3.261,8.95,0.0014008530022444282,0.0009493815835998659,6442,9.971,335,1782,2747,0,0,23490,1,58806,331,DDoS,1,NF-ToN-IoT-v2
Device_1931,Camera,483.5,43,19.05,0.00436795422472082,0.735,77.89,0.003445759621742555,0.0004557729001562338,7698,5.039,295,1212,2529,11,0,63216,15,55896,200,Normal,0,NF-CSE-CIC-IDS2018-v2
Device_1932,Router,429.15,429,192.23,0.009682087734350744,0.96,50.89,0.0037536128336445418,0.0009308137502855955,4861,3.264,890,44,112,11,0,58593,5,10710,200,DoS,1,NF-ToN-IoT-v2
Device_1933,Camera,74.9,79,23.66,0.006845929894380534,3.536,94.72,0.0006873391362626547,0.0008804649637701096,2119,5.083,814,1558,2431,8,8,37026,2,27735,200,Normal,0,NF-BoT-IoT-v2
Device_1934,Gateway,106.16,180,120.1,0.0032205774868948904,0.819,42.38,0.003914975555676274,0.0008303242839140943,5337,2.711,840,228,316,0,0,18239,15,50973,200,Normal,0,NF-ToN-IoT-v2
Device_1935,Router,837.47,375,181.42,0.007365212715035097,3.179,72.26,0.0019157398752636826,0.0005924257959825187,9978,0.401,819,1678,3990,0,0,63396,2,26423,226,DDoS,1,NF-ToN-IoT-v2
Device_1936,Camera,239.82,281,12.26,0.0033696471443968685,1.49,11.64,0.003428975077781516,0.00011054032709113418,8023,8.906,537,646,3527,3,8,41772,28,70348,425,Normal,0,NF-CSE-CIC-IDS2018-v2
Device_1937,Gateway,194.96,68,104.72,0.0013445775870682946,1.868,93.23,0.0033903881675550257,0.0003306723350560208,4270,4.346,594,134,3204,8,0,33260,1,76925,425,Botnet,1,NF-CSE-CIC-IDS2018-v2
Device_1938,Actuator,504.91,190,76.5,0.004806067538810926,1.083,37.73,0.0039886043332804325,0.0006075503471932116,5147,7.554,911,1225,3577,8,0,18213,15,85445,331,Port_Scan,1,NF-BoT-IoT-v2
Device_1939,Camera,768.75,28,120.26,0.0075351362054703,1.619,54.78,0.0035161956235143263,2.332125033052438e-05,2514,9.715,570,140,2588,11,8,23405,15,54448,530,Botnet,1,NF-ToN-IoT-v2
Device_1940,Actuator,61.95,235,52.84,0.00383883311778448,4.196,18.16,0.00029045494769525104,5.2204604531812606e-05,2255,6.363,955,407,4074,0,0,33238,2,12779,200,Normal,0,NF-ToN-IoT-v2
Device_1941,Actuator,576.81,482,22.33,0.008704824006268696,3.375,94.83,0.0026454574433587862,0.0006808867483785721,3857,6.947,538,157,2941,11,0,50532,1,78482,530,Normal,0,NF-CSE-CIC-IDS2018-v2
Device_1942,Sensor,119.21,104,128.93,0.0039308317704688225,4.774,68.93,0.000914287750007762,0.0008893208229868278,192,9.438,297,778,1464,8,0,29012,2,66317,200,Normal,0,NF-ToN-IoT-v2
Device_1943,Router,36.46,378,89.2,0.003563406352516644,0.719,10.13,0.004852826233714182,0.0008566114980299715,6343,5.214,44,416,2675,0,0,43162,2,73161,150,DDoS,1,NF-BoT-IoT-v2
Device_1944,Camera,52.74,306,128.27,0.00998261474724634,4.066,19.74,0.0013535892387043793,0.00017646382371263794,8962,3.267,597,179,1632,0,0,21239,1,68992,331,Normal,0,NF-CSE-CIC-IDS2018-v2
Device_1945,Actuator,834.16,90,50.0,0.0048764730276016485,3.646,42.98,0.002158526021219193,0.0009121211180664178,2243,9.222,22,714,1619,8,8,27840,28,24908,530,DoS,1,NF-CSE-CIC-IDS2018-v2
Device_1946,Sensor,117.97,184,74.36,0.00807168997616371,1.674,25.59,0.0010638405436898433,0.000699339178644758,8523,0.783,878,1056,804,0,0,19016,5,33509,425,DDoS,1,NF-CSE-CIC-IDS2018-v2
Device_1947,Gateway,45.15,231,116.72,0.008069381754993233,3.781,33.94,0.0007594867557080198,0.0007191626947824269,6071,2.225,226,1026,2298,3,0,36098,5,16939,220,Normal,0,NF-CSE-CIC-IDS2018-v2
Device_1948,Camera,437.9,112,122.69,0.009271056437281875,3.724,99.76,0.00304455504295818,0.0003110007887300408,1702,3.479,549,583,763,8,8,32570,28,40119,200,Port_Scan,1,NF-CSE-CIC-IDS2018-v2
Device_1949,Actuator,843.99,63,80.74,0.0009404610390580063,2.567,67.57,0.0025165802788334507,0.0007188368079269802,3051,7.843,374,780,766,8,8,11493,1,77900,226,Botnet,1,NF-CSE-CIC-IDS2018-v2
Device_1950,Router,262.41,192,63.21,0.0027850807366257392,3.599,92.61,0.0019358326971049024,0.0007126745548080534,1410,9.049,613,1062,2223,0,0,14435,15,25365,425,DDoS,1,NF-BoT-IoT-v2
Device_1951,Sensor,421.71,360,62.0,0.007700706106309697,2.501,46.4,0.000518553208542474,0.0005987188703569888,8067,4.573,654,1218,1271,8,8,45281,1,4731,200,Botnet,1,NF-CSE-CIC-IDS2018-v2
Device_1952,Actuator,39.92,412,43.19,0.0056697547747457935,2.01,72.48,0.0037062008868759826,0.00036371551922645314,6346,2.933,4,467,356,11,0,13341,2,51728,200,Normal,0,NF-CSE-CIC-IDS2018-v2
Device_1953,Router,449.08,327,71.83,0.0056401879293098865,2.599,48.67,0.00012869585970225265,0.0008129042933081112,258,3.597,24,833,1019,8,0,23262,1,24325,425,Normal,0,NF-ToN-IoT-v2
Device_1954,Actuator,577.61,364,47.89,0.0017455314885153842,4.528,36.18,0.00234254178281366,0.0009381427586004663,3878,6.6,962,1489,937,11,8,36061,5,24490,200,Normal,0,NF-BoT-IoT-v2
Device_1955,Camera,570.91,358,130.42,0.0028834148397279048,2.231,54.32,0.003199602705897137,0.0008711895407767264,1686,1.664,703,356,2472,3,0,1039,15,21249,331,DDoS,1,NF-CSE-CIC-IDS2018-v2
Device_1956,Camera,332.43,452,118.12,0.005261207448595671,2.317,45.59,0.0022104830944857995,0.0002505494022709275,477,5.52,833,188,565,3,8,53020,28,66472,331,DoS,1,NF-CSE-CIC-IDS2018-v2
Device_1957,Camera,315.53,330,82.69,0.00284409551027875,3.238,98.15,0.0007184240211648515,0.0004512170907591595,3395,5.926,322,1169,3095,11,0,10181,1,55483,200,Normal,0,NF-CSE-CIC-IDS2018-v2
Device_1958,Sensor,106.62,77,71.91,0.0021817996477172794,3.888,52.14,0.003913424442306672,0.00034899020877118033,9005,7.108,781,143,3442,8,8,2765,15,38452,226,Normal,0,NF-BoT-IoT-v2
Device_1959,Camera,366.8,37,55.15,0.0009687849521229617,3.806,82.06,0.0016873253662877464,0.0007104047547075173,9029,6.079,539,1018,1884,11,8,27081,15,68491,220,Normal,0,NF-CSE-CIC-IDS2018-v2
Device_1960,Router,99.49,283,111.74,0.0016416875180411212,0.589,68.35,0.000760302200791472,0.0008331754342942963,2600,1.06,372,1510,3874,0,0,43223,5,16548,530,Data_Exfiltration,1,NF-CSE-CIC-IDS2018-v2
Device_1961,Actuator,766.6,291,184.59,0.007711790848670534,3.593,50.56,0.002796302492257378,0.00022363817111507403,1963,6.919,593,1824,712,11,8,611,2,766,150,Normal,0,NF-ToN-IoT-v2
Device_1962,Gateway,966.27,369,140.28,0.007215913887788684,2.527,50.04,0.00019394063206367462,0.0009478027799990328,7988,0.315,633,1128,149,3,0,10775,15,8359,220,Normal,0,NF-CSE-CIC-IDS2018-v2
Device_1963,Router,970.07,412,151.44,0.0005537534750522449,2.858,37.48,0.0016879120846502278,0.0006805558419665726,591,3.964,365,985,3091,3,0,59142,15,50619,425,DoS,1,NF-BoT-IoT-v2
Device_1964,Router,865.07,320,168.53,0.002112512444906699,3.027,15.16,0.0037781476110076645,0.00022626339286110192,8213,4.229,913,1248,359,11,0,45488,1,21965,226,Normal,0,NF-CSE-CIC-IDS2018-v2
Device_1965,Camera,600.79,128,76.81,0.005648507932653891,3.793,77.34,0.004572285513884455,0.00037738366519435247,7601,1.255,69,1530,3587,3,0,56254,28,51469,425,DoS,1,NF-BoT-IoT-v2
Device_1966,Sensor,700.87,389,21.95,0.0032940156579440542,4.241,92.22,0.002999464551258391,0.00011356078947598341,9821,0.198,472,1328,3306,0,8,32356,1,6710,425,DDoS,1,NF-CSE-CIC-IDS2018-v2
Device_1967,Actuator,285.21,450,128.29,0.008250171066527352,3.408,25.71,0.0011662967684466811,0.0006010982951793125,7510,0.805,505,989,1443,8,0,39469,5,52265,425,Botnet,1,NF-CSE-CIC-IDS2018-v2
Device_1968,Sensor,630.77,143,45.85,0.007871394145855255,3.038,92.94,0.0011780007384993177,0.00017749960756469781,7831,4.518,313,767,1547,8,8,61679,15,71000,425,Botnet,1,NF-BoT-IoT-v2
Device_1969,Actuator,455.65,138,118.12,0.008926647523785285,2.182,27.07,0.0030589711546407466,0.000696159038781411,1045,2.48,72,904,342,11,8,36839,2,33720,226,Brute_Force,1,NF-BoT-IoT-v2
Device_1970,Actuator,482.02,17,150.51,0.005673019191900649,1.12,55.36,0.0020931323635097754,0.0007398742757924084,8993,0.783,246,125,4006,3,0,45871,15,78448,220,Normal,0,NF-CSE-CIC-IDS2018-v2
Device_1971,Sensor,757.78,490,158.89,0.0035855571501100755,4.814,37.64,0.0009685950640019274,0.00048454147014019745,2584,2.638,758,750,315,8,0,57445,2,11109,220,Botnet,1,NF-ToN-IoT-v2
Device_1972,Router,281.92,60,67.35,0.006100040492230687,2.578,15.88,0.00395824549440123,0.00010287860343274344,2855,5.335,765,713,1095,3,0,58008,2,25434,425,Port_Scan,1,NF-CSE-CIC-IDS2018-v2
Device_1973,Actuator,318.04,350,107.36,0.0009824531294800323,3.048,10.02,0.0010811908788560297,0.0006147644580718357,7728,7.447,876,699,649,11,0,19498,2,26241,200,Normal,0,NF-ToN-IoT-v2
Device_1974,Sensor,924.64,481,127.98,0.00019490157564052937,3.88,39.71,0.001676040089777153,0.00037848319960257626,7917,4.179,73,1811,1407,3,8,17974,28,11759,220,DoS,1,NF-BoT-IoT-v2
Device_1975,Actuator,56.22,290,165.7,0.00026922584919151815,0.808,9.5,0.00040100425001271084,0.0009501509965019059,3133,6.17,786,546,1238,0,8,40353,1,45796,530,Normal,0,NF-BoT-IoT-v2
Device_1976,Gateway,485.63,184,154.66,0.004134675085548741,4.348,14.9,0.0035367233542030435,0.0005180736496350212,489,6.008,528,1275,668,0,8,18752,5,63509,425,Normal,0,NF-ToN-IoT-v2
Device_1977,Router,912.8,192,197.72,0.0023579681816203266,4.087,18.52,0.0014488618452505213,8.154340817553223e-05,7934,8.974,691,1060,2487,3,0,46747,28,3294,220,Normal,0,NF-CSE-CIC-IDS2018-v2
Device_1978,Camera,610.36,201,11.54,0.0016576432874204723,3.985,5.18,0.0012410481155068717,0.0006396885923652075,9535,1.876,864,225,3500,0,0,31528,28,6855,200,Brute_Force,1,NF-BoT-IoT-v2
Device_1979,Actuator,546.41,258,93.12,0.006191727554619888,0.599,19.56,0.0015864556015090419,0.0007815601655012335,3447,4.817,40,85,2719,11,0,20892,2,21675,226,Normal,0,NF-CSE-CIC-IDS2018-v2
Device_1980,Gateway,249.74,244,58.65,0.009951440921870494,2.869,59.84,0.004383239611566269,0.00016889778131154643,111,6.355,39,965,2551,0,8,58271,28,39189,331,DDoS,1,NF-BoT-IoT-v2
Device_1981,Camera,343.28,92,32.78,0.0018597567157938102,0.744,82.85,0.0026382909953168703,0.00045456679070094254,9808,5.245,56,1007,2253,0,0,44996,5,27435,200,DoS,1,NF-BoT-IoT-v2
Device_1982,Camera,852.05,102,183.19,0.005509572099717995,2.979,23.38,0.0008736351763492633,0.0007457649837054433,1720,4.558,885,843,655,8,8,28705,5,28000,220,Botnet,1,NF-CSE-CIC-IDS2018-v2
Device_1983,Actuator,559.22,382,199.61,0.0012853023885989487,3.733,12.68,0.003894956347694925,3.0288679234992028e-05,8340,9.737,745,1264,4006,8,0,51002,15,53120,150,Port_Scan,1,NF-CSE-CIC-IDS2018-v2
Device_1984,Sensor,514.74,403,44.31,0.009348940766614177,1.048,74.3,0.001121420903584478,3.8680098136403276e-05,6253,9.426,566,1643,1839,11,8,6893,28,26638,530,Normal,0,NF-ToN-IoT-v2
Device_1985,Actuator,99.58,321,17.3,0.0029883761688487918,3.627,5.78,0.0021211331261289097,0.0006801429462140327,8278,6.153,172,1785,3920,0,0,49596,15,81195,220,DoS,1,NF-ToN-IoT-v2
Device_1986,Gateway,16.03,277,62.26,0.008795564218429447,2.523,74.75,0.0028835715143145225,0.0007278752333418457,8552,4.452,302,2008,2131,8,0,28851,5,78783,530,Botnet,1,NF-CSE-CIC-IDS2018-v2
Device_1987,Camera,963.69,426,168.62,0.002902456748578731,4.152,17.46,0.0029637702821755786,0.0008474107429465244,8611,7.578,928,1552,4018,3,8,1854,28,38730,150,Normal,0,NF-BoT-IoT-v2
Device_1988,Actuator,376.99,129,65.84,0.008079919553848522,2.901,26.69,0.00043825737088562966,0.00040560381763470114,2027,5.178,490,1685,75,3,8,50841,2,60325,200,Normal,0,NF-BoT-IoT-v2
Device_1989,Sensor,603.21,80,20.81,0.00217287520111315,2.013,16.41,0.0042003420093449095,0.0003958788983950505,6913,9.956,432,1510,2056,0,8,49868,2,42963,331,Normal,0,NF-CSE-CIC-IDS2018-v2
Device_1990,Actuator,79.72,26,19.97,0.0029986153585190994,1.994,28.5,0.002449210723695524,0.000556844293002361,2932,6.891,701,1847,2747,11,8,38155,28,76827,331,Normal,0,NF-BoT-IoT-v2
Device_1991,Router,683.11,262,91.21,0.0020055061174959763,4.539,80.83,0.0049473774286176745,0.0007597536854845819,7078,0.775,962,1135,185,0,8,24085,15,83774,150,Normal,0,NF-ToN-IoT-v2
Device_1992,Sensor,932.57,454,187.05,0.002716172790711591,2.538,17.59,0.0036154677989432013,0.000644582274968837,4216,4.079,934,2033,3975,8,8,41928,15,35764,226,Brute_Force,1,NF-ToN-IoT-v2
Device_1993,Gateway,575.67,131,64.32,0.008365170977799822,2.326,99.45,0.0049635876309912,0.0003340500708054142,115,7.33,555,1754,488,0,8,20791,2,6501,150,Data_Exfiltration,1,NF-BoT-IoT-v2
Device_1994,Camera,126.12,389,91.16,0.006426421725712305,0.679,36.07,0.0023220287155190362,0.0003530817838714863,3966,8.439,4,1063,2340,0,8,36869,15,84165,150,DoS,1,NF-CSE-CIC-IDS2018-v2
Device_1995,Actuator,581.72,19,29.37,0.004118208721488518,2.139,92.59,0.0007898288954793222,0.000765374886211435,2445,8.152,261,122,2708,3,8,2595,2,51587,425,DoS,1,NF-CSE-CIC-IDS2018-v2
Device_1996,Sensor,766.35,296,103.78,0.009718058168113348,4.323,23.05,0.0036638159474452698,0.0005393001951439874,9232,9.775,997,377,4063,3,8,8829,1,46644,200,Data_Exfiltration,1,NF-CSE-CIC-IDS2018-v2
Device_1997,Router,406.42,325,142.34,0.004702129118582781,3.924,22.85,0.00391102538416727,0.00010699641382401133,8550,4.942,881,1053,3044,8,8,29129,2,27736,530,Normal,0,NF-CSE-CIC-IDS2018-v2
Device_1998,Sensor,879.84,335,61.52,0.009700623715462629,1.494,58.71,0.0042788928126242295,0.00016146500461076691,1163,1.487,570,382,941,11,0,26340,1,52097,530,DDoS,1,NF-BoT-IoT-v2
Device_1999,Router,648.68,282,66.38,0.0020462105368175163,2.359,9.81,0.0015771002254709224,0.0008526784721789327,375,6.557,549,241,849,11,8,22202,28,17096,220,Brute_Force,1,NF-CSE-CIC-IDS2018-v2
Device_2000,Gateway,899.25,315,169.98,0.009055920428437999,1.385,81.1,0.002602351522165102,0.0009988153973815072,2666,0.8,410,289,2140,8,8,2618,1,32668,530,DoS,1,NF-BoT-IoT-v2
Device_2001,Camera,623.51,302,11.97,0.00023683982056519736,4.794,46.76,0.00430177730946595,0.0003423260766838424,5022,9.738,747,1096,2246,8,8,3551,5,10517,226,Normal,0,NF-BoT-IoT-v2
Device_2002,Gateway,131.29,219,130.93,0.005498501703421,3.192,71.42,0.0043372075593983055,0.00039283464494125714,2030,7.609,265,758,1639,0,8,26691,15,37719,425,Brute_Force,1,NF-CSE-CIC-IDS2018-v2
Device_2003,Actuator,309.69,455,84.84,0.004288218703490947,3.895,21.59,0.00022585083097509048,0.00016294314454169036,3682,9.823,15,727,164,0,8,24371,1,52251,530,Normal,0,NF-CSE-CIC-IDS2018-v2
Device_2004,Sensor,201.79,227,66.69,0.005298369670172596,3.712,66.02,0.0033874922418621082,0.00024335595321981735,1431,3.835,88,335,439,11,0,49271,5,3997,425,Brute_Force,1,NF-CSE-CIC-IDS2018-v2
Device_2005,Router,908.83,250,134.94,0.005579103836282221,4.432,61.44,0.003048268012896831,0.0004303835473181291,8166,0.256,984,1296,709,0,0,37827,5,25537,530,Botnet,1,NF-BoT-IoT-v2
Device_2006,Router,760.4,383,168.59,0.003951410405270339,4.772,76.79,0.0005083551090699086,0.0002915457479666549,9848,5.261,99,1673,4051,0,8,30028,15,76774,150,DoS,1,NF-CSE-CIC-IDS2018-v2
Device_2007,Sensor,676.4,473,116.09,0.009982158684172342,0.646,33.25,0.004657666789608602,0.0007044106060446098,579,1.3,617,1589,3446,3,8,41807,2,40253,200,Normal,0,NF-CSE-CIC-IDS2018-v2
Device_2008,Sensor,300.97,209,15.91,0.009767421183976195,4.889,93.65,0.002282324239828595,0.0005424709470891265,4609,6.828,217,896,3575,8,8,50026,5,37086,425,Data_Exfiltration,1,NF-CSE-CIC-IDS2018-v2
Device_2009,Actuator,184.04,225,97.67,0.009621279229375493,4.417,96.32,0.003403862779624286,0.0008240741570103114,3146,5.026,410,276,1928,8,8,19378,1,63193,530,Brute_Force,1,NF-ToN-IoT-v2
Device_2010,Gateway,756.45,214,97.92,0.00979294196902822,2.223,87.47,0.0044257091979652665,0.0007272796685418293,1588,7.559,191,817,2804,3,0,60401,15,8721,226,Normal,0,NF-BoT-IoT-v2
Device_2011,Router,474.16,422,113.32,0.007950822747817046,4.267,59.34,0.0007375932472330366,0.0001368196058408757,8252,2.982,215,622,3592,3,8,14681,1,12469,530,DDoS,1,NF-ToN-IoT-v2
Device_2012,Actuator,225.79,425,137.48,0.009887045742360686,3.815,44.93,0.004293631403173197,0.00013215507592095156,2192,8.309,710,1992,2311,0,0,38752,2,79397,331,Normal,0,NF-CSE-CIC-IDS2018-v2
Device_2013,Gateway,616.62,225,13.67,0.008934366230223905,4.069,10.51,0.003649097585682668,0.0008966921521223824,929,6.543,617,1890,784,8,0,60660,15,53852,331,Normal,0,NF-ToN-IoT-v2
Device_2014,Actuator,40.33,89,105.38,0.004217733106620969,1.493,94.99,0.004214002377590081,0.0008213161270532255,7755,9.878,27,335,1687,11,0,20035,5,67604,200,DoS,1,NF-CSE-CIC-IDS2018-v2
Device_2015,Router,326.17,276,121.78,0.007869293372995738,3.419,95.42,0.0025246949553519656,0.0004732381499310818,2800,1.868,182,1945,2087,8,0,54937,1,14522,226,Port_Scan,1,NF-CSE-CIC-IDS2018-v2
Device_2016,Sensor,468.56,489,75.24,0.009129471666743695,0.617,6.78,0.0002640757823349483,0.00013906049342623286,8435,0.607,595,1590,3260,11,8,42824,1,33114,220,Normal,0,NF-ToN-IoT-v2
Device_2017,Sensor,147.96,399,136.99,0.007154800128512217,4.317,38.9,0.003385527634182096,0.0008995905277789473,5030,8.525,159,142,534,3,0,34088,5,2677,200,Normal,0,NF-CSE-CIC-IDS2018-v2
Device_2018,Gateway,984.65,388,53.35,0.004285545171599479,4.78,88.6,0.0019352088992588556,0.0002383935518021708,2904,3.451,230,1185,2016,8,8,9930,5,41976,530,Botnet,1,NF-BoT-IoT-v2
Device_2019,Camera,209.1,44,70.3,0.0007513233959626101,3.48,12.68,0.00207183758837813,4.517942688335816e-05,8090,4.369,235,1417,1109,3,0,30340,2,79120,425,Normal,0,NF-ToN-IoT-v2
Device_2020,Gateway,130.35,298,192.92,0.008115999676899818,2.807,23.67,0.0022621847873812648,0.0009249971297375281,6436,9.264,800,291,2161,8,8,36788,2,71223,425,Normal,0,NF-BoT-IoT-v2
Device_2021,Camera,203.53,27,76.13,0.009532154443952057,3.766,97.97,0.0025152572153309062,0.0008108462645157811,9075,4.463,386,697,3886,11,8,25509,5,14449,530,Brute_Force,1,NF-CSE-CIC-IDS2018-v2
Device_2022,Actuator,769.06,174,75.84,0.003688386276276271,1.969,85.49,0.0033434777395730904,0.0006965468753952639,6116,3.05,530,562,789,3,0,2675,15,28897,220,Normal,0,NF-ToN-IoT-v2
Device_2023,Actuator,425.51,22,123.18,0.0016038699047905022,3.319,91.65,0.0036612008136341846,4.3690053778514726e-05,4373,0.689,284,592,3930,0,0,16351,5,56627,150,Port_Scan,1,NF-ToN-IoT-v2
Device_2024,Router,565.42,211,194.49,0.0033323880107585017,3.735,18.5,0.003906527203171964,0.0005331468666087821,6561,4.485,71,1641,3695,8,0,28252,5,38747,220,DoS,1,NF-CSE-CIC-IDS2018-v2
Device_2025,Camera,21.01,238,196.79,0.0058679613459646385,1.142,25.08,0.0033908703363972103,0.0006570997935329334,7658,6.584,504,1269,2177,11,0,19045,28,4503,200,Port_Scan,1,NF-BoT-IoT-v2
Device_2026,Router,34.43,355,120.14,0.003237597132494138,1.13,62.51,0.004037049157611643,0.0007617537683742112,2298,2.765,215,84,2078,0,8,62823,15,51119,226,DDoS,1,NF-CSE-CIC-IDS2018-v2
Device_2027,Sensor,445.83,375,10.21,0.006145125428943905,3.723,52.67,0.0006985311186639456,0.00047636314595053843,8902,7.206,117,933,4044,3,0,42331,15,16167,220,DDoS,1,NF-CSE-CIC-IDS2018-v2
Device_2028,Camera,816.66,474,181.12,0.009671837099221843,2.443,33.36,0.004200406564369414,0.0009538158070807414,8832,4.835,100,221,3265,8,0,21940,2,36668,530,Brute_Force,1,NF-CSE-CIC-IDS2018-v2
Device_2029,Gateway,885.24,457,118.35,0.006740271483746058,4.501,88.97,0.0019976675270813545,0.0002523332503634428,7475,8.595,600,1696,2413,8,8,56791,2,20748,150,DoS,1,NF-BoT-IoT-v2
Device_2030,Sensor,86.71,10,79.54,0.0036903277262276546,1.904,90.63,0.002691005711243503,7.903756818820414e-05,7989,1.701,860,1546,3462,0,8,47031,2,23690,226,Normal,0,NF-BoT-IoT-v2
Device_2031,Sensor,538.36,328,167.55,0.009363954417568196,0.691,32.71,0.002225519062424941,0.00033943858255856336,512,7.595,665,175,447,0,8,16658,1,5239,530,Normal,0,NF-CSE-CIC-IDS2018-v2
Device_2032,Gateway,913.23,226,85.97,0.005699789160141325,3.424,19.8,0.002431014301600206,0.0006651868216036456,7356,9.332,295,791,3914,3,8,43637,15,35638,331,Normal,0,NF-CSE-CIC-IDS2018-v2
Device_2033,Sensor,387.97,43,16.47,0.0013708867454724101,3.579,19.16,0.0014985956571099196,0.0007397856322335093,5968,7.44,177,1235,1838,0,8,19520,28,18069,331,Brute_Force,1,NF-BoT-IoT-v2
Device_2034,Camera,829.57,368,166.0,0.0050399119514182395,2.991,51.02,0.0009327594629183963,0.0007411119281436609,5477,4.119,132,1574,2649,8,0,68,2,73425,226,Normal,0,NF-CSE-CIC-IDS2018-v2
Device_2035,Router,133.7,275,113.71,0.006571000804609495,3.575,17.63,0.0006139841919120323,0.00011956708934650658,5827,2.382,820,1911,766,8,0,19158,2,37935,425,Data_Exfiltration,1,NF-BoT-IoT-v2
Device_2036,Sensor,935.39,137,74.25,0.008398718221585711,2.857,49.97,0.0023118543114335303,0.0008862385600819872,1527,1.074,634,834,2160,8,0,37172,2,17077,425,DDoS,1,NF-CSE-CIC-IDS2018-v2
Device_2037,Camera,751.42,221,57.67,0.00937112018840571,3.617,48.88,0.0007137788831044996,0.0002880253658936576,3610,6.459,723,749,382,8,8,51346,2,531,200,Brute_Force,1,NF-CSE-CIC-IDS2018-v2
Device_2038,Actuator,941.33,272,122.82,0.003242419723792214,0.698,88.99,0.001300443515484908,0.00021781199658659425,1737,1.514,580,1123,84,0,0,8769,2,54956,220,Normal,0,NF-CSE-CIC-IDS2018-v2
Device_2039,Camera,676.62,321,49.53,0.0016395724043824643,2.158,33.14,0.000754717839568209,0.0006183129021682247,4676,8.399,57,904,3568,0,0,31227,1,51101,220,DDoS,1,NF-ToN-IoT-v2
Device_2040,Router,363.4,89,71.53,0.000830903557719436,1.449,58.26,0.0006346940347189203,0.00021973058368949516,8471,9.611,13,686,2702,11,0,37039,28,23333,425,Data_Exfiltration,1,NF-CSE-CIC-IDS2018-v2
Device_2041,Camera,938.18,174,130.94,0.007409710566812001,0.947,75.63,0.004424059624453982,0.0005129581079264737,3496,1.444,193,1163,655,3,8,14913,15,61000,226,DoS,1,NF-ToN-IoT-v2
Device_2042,Gateway,275.57,422,177.49,0.007972066701882776,1.553,61.61,0.003402727169742553,0.0004129593995799201,4777,3.823,575,216,72,0,8,10440,28,82166,220,Normal,0,NF-BoT-IoT-v2
Device_2043,Router,332.17,261,111.25,0.0041527939565888525,1.361,95.64,0.004626419648157697,0.0002397139200022323,5625,9.379,994,1807,2260,3,0,48145,5,76800,331,DDoS,1,NF-CSE-CIC-IDS2018-v2
Device_2044,Actuator,700.81,21,154.23,0.0040196615310189275,4.879,62.22,0.003255659575341264,0.00029913903617666125,7222,4.76,839,1206,1524,0,0,19791,15,54795,226,Botnet,1,NF-CSE-CIC-IDS2018-v2
Device_2045,Gateway,765.32,410,154.98,0.009546946613380855,1.789,90.68,0.004235360017765852,0.0004331331590472544,1742,5.401,510,1778,4019,11,0,14118,2,38679,425,Normal,0,NF-BoT-IoT-v2
Device_2046,Camera,929.4,313,136.23,0.00917514511829524,1.539,28.28,0.002820963087421235,0.00035269874285204624,1394,7.5,153,621,2610,0,0,44158,5,21509,530,Data_Exfiltration,1,NF-ToN-IoT-v2
Device_2047,Router,204.8,221,56.71,0.0024093324289787277,4.257,58.27,0.002366887248308602,0.0003877600265278737,9874,2.184,23,1530,1975,8,8,39624,5,22930,220,DoS,1,NF-CSE-CIC-IDS2018-v2
Device_2048,Actuator,798.0,291,174.69,0.007829995712723092,2.386,56.61,0.002689539264916645,0.0007380802753545362,3636,9.794,30,1795,3190,0,8,15851,5,60035,150,Port_Scan,1,NF-BoT-IoT-v2
Device_2049,Gateway,738.55,121,92.89,0.0062647339227061075,2.397,99.0,0.0016691049229361973,0.0001766961135654112,7887,7.831,369,790,360,3,8,64562,5,13810,425,Normal,0,NF-BoT-IoT-v2
Device_2050,Actuator,63.79,220,18.4,0.0016268051172844352,2.496,24.43,0.0033240647158695774,0.0006313424014591002,8655,1.698,701,1948,2629,8,8,38526,2,15891,425,Normal,0,NF-BoT-IoT-v2
Device_2051,Camera,387.22,387,56.48,0.003632033366156948,2.374,18.39,0.004496157018186332,0.0006813761978913565,2216,1.2,391,133,2880,0,8,9366,5,22071,530,Data_Exfiltration,1,NF-BoT-IoT-v2
Device_2052,Actuator,282.77,248,155.45,0.0018569821189440767,1.97,63.11,0.003933531887790172,0.0008040661757149775,2661,9.356,310,1781,3998,8,0,33952,28,74087,200,Normal,0,NF-CSE-CIC-IDS2018-v2
Device_2053,Sensor,304.49,277,23.14,0.003022044784336202,1.789,26.25,0.002363800052612698,0.0008488539035565624,6139,6.882,621,1194,2815,8,8,30907,2,23735,150,Normal,0,NF-BoT-IoT-v2
Device_2054,Gateway,982.95,414,38.0,0.006191481640156182,4.469,65.72,0.004774203520552207,0.00016707888803244367,7500,0.482,401,1443,3012,8,8,49381,5,82885,425,Normal,0,NF-BoT-IoT-v2
Device_2055,Actuator,642.78,307,141.9,0.0038151281633300527,1.228,97.39,0.004928573161178737,0.00014687815350682222,7968,1.506,353,1753,1316,11,0,7098,5,16171,150,Normal,0,NF-CSE-CIC-IDS2018-v2
Device_2056,Camera,717.68,326,179.59,0.004001189246374987,1.315,94.92,0.0025161929876779815,0.0006186233030151429,6365,0.574,572,2047,1334,3,8,54881,28,38558,220,Normal,0,NF-ToN-IoT-v2
Device_2057,Camera,976.62,67,130.41,0.0054425081969101795,3.073,26.95,0.004336735222432628,0.0007593473850771348,2642,9.743,66,711,3134,3,0,42905,1,27259,226,DoS,1,NF-CSE-CIC-IDS2018-v2
Device_2058,Actuator,377.2,447,52.24,0.0009635189745330554,2.046,21.24,0.0001233742552728119,0.0002796031659372857,6820,5.029,166,520,345,0,8,53136,1,80962,331,Normal,0,NF-CSE-CIC-IDS2018-v2
Device_2059,Camera,801.84,43,20.15,0.007414093169509208,2.397,58.27,0.0004266123995586999,0.0005305887335173818,4120,4.675,492,1113,2880,8,8,25780,28,3375,226,Brute_Force,1,NF-CSE-CIC-IDS2018-v2
Device_2060,Router,434.53,272,126.87,0.004076924380792067,4.129,60.74,0.00020970810375101192,0.0007745170363056533,983,9.562,653,662,320,0,8,41805,1,50872,220,Normal,0,NF-CSE-CIC-IDS2018-v2
Device_2061,Router,869.53,374,19.01,0.00485593117320297,4.566,67.91,0.003888498687003344,0.0007698280771580498,1272,5.096,564,119,1180,3,0,3788,15,70361,220,Port_Scan,1,NF-ToN-IoT-v2
Device_2062,Router,180.66,44,126.42,0.009745567315660853,4.057,75.44,0.0004909176460718511,0.0006572819644526081,7138,5.226,180,1177,2325,8,0,13781,15,86158,331,DDoS,1,NF-CSE-CIC-IDS2018-v2
Device_2063,Sensor,947.69,280,52.86,0.003509232194350715,1.557,62.09,0.0001835476757144749,8.799981897403134e-05,5695,9.843,544,1025,1893,3,0,41386,15,74698,150,Botnet,1,NF-CSE-CIC-IDS2018-v2
Device_2064,Actuator,218.77,458,181.88,0.0065173674661418626,4.91,15.62,0.0008223519894407719,6.0137421672966744e-05,4774,1.203,726,1299,616,8,8,5935,1,50962,150,Brute_Force,1,NF-BoT-IoT-v2
Device_2065,Sensor,326.22,483,100.27,0.003985792741228527,2.134,80.07,0.0016008444773628638,0.00039456085694891983,7838,9.859,777,1122,3803,8,0,44113,15,40577,530,Botnet,1,NF-CSE-CIC-IDS2018-v2
Device_2066,Camera,756.19,236,52.55,0.008953398914968413,1.261,12.55,0.0023770333412975386,3.642055221442677e-05,8404,1.74,17,325,2244,11,0,9619,15,46642,226,DoS,1,NF-CSE-CIC-IDS2018-v2
Device_2067,Sensor,393.76,34,172.1,0.00848288704325089,2.748,6.9,0.00042047609510897384,0.0009051028885362048,6788,4.782,126,1185,3028,8,8,25053,1,36307,200,Botnet,1,NF-ToN-IoT-v2
Device_2068,Camera,608.21,243,58.27,0.002492080290447605,3.764,78.12,0.002545012944399525,2.9943218107176967e-05,6642,3.442,82,886,1584,0,8,34722,28,59374,220,Normal,0,NF-ToN-IoT-v2
Device_2069,Camera,444.57,68,68.25,0.006948282554847917,0.875,57.09,0.0013155011591185419,3.931673352056174e-05,9083,9.559,40,71,3966,3,8,1056,2,16431,331,Normal,0,NF-BoT-IoT-v2
Device_2070,Gateway,742.37,260,168.51,0.0007452027593823496,3.354,71.37,0.001444420325978349,0.00017367410458774568,1415,4.906,616,1267,2197,3,8,45805,15,47295,226,DoS,1,NF-BoT-IoT-v2
Device_2071,Router,228.33,344,68.67,0.009635535356345912,4.361,41.36,0.004127321033074529,0.0006307449802697047,3333,0.328,219,1111,3731,3,0,2640,1,30185,530,Brute_Force,1,NF-CSE-CIC-IDS2018-v2
Device_2072,Camera,58.46,95,87.93,0.0035550020693401597,1.678,6.05,0.004935925522656458,0.0005461385991804926,150,2.295,971,743,3531,8,0,35682,2,82983,331,Normal,0,NF-BoT-IoT-v2
Device_2073,Gateway,299.93,260,76.06,0.008335243448589194,3.619,36.45,0.002372933743381926,0.0006628922651897976,243,4.365,182,322,3013,0,0,52683,2,78726,150,Data_Exfiltration,1,NF-CSE-CIC-IDS2018-v2
Device_2074,Router,474.31,399,32.12,0.0032524705241653686,2.3,62.77,0.0016766764062570323,0.0008946195896969214,3787,6.796,896,848,4060,11,8,33281,5,16404,425,Normal,0,NF-CSE-CIC-IDS2018-v2
Device_2075,Camera,168.02,189,17.39,0.006364430337849034,2.364,26.44,0.004664096063181887,0.0004603961943035818,5901,5.663,438,1674,2988,11,8,28065,2,71447,530,Port_Scan,1,NF-CSE-CIC-IDS2018-v2
Device_2076,Camera,354.8,216,147.66,0.009837548840644885,1.764,70.34,0.0025521973876849505,5.343721612169342e-05,5352,8.514,668,738,2871,0,8,4427,15,13356,150,Botnet,1,NF-BoT-IoT-v2
Device_2077,Sensor,399.98,353,132.58,0.00877982364500314,3.31,80.47,0.0036787324987855342,0.0007658616589593432,5718,8.301,968,1407,2983,0,0,15961,28,16978,226,Data_Exfiltration,1,NF-CSE-CIC-IDS2018-v2
Device_2078,Sensor,57.39,158,63.65,0.0016876225080585834,2.124,48.16,0.0021273261517034303,0.0008138448181460326,4585,5.946,690,1177,3068,0,0,65149,15,74456,530,DDoS,1,NF-CSE-CIC-IDS2018-v2
Device_2079,Router,583.31,80,66.16,0.005520135488179766,4.239,88.19,0.0010924880305249814,5.9389476287700154e-05,7437,5.756,530,1150,1634,8,0,26015,5,44116,200,DoS,1,NF-CSE-CIC-IDS2018-v2
Device_2080,Camera,884.34,130,189.55,0.003550464642935433,4.833,86.21,0.0033089370515813656,0.0002504208007010991,8251,2.854,653,1483,2360,8,0,532,2,47047,150,Normal,0,NF-CSE-CIC-IDS2018-v2
Device_2081,Actuator,151.74,262,197.66,0.004399954631318089,4.708,88.42,0.003357728982729927,0.0007728908313384167,8216,9.583,161,830,1930,11,8,26628,5,44217,331,Normal,0,NF-CSE-CIC-IDS2018-v2
Device_2082,Sensor,597.81,102,99.95,0.0034183129792658092,1.234,67.8,0.002354900865386858,0.00038239368616084876,3830,0.861,911,1692,1724,0,8,14619,15,74647,220,Data_Exfiltration,1,NF-CSE-CIC-IDS2018-v2
Device_2083,Router,664.74,265,162.47,0.0034259965571355805,0.564,33.95,0.0014227532118960982,0.0004779248844797748,9040,4.031,726,1504,2675,0,8,36694,15,8612,530,Normal,0,NF-CSE-CIC-IDS2018-v2
Device_2084,Camera,419.33,263,149.97,0.005471277113388453,2.473,50.72,0.004175886111107469,0.0008249439850534333,9166,6.642,934,875,2400,3,0,12591,15,39080,220,Normal,0,NF-ToN-IoT-v2
Device_2085,Camera,701.1,361,66.49,0.002000443690319211,3.78,72.5,0.001449058809489329,0.00010367334302505108,3044,9.462,734,669,2520,11,0,35679,28,46783,200,DoS,1,NF-ToN-IoT-v2
Device_2086,Actuator,410.73,297,21.13,0.005420214709810311,4.899,25.0,0.0033292175327072813,0.0006805114812206514,4903,5.065,774,945,3917,8,0,19652,15,19223,226,Normal,0,NF-ToN-IoT-v2
Device_2087,Router,504.64,318,37.09,0.002861757828263179,4.025,75.19,0.001981529557074214,0.00022283454288348918,1308,8.97,557,375,2844,0,0,34045,15,34970,200,Normal,0,NF-CSE-CIC-IDS2018-v2
Device_2088,Camera,7.35,68,169.28,0.0029609307519938162,3.112,57.07,0.002415155321894874,7.202491676575133e-05,3833,1.138,187,1603,372,8,8,50018,2,12598,331,Normal,0,NF-BoT-IoT-v2
Device_2089,Sensor,691.72,78,148.93,0.007413605487452666,0.619,14.12,0.001135873041352313,0.0006658728671351508,313,5.363,354,2013,124,3,8,40697,28,27093,530,Normal,0,NF-ToN-IoT-v2
Device_2090,Actuator,661.34,455,136.22,0.00039297667524336433,4.215,57.94,0.0032824517328488897,0.00013019813044339108,6666,3.229,375,1980,3639,0,0,27461,2,7949,200,Data_Exfiltration,1,NF-CSE-CIC-IDS2018-v2
Device_2091,Router,38.4,397,34.82,0.00387136305047069,1.297,11.34,0.0012065465847340058,0.0007495371862144915,1918,7.977,467,1784,2892,8,0,54866,5,27124,530,Normal,0,NF-CSE-CIC-IDS2018-v2
Device_2092,Actuator,368.25,95,131.59,0.004134590363521087,0.75,6.36,0.0024799988283773066,0.00021067833734266506,3594,4.505,241,1974,2638,8,0,48875,1,46714,220,DoS,1,NF-CSE-CIC-IDS2018-v2
Device_2093,Sensor,979.03,283,156.71,0.004902590383209911,4.327,89.51,0.0017094510264173929,5.802690015427355e-05,585,4.805,737,1058,3446,11,8,30887,2,24468,425,Normal,0,NF-CSE-CIC-IDS2018-v2
Device_2094,Router,420.74,236,173.51,0.0067232091448224335,3.048,51.54,0.004821668090644646,0.00010830449034256074,7644,0.741,334,1085,3828,8,0,59397,28,68047,530,Port_Scan,1,NF-CSE-CIC-IDS2018-v2
Device_2095,Actuator,501.95,90,12.51,0.003759899149097157,1.078,56.61,0.004912883369878383,0.0008428575462584478,3115,4.436,48,1008,2311,8,0,28813,2,67624,150,Normal,0,NF-ToN-IoT-v2
Device_2096,Gateway,909.93,123,140.05,0.002210057332633905,2.239,31.59,0.0037921074059564133,0.0003772585341768715,3579,0.9,111,1310,2926,8,0,45430,1,72193,150,DDoS,1,NF-ToN-IoT-v2
Device_2097,Sensor,717.26,193,13.63,0.008860241121408456,0.885,56.56,0.004921195724788384,0.0003092439749537437,7029,3.066,937,76,4076,8,0,62588,2,444,530,Brute_Force,1,NF-CSE-CIC-IDS2018-v2
Device_2098,Sensor,582.07,289,144.31,0.009812282404143998,3.371,21.04,0.0006563981497579166,0.0004962868315154013,6514,1.356,595,1232,3488,3,8,15682,1,56679,425,Normal,0,NF-ToN-IoT-v2
Device_2099,Sensor,797.8,331,130.77,0.0002981454624120348,1.771,75.84,0.004962390804665901,0.0006366032431615834,5316,3.411,104,1277,1162,8,8,55690,28,47955,226,Brute_Force,1,NF-CSE-CIC-IDS2018-v2
Device_2100,Gateway,864.37,406,38.19,0.0055100218249069105,4.397,83.22,0.0006074239902171364,4.6731222859966054e-05,5037,2.351,463,1680,2047,11,8,29862,2,28525,530,Normal,0,NF-CSE-CIC-IDS2018-v2
Device_2101,Gateway,456.89,327,155.56,0.0034828535531810623,2.11,86.31,0.002135713691027529,0.0008992066283160262,3218,2.923,74,153,2867,3,8,38568,28,37461,331,Normal,0,NF-ToN-IoT-v2
Device_2102,Camera,475.11,63,22.99,0.0028421967963333716,2.726,15.13,0.001270843093756823,0.000958896551172193,763,1.569,567,306,1358,3,8,5143,28,32658,226,Normal,0,NF-CSE-CIC-IDS2018-v2
Device_2103,Actuator,386.05,408,167.02,0.003423493269612361,0.786,57.99,0.0047738452206854375,0.0004231337479933205,1123,4.452,317,991,1108,8,0,26282,5,76667,530,Normal,0,NF-ToN-IoT-v2
Device_2104,Camera,966.71,206,59.77,0.006424889788619386,1.74,81.83,0.003215370680515793,0.00041850261349030214,6416,5.026,2,932,3171,0,0,34924,5,42734,425,DoS,1,NF-CSE-CIC-IDS2018-v2
Device_2105,Actuator,697.17,396,140.88,0.0019880885012749697,3.545,17.18,0.0030259249157348644,0.0008797743220518268,4542,8.383,754,1799,261,8,0,10449,2,24866,200,Normal,0,NF-BoT-IoT-v2
Device_2106,Gateway,83.22,302,185.5,0.009137321045413708,3.813,14.45,0.0049874486739479,0.00043501868015607313,336,5.434,372,343,1240,3,0,64094,2,23149,200,Normal,0,NF-CSE-CIC-IDS2018-v2
Device_2107,Gateway,862.96,302,74.57,0.004714533796900811,1.593,82.61,0.003100887909064694,0.0008576280354633488,6786,2.365,770,449,2155,8,0,25801,28,32422,200,Normal,0,NF-BoT-IoT-v2
Device_2108,Camera,480.56,494,105.55,0.0033232106481783513,2.767,80.69,0.0032661834165865654,3.805357504449418e-05,3443,7.385,469,792,2752,11,0,9625,5,55666,331,Data_Exfiltration,1,NF-CSE-CIC-IDS2018-v2
Device_2109,Router,68.75,396,97.99,0.007678760182321231,4.179,47.63,0.00031939406655411923,0.0004947541026802853,6650,3.043,844,1384,2665,11,8,56092,2,50151,530,Normal,0,NF-ToN-IoT-v2
Device_2110,Camera,549.72,456,39.95,0.00026183198583830733,2.21,15.42,0.004309347949964333,0.0009529047543246379,2225,7.588,10,1158,3066,11,0,2049,2,124,150,DDoS,1,NF-BoT-IoT-v2
Device_2111,Actuator,417.16,300,122.16,0.004375343370806565,1.102,54.03,0.004853438215536407,0.0002602766121433659,8058,3.933,588,719,2097,8,0,10013,2,77550,425,DDoS,1,NF-BoT-IoT-v2
Device_2112,Camera,877.75,189,151.17,0.0036175056499121766,2.443,42.51,0.004805524637566064,0.00027349327224790714,3317,5.185,423,1803,1632,8,8,10982,5,5260,220,Port_Scan,1,NF-CSE-CIC-IDS2018-v2
Device_2113,Sensor,203.99,480,184.21,0.003448278108898371,3.203,54.26,0.0011834174867365371,0.0006338217588255011,2055,5.087,258,313,934,3,8,51965,2,61795,220,Botnet,1,NF-CSE-CIC-IDS2018-v2
Device_2114,Actuator,826.46,389,171.65,0.003437006484696774,0.533,46.79,0.0012069851854537795,0.0009269289744877575,6255,9.561,633,1300,573,3,8,50286,28,54523,200,Normal,0,NF-CSE-CIC-IDS2018-v2
Device_2115,Actuator,557.69,421,106.9,0.0004095866396979473,2.069,59.01,0.001893630913544573,0.0002067548188767467,8027,1.621,833,1188,2527,3,0,7753,2,73004,530,Normal,0,NF-CSE-CIC-IDS2018-v2
Device_2116,Router,54.61,231,146.61,0.001605952389787514,3.233,74.08,0.001620029347496078,0.0009224345155922726,328,9.392,962,887,2520,0,0,55371,15,9096,200,Normal,0,NF-ToN-IoT-v2
Device_2117,Gateway,971.85,283,162.15,0.0015046630771929027,4.784,78.61,0.0015975117722477282,0.0006663737066737318,5038,5.664,727,702,359,11,8,14547,1,45179,530,Normal,0,NF-BoT-IoT-v2
Device_2118,Actuator,512.62,387,103.76,0.009887243997713268,2.338,66.65,0.003065561913961947,0.0009931168411184436,5160,9.938,476,1847,3065,0,8,34744,28,62466,200,Normal,0,NF-BoT-IoT-v2
Device_2119,Gateway,290.88,253,31.93,0.00031944098331705646,1.233,23.9,0.004047479233501054,0.0007390942579881045,6915,5.774,245,372,1952,0,8,15989,2,41325,331,Port_Scan,1,NF-CSE-CIC-IDS2018-v2
Device_2120,Camera,469.41,429,93.21,0.0017540291978847826,2.904,42.73,0.004690163987305541,0.0006711225353101326,2986,6.598,337,53,2738,11,8,42216,15,26130,220,Normal,0,NF-ToN-IoT-v2
Device_2121,Sensor,857.86,426,170.07,0.009744327635721098,1.786,11.77,0.0004325163450289285,0.0008167541402403667,6974,7.521,692,1669,4005,0,0,59578,5,82113,226,Normal,0,NF-BoT-IoT-v2
Device_2122,Router,304.9,457,123.36,0.006319740278719043,1.467,47.91,0.001462094534282164,0.00018338891609738958,7705,8.236,488,1205,2314,8,8,29970,28,61837,150,Normal,0,NF-CSE-CIC-IDS2018-v2
Device_2123,Gateway,192.68,163,147.65,0.004561604494006641,3.157,97.18,0.0013495674898704793,0.0009465257569030162,2919,4.828,853,2036,639,11,8,63797,28,15685,226,Normal,0,NF-CSE-CIC-IDS2018-v2
Device_2124,Actuator,129.07,313,45.2,0.000879733237159062,4.621,65.96,0.001851454351511802,0.00017393955368830193,3089,6.818,812,600,978,0,0,3013,2,74076,150,Normal,0,NF-CSE-CIC-IDS2018-v2
Device_2125,Gateway,297.86,433,193.22,0.0067296455001654805,4.259,19.69,0.0021792378892613977,3.541366619748967e-05,9378,6.187,802,701,1048,0,0,37751,5,17692,331,Normal,0,NF-BoT-IoT-v2
Device_2126,Actuator,780.05,282,86.78,0.001464249578044552,1.32,30.51,0.0020069402113448063,0.0007008782727857647,7238,4.13,73,1936,859,0,8,65174,2,42798,150,Botnet,1,NF-ToN-IoT-v2
Device_2127,Gateway,471.63,433,134.19,0.0067447426093758985,3.946,11.13,0.004765521325967879,0.0001927494718675453,2093,8.226,721,1870,2057,8,0,12498,15,60317,331,Botnet,1,NF-CSE-CIC-IDS2018-v2
Device_2128,Actuator,227.48,144,13.59,0.009793847322280579,1.534,22.33,0.00224193237481349,0.0007611656478355659,3145,2.005,753,1001,1822,0,0,22878,1,69331,220,Normal,0,NF-CSE-CIC-IDS2018-v2
Device_2129,Camera,166.18,322,34.19,0.005366529320307833,1.808,51.34,0.0028028035983158036,0.0007970885882025537,6293,1.755,874,1762,911,0,8,22304,5,82136,530,Brute_Force,1,NF-CSE-CIC-IDS2018-v2
Device_2130,Actuator,332.73,17,158.59,0.002219438079576342,4.64,37.76,0.003768303074380942,0.00024433224824883923,3405,7.391,685,1222,1455,0,8,51521,1,47158,530,Brute_Force,1,NF-CSE-CIC-IDS2018-v2
Device_2131,Actuator,939.92,137,193.91,0.006290309133708023,4.6,24.38,0.003652915505233955,9.585312726945922e-05,2092,6.411,928,2044,3561,3,0,49358,15,6315,150,DoS,1,NF-BoT-IoT-v2
Device_2132,Sensor,343.03,382,70.81,0.005178003909133701,1.259,18.93,0.002956526376803387,0.0005058127566160118,3699,3.245,5,376,3345,11,8,61322,28,49609,200,Port_Scan,1,NF-BoT-IoT-v2
Device_2133,Actuator,988.12,65,17.06,0.005378088609745396,0.789,67.33,0.004318076915146031,0.000891316325462608,3687,6.388,462,1761,1685,0,8,58457,15,36918,200,Botnet,1,NF-CSE-CIC-IDS2018-v2
Device_2134,Sensor,485.23,135,78.56,0.004833258766587969,1.819,58.02,0.0031584884138100558,0.0008488181900190853,1405,7.729,366,1516,3057,0,0,14993,1,61946,530,DoS,1,NF-CSE-CIC-IDS2018-v2
Device_2135,Router,179.16,168,13.32,0.006770031685011203,3.118,85.05,0.0043863183522041375,0.00012591163193526614,6463,2.248,495,1914,2850,11,0,4160,5,23404,331,DoS,1,NF-BoT-IoT-v2
Device_2136,Sensor,891.14,68,46.55,0.005762259087829321,4.446,22.41,0.0015835521778542684,0.0009651354318733433,5567,5.856,217,1980,3595,0,0,22943,2,3788,220,Normal,0,NF-CSE-CIC-IDS2018-v2
Device_2137,Camera,460.36,67,152.97,0.009871251266798291,1.035,85.56,0.0007469160168753445,0.0002713097034334944,4559,8.264,214,1965,425,8,0,50174,1,79308,331,DoS,1,NF-BoT-IoT-v2
Device_2138,Sensor,709.67,149,188.05,0.008276047868318957,2.367,59.9,0.004115650237091419,0.0003558972652528102,5187,4.171,959,1315,539,0,0,14211,5,13573,226,Brute_Force,1,NF-CSE-CIC-IDS2018-v2
Device_2139,Router,983.71,185,26.62,0.002720513939338965,1.723,30.29,0.0019743377490770556,0.00015755974064141,1019,5.76,325,231,367,0,8,56917,1,1710,226,Port_Scan,1,NF-CSE-CIC-IDS2018-v2
Device_2140,Camera,50.18,424,116.0,0.00728498956685924,0.567,30.99,0.0032903144010420766,0.0003840249358872196,8333,0.878,310,36,2296,3,0,62755,28,15734,226,DDoS,1,NF-CSE-CIC-IDS2018-v2
Device_2141,Gateway,96.69,117,58.24,0.002221573458908872,4.048,42.09,0.003712824862701007,0.0006392846952564832,1382,8.322,38,331,2376,3,8,2524,28,63499,200,Normal,0,NF-BoT-IoT-v2
Device_2142,Gateway,720.46,220,36.42,0.007845229440005774,4.16,48.71,0.0017008813295935198,0.0005110174775166568,6209,7.982,905,1658,1501,8,8,49123,2,9475,425,Botnet,1,NF-ToN-IoT-v2
Device_2143,Sensor,281.83,456,51.61,0.0015608206357756876,1.496,12.84,0.002575300603993191,0.0008292640902121572,2220,4.617,61,1591,465,11,8,47098,28,46394,226,Normal,0,NF-CSE-CIC-IDS2018-v2
Device_2144,Sensor,184.3,83,119.77,0.004788182952117658,1.181,84.99,0.00448513992418357,0.0006448878031442536,4596,1.281,95,1291,2284,8,8,9656,15,86047,150,DoS,1,NF-ToN-IoT-v2
Device_2145,Router,39.36,176,22.38,0.007927001363230138,1.151,16.55,0.004410986852668513,0.00027090902673481126,3250,6.638,233,1802,1815,11,8,57713,2,74024,226,Normal,0,NF-ToN-IoT-v2
Device_2146,Router,21.85,469,92.5,0.0028731157528349973,2.588,50.93,0.0037718496798125455,0.0005618636513006643,5406,5.773,789,769,941,0,0,60064,1,12240,200,Normal,0,NF-CSE-CIC-IDS2018-v2
Device_2147,Actuator,774.49,413,35.69,0.008387479338803464,1.609,41.38,0.0038374237065231616,7.354921462932753e-05,1933,9.203,548,571,3218,3,8,47846,15,46115,150,DoS,1,NF-CSE-CIC-IDS2018-v2
Device_2148,Router,134.43,366,61.81,0.0064770920194363235,2.801,53.67,0.004498653800498527,0.0005849826551370165,7823,2.87,513,1207,1677,8,8,27277,5,71499,220,Normal,0,NF-ToN-IoT-v2
Device_2149,Actuator,467.72,313,46.24,0.004035471058161437,2.232,89.31,0.0037080286977205887,0.00039576719124506383,5978,0.42,150,927,1409,8,0,20911,1,5386,331,Normal,0,NF-ToN-IoT-v2
Device_2150,Camera,605.9,242,177.77,0.004291825422132092,1.449,98.96,0.0017639682605871275,0.00010741450713526935,5109,2.622,471,277,970,3,8,59630,28,52788,331,Brute_Force,1,NF-CSE-CIC-IDS2018-v2
Device_2151,Sensor,428.35,336,144.52,0.009267316185806567,3.88,6.93,0.0006918351302360915,0.0003143893134608739,3962,4.336,215,1060,409,11,0,37156,1,59223,425,Normal,0,NF-BoT-IoT-v2
Device_2152,Camera,27.11,381,175.01,0.002256130900122555,1.177,42.36,0.0021672320898762126,0.0008991061226749751,228,1.639,399,44,1159,0,8,6380,28,71642,150,Normal,0,NF-CSE-CIC-IDS2018-v2
Device_2153,Router,783.5,191,82.86,0.006964289890229632,4.095,82.67,0.000527982737683014,0.0005901775679558873,1445,9.799,558,1009,3586,11,0,23172,15,84221,425,Normal,0,NF-CSE-CIC-IDS2018-v2
Device_2154,Camera,10.51,131,69.55,0.007102212636841201,3.027,36.03,0.0006672768072548633,0.0009042322004536206,7469,2.302,577,1622,1870,3,0,18225,15,44612,150,DoS,1,NF-CSE-CIC-IDS2018-v2
Device_2155,Camera,761.89,343,82.31,0.009232251962518003,4.244,66.66,0.004755843254899191,0.0004166959471048219,7232,6.811,6,1520,1964,0,8,62140,15,33738,425,Normal,0,NF-BoT-IoT-v2
Device_2156,Camera,893.3,212,13.52,0.007160326260697673,0.521,99.26,0.0034118461069521998,0.0009791195133961872,4742,4.596,936,317,2919,11,0,38613,2,44474,331,Normal,0,NF-ToN-IoT-v2
Device_2157,Router,432.84,464,147.69,0.005886227438777913,3.871,66.44,0.004272882632304466,0.0003664188629632085,3323,5.596,931,1669,1740,0,0,24900,28,46140,331,DoS,1,NF-ToN-IoT-v2
Device_2158,Camera,535.54,38,76.46,0.009034973136261299,0.732,15.56,0.003250206047040104,0.0007592365689940543,3576,9.334,81,370,271,3,8,40804,1,8694,150,Normal,0,NF-ToN-IoT-v2
Device_2159,Actuator,476.98,211,69.53,0.00830840709351914,4.775,85.08,0.0021508461391603483,0.0003123490526452563,5197,5.362,189,1269,1429,0,8,39333,1,82463,331,Normal,0,NF-CSE-CIC-IDS2018-v2
Device_2160,Router,389.21,102,123.65,0.007196086902858841,3.662,96.83,0.00022327803406175552,0.00011493064296545911,9727,3.122,663,976,1120,8,8,37293,1,71027,530,Normal,0,NF-CSE-CIC-IDS2018-v2
Device_2161,Camera,887.42,338,92.89,0.00042252598568252734,1.941,72.69,0.004783601481177684,0.0008347260307682643,8547,2.286,660,144,1469,3,8,20833,2,74057,530,Data_Exfiltration,1,NF-BoT-IoT-v2
Device_2162,Router,893.93,365,196.36,0.0037978521405795784,1.939,44.81,0.0004475691130576481,0.0007649557116014581,5822,8.931,28,369,1473,8,8,59022,2,18915,425,Data_Exfiltration,1,NF-CSE-CIC-IDS2018-v2
Device_2163,Gateway,335.82,185,77.69,0.006355707754798359,4.377,95.1,0.0030897990234971797,0.0008224227434801204,4846,9.869,677,121,3244,0,8,9711,28,10908,220,Data_Exfiltration,1,NF-ToN-IoT-v2
Device_2164,Actuator,615.07,339,126.64,0.005270280191131974,4.563,97.01,0.0006007957374795255,0.0003066975863687559,3511,2.593,978,814,1052,11,0,37156,2,85911,226,Normal,0,NF-CSE-CIC-IDS2018-v2
Device_2165,Camera,926.91,220,69.21,0.0032612514323286544,4.512,93.84,0.001492323625088885,0.0007066250093449607,175,7.247,135,790,2989,0,8,2842,15,35326,530,Normal,0,NF-BoT-IoT-v2
Device_2166,Gateway,962.06,193,198.21,0.0015297967635467876,4.139,44.12,0.0010105055407640942,0.0002277236192710793,3711,5.107,766,1531,225,3,8,27247,1,18770,425,Normal,0,NF-CSE-CIC-IDS2018-v2
Device_2167,Gateway,508.96,104,94.57,0.005574666168620325,4.186,80.02,0.0028132128842784957,2.1198420898869776e-05,8101,7.016,305,1085,2127,3,8,42240,15,4201,226,Brute_Force,1,NF-CSE-CIC-IDS2018-v2
Device_2168,Router,452.82,282,130.48,0.0029305840010359087,3.077,67.15,0.00444666919109829,0.0008678238878793114,8796,9.646,495,1595,3149,0,8,38300,2,77813,220,Data_Exfiltration,1,NF-CSE-CIC-IDS2018-v2
Device_2169,Gateway,278.69,146,34.08,0.002406704849109064,0.627,22.07,0.003214549308208809,0.000528290232185433,3492,2.833,724,1523,2854,11,8,4476,1,64891,226,DoS,1,NF-BoT-IoT-v2
Device_2170,Actuator,958.87,246,149.27,0.004049686447843843,0.89,55.87,0.0033545212955806768,0.0009838168041072675,5211,7.425,280,1443,309,3,8,21703,5,44336,226,Port_Scan,1,NF-BoT-IoT-v2
Device_2171,Actuator,142.81,362,61.15,0.00787636518882126,3.423,76.03,0.004553764331445183,0.00039118533795470936,6219,4.436,80,1635,1133,0,8,16608,15,7498,226,Normal,0,NF-ToN-IoT-v2
Device_2172,Sensor,579.83,427,95.24,0.004929749673426491,2.305,90.11,0.0037721836170584158,0.0009573042769195757,2494,6.56,781,388,3953,11,8,25478,5,27610,200,Port_Scan,1,NF-BoT-IoT-v2
Device_2173,Actuator,282.55,438,177.8,0.0022432728839368327,3.053,86.95,0.0043431835982817605,0.0006189066908378338,1516,4.126,860,1710,3760,8,8,46876,28,15444,530,DDoS,1,NF-CSE-CIC-IDS2018-v2
Device_2174,Gateway,279.01,481,194.4,0.0012573411085724793,1.54,19.69,0.00214032125011334,0.0005170830211184948,7943,7.113,391,577,4036,3,0,53918,15,78313,425,Brute_Force,1,NF-ToN-IoT-v2
Device_2175,Actuator,404.97,274,90.67,0.00503997391137052,3.422,51.36,0.004340246055083388,0.0003097815071479499,8531,3.441,15,490,2666,8,0,38181,1,32783,425,DoS,1,NF-CSE-CIC-IDS2018-v2
Device_2176,Router,998.79,144,168.61,0.007964227344380122,1.593,50.44,0.003264720803972638,0.0008270235778600135,6153,4.935,599,502,3537,3,0,47623,1,26170,220,Normal,0,NF-ToN-IoT-v2
Device_2177,Sensor,54.97,153,20.14,0.00656289843417401,2.574,90.38,0.0007644781354325567,0.000830506798907412,1877,7.117,919,898,1135,8,8,41566,5,22349,425,Normal,0,NF-CSE-CIC-IDS2018-v2
Device_2178,Gateway,578.54,28,171.04,0.002398273913418171,2.654,5.18,0.00028969129099862376,0.0004227602368814763,6414,0.523,892,970,1791,0,8,47780,1,75621,331,Normal,0,NF-BoT-IoT-v2
Device_2179,Sensor,82.57,240,129.61,0.004423395198325974,1.3,75.18,0.0012957686270603434,0.0007300202105245385,5864,3.348,223,1282,3545,11,0,45498,15,63830,530,DDoS,1,NF-ToN-IoT-v2
Device_2180,Gateway,154.52,143,102.85,0.00856678059710628,4.443,63.77,0.001953913279250787,0.00045276555642048927,4258,5.507,837,1770,2825,0,8,31438,2,80056,150,Normal,0,NF-CSE-CIC-IDS2018-v2
Device_2181,Router,439.56,123,179.09,0.0018587934877431055,2.866,92.55,0.004204082543796199,0.0007422627015220096,4246,0.834,603,604,1541,0,0,61621,2,55805,220,Normal,0,NF-ToN-IoT-v2
Device_2182,Sensor,510.46,148,170.61,0.005367597649760682,4.401,48.41,0.0037320983294239535,0.0009942482551514387,2731,7.061,828,1246,2253,0,8,60915,1,59253,220,Normal,0,NF-CSE-CIC-IDS2018-v2
Device_2183,Camera,258.79,134,66.42,0.0036266919367323315,1.681,67.48,0.004781341066253896,0.00026987135062647054,5540,8.152,266,1057,2561,3,8,25017,28,3206,425,Brute_Force,1,NF-ToN-IoT-v2
Device_2184,Gateway,316.46,213,160.38,0.001329379572812242,1.276,97.41,0.0028399565138578792,0.0006377119326079337,3489,1.717,819,1173,1276,8,8,35423,15,9320,200,Normal,0,NF-BoT-IoT-v2
Device_2185,Camera,86.97,70,28.9,0.0005940488170178926,0.581,75.67,0.003763934092879173,0.00038607918545549775,9506,7.361,320,339,1818,3,8,38169,28,23822,200,Port_Scan,1,NF-CSE-CIC-IDS2018-v2
Device_2186,Sensor,303.22,259,166.33,0.005603126707993373,0.922,11.4,0.0014488885876888613,0.0005528878480120182,769,6.497,106,595,1544,3,0,45999,5,13732,530,Normal,0,NF-ToN-IoT-v2
Device_2187,Camera,966.56,307,138.34,0.0003054138500297514,1.164,20.92,0.0034299316751870046,0.0008754058074936957,3661,4.168,253,1070,1851,11,8,15472,1,85672,226,Normal,0,NF-CSE-CIC-IDS2018-v2
Device_2188,Camera,944.71,22,26.69,0.0011241165552600557,0.855,83.04,0.003560140892427802,0.00035410011075020825,6333,1.733,199,455,1036,0,0,45322,5,76931,200,Brute_Force,1,NF-CSE-CIC-IDS2018-v2
Device_2189,Sensor,334.88,405,139.79,0.003540886383501238,4.536,36.81,0.00425723510925585,8.166441911982401e-05,5641,9.553,56,1851,1876,3,8,11798,28,77972,331,DoS,1,NF-CSE-CIC-IDS2018-v2
Device_2190,Router,570.85,264,120.3,0.0005308498350220512,4.601,72.06,0.00272837720328791,0.0008009478133905295,7758,4.694,928,1534,2934,8,0,35745,15,76856,331,Normal,0,NF-ToN-IoT-v2
Device_2191,Camera,909.6,94,122.96,0.0040644077418736605,4.718,71.48,0.0032801252232163673,0.0005594746066512023,8907,1.918,407,1151,179,3,8,33568,28,8903,530,Botnet,1,NF-CSE-CIC-IDS2018-v2
Device_2192,Camera,6.18,467,65.26,0.001390613739351221,4.819,99.4,0.0010949391695140042,0.00045490693767064625,4758,7.21,438,641,2987,11,8,51664,2,29867,226,Data_Exfiltration,1,NF-ToN-IoT-v2
Device_2193,Router,810.68,29,60.63,0.003563743597931524,2.713,49.64,0.003710119541619611,0.00019149971642696826,7521,6.118,751,86,2625,11,8,33760,28,52407,530,DDoS,1,NF-CSE-CIC-IDS2018-v2
Device_2194,Camera,948.37,59,154.88,0.007932480902191676,2.885,75.09,0.004208217440936662,0.00010192420438753868,9422,8.18,457,2001,3010,8,8,62849,28,41172,200,Port_Scan,1,NF-CSE-CIC-IDS2018-v2
Device_2195,Camera,91.33,173,58.79,0.006301007010318915,1.089,9.63,0.0030093149563134402,0.00028594820402830814,7561,9.961,477,1333,76,11,0,47611,28,72936,226,Normal,0,NF-CSE-CIC-IDS2018-v2
Device_2196,Camera,161.45,101,94.79,0.004509470670096341,1.117,48.95,0.0006668048656335712,0.0007217152207140766,5730,0.544,347,444,2388,0,0,39024,28,10452,150,Port_Scan,1,NF-CSE-CIC-IDS2018-v2
Device_2197,Actuator,960.75,97,142.01,0.0010091497477660882,3.977,22.73,0.0016330010459285208,0.000417653219353762,5455,7.419,486,1300,4064,0,0,7484,15,8394,200,Normal,0,NF-ToN-IoT-v2
Device_2198,Router,537.54,78,25.13,0.006229581627215859,4.351,84.85,0.002430021789955321,0.0005745253115117652,9813,9.892,853,1895,1339,11,0,59523,1,76347,200,Botnet,1,NF-ToN-IoT-v2
Device_2199,Camera,14.2,46,122.96,0.0017207255598395985,4.031,84.79,0.0034180957178738874,9.122509812635102e-05,8112,5.428,363,1013,979,3,0,48651,15,59231,200,DoS,1,NF-CSE-CIC-IDS2018-v2
Device_2200,Router,257.63,262,121.98,0.0008582048042299875,4.256,27.45,0.0016696028285396046,0.00013201061309412577,4551,7.185,966,1451,956,11,8,25500,5,51383,200,Normal,0,NF-CSE-CIC-IDS2018-v2
Device_2201,Gateway,449.94,261,140.0,0.006673560572850118,1.745,35.24,0.00421742615156166,2.1192772584653492e-05,2764,4.467,730,1526,2339,8,0,16105,2,23158,331,Normal,0,NF-BoT-IoT-v2
Device_2202,Gateway,692.91,149,80.29,0.009129392988427975,2.597,71.74,0.0019217699776904774,0.0006765516060435745,4962,3.632,212,69,3281,0,0,2025,1,43422,425,Normal,0,NF-BoT-IoT-v2
Device_2203,Camera,733.16,364,95.31,0.004659875024028172,2.566,75.14,0.00030989810494010784,0.00027180997726353585,8595,6.995,701,1687,280,0,0,50926,2,9141,226,Normal,0,NF-BoT-IoT-v2
Device_2204,Router,995.42,390,72.69,0.0005058595150203289,4.979,67.48,0.003990572641682191,0.0009672573199748303,1615,9.882,847,801,2860,3,8,29546,2,24451,331,Data_Exfiltration,1,NF-CSE-CIC-IDS2018-v2
Device_2205,Router,287.51,177,163.55,0.008814947402443556,4.771,99.69,0.0032566935306041016,0.00031537125222392355,683,1.007,877,1195,357,8,0,26726,1,48990,226,Normal,0,NF-CSE-CIC-IDS2018-v2
Device_2206,Router,538.22,63,34.82,0.0007630402846233835,3.193,87.52,0.004029586824180418,0.0003699818584773511,8658,4.279,614,214,2879,0,0,4777,1,46134,150,Normal,0,NF-BoT-IoT-v2
Device_2207,Actuator,533.32,395,192.96,0.008688381102745713,1.121,44.62,0.0018095600850077781,0.00047479493313323253,8750,9.412,916,1268,2392,0,0,11218,5,38217,530,DDoS,1,NF-CSE-CIC-IDS2018-v2
Device_2208,Gateway,405.65,187,130.62,0.003979011794907018,1.664,36.06,0.00018638794154796458,0.000325949341304271,219,1.217,437,157,1253,8,0,36024,15,22441,200,DDoS,1,NF-BoT-IoT-v2
Device_2209,Router,169.16,306,178.51,0.003717405932368588,2.137,61.7,0.0004613893259233568,0.0008192687896583907,3384,6.544,143,171,1230,3,8,63409,1,41863,220,DoS,1,NF-CSE-CIC-IDS2018-v2
Device_2210,Router,977.46,310,90.98,0.005473694056618873,4.429,82.68,0.0006478238254340534,0.0008774447418980028,8008,4.359,285,652,561,11,8,59457,5,17131,530,Normal,0,NF-CSE-CIC-IDS2018-v2
Device_2211,Actuator,853.32,368,73.13,0.009575139692697767,1.268,50.16,0.004045223132962938,2.0925718416226418e-05,3354,3.831,70,1534,1040,3,0,18566,28,55985,530,Normal,0,NF-BoT-IoT-v2
Device_2212,Actuator,498.33,115,181.14,0.008997531396351184,1.489,75.08,0.001577030296364771,0.0006581150122757689,4559,2.173,848,1576,813,0,8,64636,1,10764,331,Normal,0,NF-CSE-CIC-IDS2018-v2
Device_2213,Router,603.25,146,28.79,0.004756267874217196,2.072,6.82,0.004989702696170067,0.0006892273970999924,5665,1.846,577,1518,3619,0,8,20536,15,45509,425,Normal,0,NF-BoT-IoT-v2
Device_2214,Sensor,227.26,199,32.25,0.006988649987135804,4.671,92.95,0.0038161031428347375,0.0009618106278321003,2068,5.211,958,63,3548,3,0,62765,28,54118,220,Normal,0,NF-CSE-CIC-IDS2018-v2
Device_2215,Router,543.79,137,66.88,0.0058462495981997835,2.767,78.51,0.0030456592701421357,0.00037669520529530693,2631,3.837,710,266,3232,3,8,58133,28,69922,150,DDoS,1,NF-ToN-IoT-v2
Device_2216,Router,694.97,351,192.36,0.006965269632725358,3.411,42.45,0.004919735118782482,0.0002033271686642152,9143,4.966,528,104,767,0,8,54154,28,56478,220,Normal,0,NF-CSE-CIC-IDS2018-v2
Device_2217,Actuator,515.17,56,130.28,0.00831034185461476,2.243,41.48,0.0016499150227509377,0.0005253752588467621,6489,2.04,310,503,3423,8,8,55200,28,66088,150,Normal,0,NF-CSE-CIC-IDS2018-v2
Device_2218,Actuator,990.29,14,115.3,0.0004414889057990793,1.348,14.77,0.0009115162886937386,0.00045308012773260614,2029,3.567,865,1703,3079,8,8,33461,2,30739,331,Normal,0,NF-ToN-IoT-v2
Device_2219,Router,611.34,469,144.02,0.0033250225538861856,1.503,82.53,0.0037126375512914448,0.000793814150948017,2043,9.965,263,1821,3690,11,8,42643,15,80323,150,Normal,0,NF-BoT-IoT-v2
Device_2220,Router,370.97,266,89.32,0.009597358171515285,4.112,78.02,0.001462608556069244,0.0009049356868231851,9055,3.744,60,659,332,0,8,24324,5,38446,331,Botnet,1,NF-CSE-CIC-IDS2018-v2
Device_2221,Router,772.15,309,154.03,0.009498429454396749,4.521,64.87,0.004809080947527111,9.584094736006563e-05,3396,4.186,522,699,2320,0,8,12099,1,19041,425,Brute_Force,1,NF-BoT-IoT-v2
Device_2222,Actuator,170.46,159,84.71,0.00021108681077687888,2.719,14.64,0.004941539630025838,0.0008481136838624197,5376,0.297,309,2007,3092,11,8,23565,5,74173,331,Normal,0,NF-CSE-CIC-IDS2018-v2
Device_2223,Router,384.52,303,167.01,0.002094257286231426,2.106,29.92,0.004639381535624234,0.0009098811694392768,5825,3.87,520,625,2957,0,0,19330,2,19490,220,DoS,1,NF-ToN-IoT-v2
Device_2224,Router,346.96,252,60.79,0.00993832341920919,4.135,48.6,0.00472933263825677,0.0009248945194817138,1001,7.658,382,650,1624,0,8,31345,28,23026,226,Brute_Force,1,NF-CSE-CIC-IDS2018-v2
Device_2225,Camera,431.81,284,62.73,0.004978968251404911,3.529,30.27,0.0031167086053401636,0.0007666667602626928,9810,5.204,341,1796,2416,3,8,45521,1,45836,425,Normal,0,NF-CSE-CIC-IDS2018-v2
Device_2226,Sensor,781.78,217,109.25,0.005771373439271842,0.684,46.23,0.003491381382886286,0.0007446617352950372,6065,6.605,602,323,1075,8,8,50175,15,59140,530,Port_Scan,1,NF-BoT-IoT-v2
Device_2227,Gateway,484.17,424,91.84,0.0017475598366722802,2.078,26.47,0.0005618061730862026,2.4747807252398694e-05,3356,5.61,549,660,2199,8,0,9657,1,9985,226,Brute_Force,1,NF-CSE-CIC-IDS2018-v2
Device_2228,Sensor,794.01,124,133.14,0.008953922526709443,3.57,38.21,0.003838945782670575,0.0009209897062649302,5606,1.144,978,1988,1207,8,0,40986,1,16967,226,Normal,0,NF-BoT-IoT-v2
Device_2229,Camera,576.49,204,79.22,0.0023895165665262174,3.082,66.97,0.0010901104790767826,0.0003579901616706889,9033,3.388,900,1343,1312,11,8,33539,5,37380,200,Botnet,1,NF-BoT-IoT-v2
Device_2230,Gateway,342.07,352,53.8,0.001977511537193412,4.901,89.77,0.004217597692551475,5.071067765121837e-05,3653,6.973,84,244,3271,3,0,21887,28,8000,530,Normal,0,NF-CSE-CIC-IDS2018-v2
Device_2231,Router,809.98,179,99.26,0.002358411792871249,4.398,41.58,0.004811505920993907,0.0004188495170054527,7532,5.525,234,198,826,0,0,57282,15,73324,220,Botnet,1,NF-ToN-IoT-v2
Device_2232,Camera,238.29,388,116.58,0.009204254856145986,0.769,70.73,0.0011406503829108192,0.0007355241069378439,1793,6.782,762,1104,3035,8,8,6463,1,47894,150,Brute_Force,1,NF-BoT-IoT-v2
Device_2233,Router,224.38,91,37.09,0.007058182401050808,3.766,17.81,0.0004823524762675444,0.00044753564960884533,6595,3.666,240,1276,786,8,0,53466,2,77554,226,Brute_Force,1,NF-ToN-IoT-v2
Device_2234,Actuator,504.5,163,115.78,0.0077091043054537236,2.013,56.38,0.00247106168241266,0.0007604309785774441,2229,2.018,104,433,1469,3,0,20187,2,12064,220,Normal,0,NF-CSE-CIC-IDS2018-v2
Device_2235,Camera,260.85,150,70.66,0.0038326599460241024,3.569,92.56,0.0039785919225467144,0.0005143153326421235,4111,8.315,723,822,2122,0,0,51029,28,34196,200,DDoS,1,NF-BoT-IoT-v2
Device_2236,Actuator,9.09,323,84.57,0.009100852447812557,3.278,7.65,0.003876136832723262,0.0003064328766456825,3352,3.825,225,1344,502,11,0,50345,1,42761,220,Normal,0,NF-ToN-IoT-v2
Device_2237,Camera,648.3,155,63.07,0.007915138728159958,2.764,30.42,0.0035144106777172624,0.00021088322071199732,1465,6.585,279,1935,3145,0,0,58780,28,56034,150,DDoS,1,NF-CSE-CIC-IDS2018-v2
Device_2238,Camera,511.09,332,186.97,0.007530913888822481,4.338,17.59,0.0041214103521502315,0.0004268922624001554,8487,3.874,393,1000,378,11,0,34383,1,68994,226,Normal,0,NF-CSE-CIC-IDS2018-v2
Device_2239,Actuator,445.52,131,139.83,0.009712308808362222,3.689,55.65,0.0009574429277162481,4.5445417196795823e-05,6303,9.28,678,210,2176,11,0,35234,15,56821,150,Normal,0,NF-CSE-CIC-IDS2018-v2
Device_2240,Gateway,966.97,261,59.87,0.0037253486248541518,4.503,69.57,0.0032944950136411352,0.00042831846594842325,250,9.92,813,202,964,0,8,61202,2,47308,200,Normal,0,NF-CSE-CIC-IDS2018-v2
Device_2241,Sensor,571.2,352,132.56,0.006148639103279225,1.767,10.49,0.003067828647898484,7.793389579697809e-05,5280,6.524,429,35,655,11,0,3187,5,2642,530,Port_Scan,1,NF-ToN-IoT-v2
Device_2242,Router,863.43,396,171.23,0.00910830401987444,2.067,11.68,0.0008518154464224965,0.0008782346606633908,4623,6.061,402,367,1555,8,0,55901,28,25572,150,DoS,1,NF-BoT-IoT-v2
Device_2243,Camera,139.45,320,86.31,0.00792980053754093,3.299,87.61,0.0021306926461288835,0.0005797262215290374,7194,8.424,46,226,3027,3,0,1998,15,60144,425,Normal,0,NF-CSE-CIC-IDS2018-v2
Device_2244,Router,569.21,98,167.69,0.00567745168643359,4.849,48.34,0.004277395624616783,0.0006495825333009571,430,5.211,514,2023,3739,8,8,47172,2,64854,200,Normal,0,NF-BoT-IoT-v2
Device_2245,Actuator,867.98,484,39.34,0.0008545154793239688,2.172,48.98,0.004861828839835983,0.00029597535053917426,3424,8.708,176,1519,708,11,8,38174,15,36594,150,Botnet,1,NF-CSE-CIC-IDS2018-v2
Device_2246,Router,583.11,67,166.33,0.006561962051601166,0.645,94.74,0.0033606078701290234,0.00023356286573455017,9181,4.188,785,924,3759,11,8,15018,5,13539,200,Normal,0,NF-CSE-CIC-IDS2018-v2
Device_2247,Actuator,718.01,72,112.66,0.005312900012991737,2.506,35.42,0.0046175111057325975,0.0007108261966816726,1054,0.416,630,801,258,3,0,40542,1,40773,220,Normal,0,NF-ToN-IoT-v2
Device_2248,Router,372.04,356,52.37,0.0019233865686978018,2.948,90.22,0.0007470412298587449,0.000674849828191606,7500,9.273,784,1612,1501,3,8,43976,1,25627,220,Normal,0,NF-CSE-CIC-IDS2018-v2
Device_2249,Sensor,92.45,317,87.36,0.008834305921091714,4.104,97.55,0.004877796575650442,0.00013145167179042536,4549,7.243,366,1522,3734,8,0,2508,15,7200,220,Normal,0,NF-CSE-CIC-IDS2018-v2
Device_2250,Sensor,457.9,496,197.72,0.0034981610894975583,3.779,27.96,0.000264181845985496,0.00024625496927065414,6460,5.157,173,1399,3809,3,8,33770,15,85070,425,Normal,0,NF-CSE-CIC-IDS2018-v2
Device_2251,Sensor,394.48,482,158.88,0.00393605094582124,4.841,53.83,0.002683570440008397,0.0009471100286055081,2144,9.454,304,1263,4016,3,0,148,28,19499,425,Normal,0,NF-CSE-CIC-IDS2018-v2
Device_2252,Sensor,867.06,391,119.27,0.006756775333084465,4.022,55.76,0.0015259408144070138,0.00031113565127623236,5745,8.879,152,1682,1973,11,0,51053,15,15793,220,DoS,1,NF-ToN-IoT-v2
Device_2253,Sensor,244.0,289,31.88,0.004939107546208286,1.844,87.29,0.0040881546232455655,3.557319521618787e-05,6654,1.173,351,1991,3995,3,0,55006,1,28395,530,DDoS,1,NF-ToN-IoT-v2
Device_2254,Sensor,966.73,81,89.38,0.000983882655163579,3.386,33.87,0.0011659637972778025,7.314423031782097e-05,3699,6.282,705,1558,64,11,8,10432,15,11487,150,DDoS,1,NF-CSE-CIC-IDS2018-v2
Device_2255,Actuator,958.14,18,59.98,0.003935672011816825,3.525,80.81,0.0001564971799923801,0.0007777398489804341,6974,5.427,92,161,431,0,8,44264,2,76598,530,Normal,0,NF-ToN-IoT-v2
Device_2256,Camera,247.63,375,23.49,0.0010352145675885079,4.991,97.25,0.0021315863502573465,0.0007595841277198501,7141,7.787,161,1727,2010,0,8,18124,2,42950,425,DDoS,1,NF-CSE-CIC-IDS2018-v2
Device_2257,Router,348.05,430,113.02,0.001988428990921474,1.124,84.83,0.0004141291885655796,0.00038800899673952606,5110,3.078,106,1056,2742,0,8,4257,1,82196,331,Normal,0,NF-CSE-CIC-IDS2018-v2
Device_2258,Sensor,895.56,103,178.95,0.000171026939669493,1.361,91.37,0.0015214535890199705,0.00016166876867999513,4090,0.18,741,817,2487,11,8,55228,15,61020,200,Brute_Force,1,NF-CSE-CIC-IDS2018-v2
Device_2259,Actuator,966.62,382,138.36,0.0018949995066981557,1.2,72.29,0.003254363689166821,0.0005031241647490646,7948,1.935,103,518,3901,0,0,63011,15,57805,200,Normal,0,NF-CSE-CIC-IDS2018-v2
Device_2260,Actuator,443.44,348,57.44,0.003371428804583773,3.151,90.88,0.0015440455654211734,0.00033856976866826065,5745,2.188,132,1503,3326,8,0,52175,15,57908,530,Data_Exfiltration,1,NF-CSE-CIC-IDS2018-v2
Device_2261,Actuator,321.0,446,118.98,0.005428362493949717,1.109,20.66,0.00130438681387404,0.0003802286644182043,1675,2.985,769,1727,353,11,8,5577,2,20685,331,DDoS,1,NF-ToN-IoT-v2
Device_2262,Camera,526.09,345,189.21,0.009200844390709048,3.452,72.67,0.000861928749044664,0.0002683755005470836,5119,3.767,289,1832,2974,8,0,64229,1,36756,200,Normal,0,NF-ToN-IoT-v2
Device_2263,Router,687.77,161,147.35,0.005449235985696348,4.117,74.53,0.00076234414301414,7.222933358236381e-05,6823,7.095,458,1878,863,11,8,12840,28,51756,200,DoS,1,NF-CSE-CIC-IDS2018-v2
Device_2264,Camera,273.47,414,141.0,0.007085475059506983,2.448,46.72,0.002676701128588954,0.0007932476840737784,5854,0.835,958,354,2739,8,0,47265,2,45904,220,Normal,0,NF-ToN-IoT-v2
Device_2265,Gateway,736.47,365,193.95,0.0036410032039271645,3.023,12.58,0.0034393844124230096,0.0006220386165815541,2313,4.917,899,1815,3334,0,0,14488,1,4277,200,DDoS,1,NF-BoT-IoT-v2
Device_2266,Actuator,51.66,49,161.79,0.0075411448563159475,4.607,64.13,0.0023183927081046143,0.0008362887725318922,1326,5.037,101,55,298,8,8,64952,1,21809,200,Data_Exfiltration,1,NF-CSE-CIC-IDS2018-v2
Device_2267,Gateway,49.29,368,35.96,0.006242640585909627,3.063,9.93,0.0007056551853344674,0.0005081699576097566,9955,6.197,813,408,1317,0,0,28992,28,78677,226,DoS,1,NF-CSE-CIC-IDS2018-v2
Device_2268,Sensor,386.29,71,76.05,0.004651960731421127,1.439,41.33,0.0032740058676554783,0.0009851367727140524,8655,3.174,21,810,3361,11,8,31819,5,76086,530,Data_Exfiltration,1,NF-CSE-CIC-IDS2018-v2
Device_2269,Sensor,353.47,263,193.38,0.0020183110694231353,2.044,42.4,0.0028298973017760265,0.0009628996603105592,2047,2.672,249,1211,1517,0,0,8571,28,34419,530,Normal,0,NF-CSE-CIC-IDS2018-v2
Device_2270,Camera,315.63,463,103.04,0.0031050549891732597,2.884,99.9,0.0019682497308006904,0.0002790656522255768,5644,4.89,192,1327,259,3,0,60154,28,84945,530,DDoS,1,NF-CSE-CIC-IDS2018-v2
Device_2271,Router,491.02,78,31.21,0.006247366265019976,1.197,33.48,0.0017172296979174665,0.0003931071542992452,4853,6.63,585,124,1554,3,0,31509,1,51152,200,DDoS,1,NF-CSE-CIC-IDS2018-v2
Device_2272,Gateway,320.73,407,97.13,0.004317957611209273,3.256,82.94,0.0009974491666356958,0.0007551823188410519,3732,0.541,313,1928,2552,0,0,22203,5,41420,331,Normal,0,NF-CSE-CIC-IDS2018-v2
Device_2273,Router,192.26,254,142.43,0.008904926911815613,4.997,10.05,0.0008168673482741388,0.000778837427357998,5688,3.006,168,1579,853,3,8,7605,5,77851,200,Normal,0,NF-CSE-CIC-IDS2018-v2
Device_2274,Camera,309.47,374,199.53,0.0024249186882022945,3.436,55.33,0.001759981302896627,0.0009115921448778214,6758,7.894,574,1805,2268,3,8,8056,15,27848,331,Botnet,1,NF-BoT-IoT-v2
Device_2275,Sensor,974.9,179,71.54,0.0008234192573073959,2.176,55.99,0.00030399250810693077,0.000656107495266231,9566,4.893,171,152,3131,3,0,42773,28,67684,425,DDoS,1,NF-CSE-CIC-IDS2018-v2
Device_2276,Router,411.11,187,107.68,0.005934550907404297,1.993,64.73,0.002239474322726406,0.00048036976714407496,9737,9.523,633,483,3617,3,8,17084,28,28758,200,Port_Scan,1,NF-BoT-IoT-v2
Device_2277,Router,444.71,198,177.14,0.008871903317881753,4.692,81.95,0.0030477122534961856,0.00038387503415810613,4927,8.689,216,633,417,8,8,42109,5,2244,331,Port_Scan,1,NF-CSE-CIC-IDS2018-v2
Device_2278,Sensor,576.54,269,77.5,0.003710916391453908,4.422,77.38,0.0047141059489351645,0.0004249867658830521,6238,3.505,509,931,876,3,8,23279,5,70292,200,DDoS,1,NF-ToN-IoT-v2
Device_2279,Gateway,983.34,81,30.76,0.006512342215194836,2.626,77.3,0.003166557902060911,0.000851901099546769,6079,7.29,174,618,1772,11,0,7873,5,82746,425,Normal,0,NF-ToN-IoT-v2
Device_2280,Sensor,241.6,481,190.3,0.0023909849595537716,2.09,46.07,0.003157972629593909,0.0009802087551713206,9301,2.816,968,1377,898,0,8,15276,1,68873,200,DDoS,1,NF-BoT-IoT-v2
Device_2281,Router,681.28,468,102.8,0.005628872024559615,3.697,74.11,0.0019346325474576675,6.139009307076535e-05,5486,1.835,536,1086,2644,11,8,38087,1,2999,226,Normal,0,NF-CSE-CIC-IDS2018-v2
Device_2282,Gateway,715.98,26,105.53,0.007889241798540267,1.915,51.67,0.0007532540657771494,0.0005844422164100363,5387,8.822,408,983,1595,3,8,5344,1,9643,425,Normal,0,NF-CSE-CIC-IDS2018-v2
Device_2283,Gateway,607.32,379,128.03,0.00868361282788917,1.037,11.36,0.0022899945009536267,0.0005248534323403984,8987,3.567,501,1489,468,11,8,49732,28,22877,226,Brute_Force,1,NF-CSE-CIC-IDS2018-v2
Device_2284,Sensor,88.58,350,10.67,0.0011406793855387274,1.896,89.57,0.003033513963430818,0.0003823808520995698,4717,2.114,138,738,2811,3,0,48319,5,5964,200,Data_Exfiltration,1,NF-CSE-CIC-IDS2018-v2
Device_2285,Router,676.87,66,186.91,0.0036281077113031303,2.454,89.57,0.0036477646236134395,0.0008530606785959124,2484,9.653,99,632,2908,8,0,26121,1,4657,226,DDoS,1,NF-CSE-CIC-IDS2018-v2
Device_2286,Camera,64.09,227,78.68,0.006432479975165116,1.649,35.67,0.004147825192087611,0.0005799855867259717,9674,0.407,836,641,2400,8,8,12226,15,20516,150,Normal,0,NF-CSE-CIC-IDS2018-v2
Device_2287,Router,596.14,116,85.42,0.0004437563941271569,1.476,91.82,0.0013540476511337955,0.0003199849016111927,6896,3.732,57,160,3814,8,8,55050,5,48029,425,Normal,0,NF-CSE-CIC-IDS2018-v2
Device_2288,Actuator,739.58,313,43.08,0.006937090481493188,0.528,77.01,0.0012819783686166485,0.00044966299795372923,3705,0.48,247,484,1789,3,8,34037,5,5263,150,Normal,0,NF-BoT-IoT-v2
Device_2289,Camera,210.97,437,81.85,0.005327535439757889,3.339,43.08,0.0028699693292121384,0.0003632355218100494,7133,5.091,684,838,153,0,0,30685,5,12809,425,DoS,1,NF-CSE-CIC-IDS2018-v2
Device_2290,Gateway,841.62,182,162.75,0.0029568061642782618,3.265,36.49,0.0028734743973587037,0.0004357847516389506,6847,4.072,713,467,1469,8,8,41371,1,64850,220,Botnet,1,NF-BoT-IoT-v2
Device_2291,Camera,30.35,228,162.0,0.0081650790608811,1.346,97.64,0.001167944203843594,8.055313244051508e-05,8944,7.235,843,1662,1030,3,8,42756,2,85179,425,Brute_Force,1,NF-BoT-IoT-v2
Device_2292,Gateway,843.81,473,187.8,0.0029715020517281743,4.746,72.7,0.002978629020721238,0.00012079665805475248,8036,9.545,107,1731,1388,3,0,38411,15,41994,220,DoS,1,NF-CSE-CIC-IDS2018-v2
Device_2293,Gateway,460.33,256,86.61,0.009915008957417653,2.343,40.99,0.001794806364874535,0.0006274547664705737,858,5.245,48,538,1529,11,0,10795,15,73567,150,Botnet,1,NF-ToN-IoT-v2
Device_2294,Camera,217.59,227,144.66,0.00818206487222207,0.615,65.99,0.003232643102505301,0.0006872276936224741,1379,2.925,845,2018,3637,3,8,23148,2,54700,425,Botnet,1,NF-CSE-CIC-IDS2018-v2
Device_2295,Gateway,133.78,382,106.38,0.007109006963692569,1.489,59.29,0.001526119096993788,0.0006402542111142948,541,8.735,923,1797,2696,11,0,61788,15,17052,530,Normal,0,NF-ToN-IoT-v2
Device_2296,Gateway,953.31,426,162.76,0.0007073408238301957,3.614,54.83,0.0030022297811507243,0.0007654446434232337,6328,6.085,286,683,1681,8,0,40025,1,7933,530,DoS,1,NF-BoT-IoT-v2
Device_2297,Actuator,72.67,40,145.38,0.009052672682674007,1.407,66.25,0.0038647192020609226,0.0009440986812629632,7816,5.579,46,1372,1472,11,0,54236,5,48611,220,Normal,0,NF-CSE-CIC-IDS2018-v2
Device_2298,Router,199.09,377,79.9,0.007921547526801754,0.743,56.07,0.004902778000939496,0.0008620121238237286,4293,1.967,999,1519,3658,3,0,26396,2,11129,200,Normal,0,NF-BoT-IoT-v2
Device_2299,Router,347.82,56,73.97,0.0023673482849888424,3.28,67.21,0.00456423347671161,0.00042432448357753106,4070,0.502,396,1383,1589,11,0,34253,5,28821,200,Normal,0,NF-ToN-IoT-v2
Device_2300,Actuator,620.23,143,57.96,0.003983256995136201,2.833,91.22,0.002567339861904516,0.0002253677055520626,1626,4.668,120,938,3093,8,0,58659,15,57302,220,Port_Scan,1,NF-BoT-IoT-v2
Device_2301,Camera,544.8,117,119.54,0.0027594523610295144,3.926,99.36,0.002492910508256328,0.00031873368948523884,290,5.328,60,140,1336,3,0,52514,28,70326,150,DDoS,1,NF-CSE-CIC-IDS2018-v2
Device_2302,Sensor,125.64,81,193.13,0.009845718738392559,3.977,72.38,0.0022447300290851686,0.0005918640730658392,1973,1.358,147,557,1759,0,0,12656,15,67124,530,Botnet,1,NF-ToN-IoT-v2
Device_2303,Sensor,289.73,336,48.01,0.008556544803575039,4.82,93.14,0.00023597793014432832,0.0008576462511129913,8058,0.688,616,1530,3754,0,8,29959,15,32425,331,DDoS,1,NF-ToN-IoT-v2
Device_2304,Sensor,238.75,427,28.1,0.009309230496681515,0.757,86.55,0.0009131770376826822,0.0007047068822724716,7468,2.239,580,2033,4080,3,8,50447,2,13261,425,Normal,0,NF-BoT-IoT-v2
Device_2305,Actuator,213.54,117,32.69,0.007908864940116757,0.675,33.03,0.0003900265326898733,0.000547582973721377,7589,0.725,950,981,3226,8,0,48938,5,10893,200,Normal,0,NF-BoT-IoT-v2
Device_2306,Actuator,411.14,318,158.79,0.0046178475865954515,4.942,93.63,0.0035121399153990717,0.0006058595759644341,7968,0.656,497,423,816,3,8,63556,2,24231,425,Normal,0,NF-ToN-IoT-v2
Device_2307,Gateway,704.03,407,76.52,0.002133799073165382,3.402,11.73,0.002124849786069011,0.0005329786015910214,8549,4.497,674,704,779,0,8,2191,1,68526,226,Port_Scan,1,NF-BoT-IoT-v2
Device_2308,Sensor,217.45,281,52.63,0.002159993553406365,3.719,36.34,0.0004124724025205069,0.0009719112362163336,8446,8.121,727,1699,2013,3,8,63543,5,45727,331,Data_Exfiltration,1,NF-CSE-CIC-IDS2018-v2
Device_2309,Camera,366.68,180,77.04,0.0016016601988301025,0.934,65.79,0.003483817880503963,0.0008179305377330047,5706,6.673,118,1168,2939,11,0,58920,1,64217,226,Normal,0,NF-ToN-IoT-v2
Device_2310,Camera,390.92,125,132.61,0.005511830548003631,0.814,55.06,0.003257735727856925,0.0007834644432471372,4002,6.826,237,1341,2505,11,8,40012,1,9757,200,Port_Scan,1,NF-ToN-IoT-v2
Device_2311,Sensor,976.46,338,113.89,0.009207668576350062,1.221,56.53,0.0036278178703834357,0.0005221556969950946,6760,2.698,218,883,3493,8,8,12807,2,33290,220,Normal,0,NF-CSE-CIC-IDS2018-v2
Device_2312,Sensor,954.67,83,151.28,0.009918800893453086,2.422,80.51,0.0030391871770316884,0.0003384913629938459,8185,0.21,124,637,1236,8,8,58677,15,40678,530,Normal,0,NF-CSE-CIC-IDS2018-v2
Device_2313,Sensor,800.14,265,74.42,0.0029442680203639717,0.996,23.5,0.000891543843741692,2.9318953394382917e-05,2512,4.561,629,378,538,8,8,39001,28,19404,226,Data_Exfiltration,1,NF-CSE-CIC-IDS2018-v2
Device_2314,Actuator,241.66,90,95.89,0.007003413948937621,2.509,98.3,0.00040082225893662714,5.299572411612268e-05,123,3.834,263,1656,2885,8,0,43383,15,10666,530,Normal,0,NF-CSE-CIC-IDS2018-v2
Device_2315,Actuator,68.04,277,29.37,0.006011270354542741,3.027,46.56,0.004103990754112483,3.9935545910820383e-05,6724,9.478,850,853,3813,11,8,40836,15,48743,425,DDoS,1,NF-CSE-CIC-IDS2018-v2
Device_2316,Actuator,316.9,137,23.88,0.004940467557075481,0.501,95.24,0.0011574640949327435,0.000980671999109948,8058,0.813,170,1701,4028,0,8,60168,5,19997,530,Port_Scan,1,NF-CSE-CIC-IDS2018-v2
Device_2317,Router,266.79,335,97.83,0.00669110957373921,1.014,41.4,0.0027583932783234962,0.00012333751508321157,1841,7.787,708,1316,1715,8,8,3045,2,14009,150,Port_Scan,1,NF-CSE-CIC-IDS2018-v2
Device_2318,Camera,505.93,412,67.3,0.003776493887902683,2.188,62.17,0.0024775633721877167,0.00015069766444604998,3260,3.916,821,749,2553,8,0,3265,5,71631,226,Brute_Force,1,NF-BoT-IoT-v2
Device_2319,Camera,777.73,244,126.43,0.00945039927342515,0.74,47.78,0.00461315744813892,0.000489308487583519,3471,8.313,392,338,2119,0,8,54854,28,15887,150,DoS,1,NF-CSE-CIC-IDS2018-v2
Device_2320,Gateway,858.32,50,18.17,0.007083943790292737,1.101,69.21,0.002806954828186062,0.0004865871552242274,9352,5.0,150,941,3364,8,0,38685,2,67947,331,DDoS,1,NF-CSE-CIC-IDS2018-v2
Device_2321,Actuator,844.86,190,33.14,0.007566590810725205,1.543,22.44,0.002942082738397038,0.0009207740296122185,3451,8.223,246,1089,2181,0,0,31056,15,62128,331,Port_Scan,1,NF-CSE-CIC-IDS2018-v2
Device_2322,Router,359.68,166,174.39,0.002499978740560132,2.433,43.06,0.0016655746652074824,8.279740435619383e-05,560,4.722,501,200,766,8,0,47609,1,26003,220,Normal,0,NF-CSE-CIC-IDS2018-v2
Device_2323,Router,687.23,463,117.6,0.0017689618346264325,3.717,11.5,0.00479760403866644,0.0009576667735051317,2217,4.078,794,1400,3809,8,8,55403,15,28152,150,Normal,0,NF-BoT-IoT-v2
Device_2324,Camera,312.83,68,145.29,0.004003973851633798,1.097,61.82,0.0031006316971222496,0.00022422633595759882,6456,9.641,973,1990,3824,8,0,39518,15,2529,530,Port_Scan,1,NF-CSE-CIC-IDS2018-v2
Device_2325,Actuator,60.91,354,169.97,0.007690057604827925,3.821,96.45,0.00012440387959716456,0.0009704522712117848,1706,3.752,191,1201,2151,11,0,33278,2,4309,425,Normal,0,NF-ToN-IoT-v2
Device_2326,Gateway,701.57,258,98.13,0.00939407950655329,4.348,9.36,0.0028248030923013197,0.0005459108578145897,171,8.072,174,563,2965,11,0,2368,15,32683,220,DDoS,1,NF-CSE-CIC-IDS2018-v2
Device_2327,Actuator,9.83,201,154.6,0.004330565277142678,3.432,67.66,0.001882940402695486,0.0006554926184717198,6451,0.764,885,1674,3164,11,8,1499,28,29619,226,Normal,0,NF-CSE-CIC-IDS2018-v2
Device_2328,Sensor,409.18,33,109.67,0.0077641522457219435,0.697,78.63,0.0002573498010642778,0.0003225714849340408,806,0.72,593,1703,3656,8,8,22813,15,79773,530,Normal,0,NF-CSE-CIC-IDS2018-v2
Device_2329,Actuator,329.38,482,52.32,0.004757035432721415,2.483,25.25,0.0022145939489847137,0.0006157057115885993,2028,4.437,172,569,340,11,0,39726,1,43415,220,DDoS,1,NF-CSE-CIC-IDS2018-v2
Device_2330,Sensor,693.38,409,74.15,0.0030227596705990917,3.47,30.94,0.0038904757930552855,0.0007137214821004038,2898,5.897,958,1301,1375,11,8,40286,2,59598,530,Port_Scan,1,NF-BoT-IoT-v2
Device_2331,Sensor,766.25,445,103.17,0.007418724992185892,4.903,24.15,0.0025685683439861757,2.02664656193825e-05,9469,6.124,676,1396,3719,11,8,33623,28,37504,425,DDoS,1,NF-BoT-IoT-v2
Device_2332,Gateway,304.09,89,70.21,0.00800220112641514,4.783,33.25,0.003233349522085974,4.388614092988695e-05,8445,0.46,809,1722,246,3,8,18334,2,10305,530,Normal,0,NF-CSE-CIC-IDS2018-v2
Device_2333,Camera,811.63,143,73.75,0.0021081238613987344,2.281,15.46,0.003234733182029553,0.0009866122418189162,129,6.998,623,959,1002,11,0,4027,1,33022,226,Normal,0,NF-CSE-CIC-IDS2018-v2
Device_2334,Actuator,293.92,430,74.1,0.003121178070248774,3.272,40.18,0.0033879945821687915,0.0004629815338438873,5171,1.386,719,1609,2633,3,8,19700,5,10262,331,DDoS,1,NF-ToN-IoT-v2
Device_2335,Sensor,446.33,222,33.34,0.004998290750389257,4.509,40.05,0.0019992213533860195,0.0009364593501821891,3411,9.558,338,721,2800,11,8,25162,28,7029,220,Normal,0,NF-BoT-IoT-v2
Device_2336,Actuator,727.02,397,26.08,0.0019465661146920795,4.24,81.69,0.0019130237113785405,0.000732598640648502,6887,3.402,411,1136,1686,8,0,16745,1,50498,425,Normal,0,NF-ToN-IoT-v2
Device_2337,Camera,692.92,491,18.83,0.009295459557662547,2.657,81.09,0.00012246420359184875,0.0003792386248877115,1974,2.688,70,720,147,8,0,54607,5,3574,331,Normal,0,NF-ToN-IoT-v2
Device_2338,Camera,987.37,357,31.08,0.00595420573435141,1.676,80.69,0.0008556900565917133,0.00015933358461194452,8528,2.984,98,736,3532,8,8,26248,1,15642,226,Normal,0,NF-CSE-CIC-IDS2018-v2
Device_2339,Router,225.16,175,75.3,0.0012999124459797575,1.117,58.87,0.004758970042629603,0.0009783702157197098,8909,9.38,937,222,149,3,8,63709,5,13392,150,Normal,0,NF-CSE-CIC-IDS2018-v2
Device_2340,Camera,662.32,434,122.84,0.0019218956603563747,2.696,35.96,0.004227841907362228,0.0005886512945274033,1671,4.88,517,314,3432,8,0,29387,5,80054,200,Normal,0,NF-CSE-CIC-IDS2018-v2
Device_2341,Gateway,609.68,357,45.75,0.009548117918715961,3.753,44.04,0.0014480313432105247,0.0002004330571348149,7313,4.403,185,1813,1806,0,8,14773,2,35594,530,Normal,0,NF-ToN-IoT-v2
Device_2342,Sensor,915.1,346,178.72,0.0074078689983965215,4.864,35.19,0.002065840549736338,0.0006848364504917995,2537,5.702,716,1667,1374,11,0,58350,15,40226,226,Normal,0,NF-ToN-IoT-v2
Device_2343,Router,156.36,407,163.59,0.0073706103365993635,4.378,60.28,0.004705614484584702,0.00010112802473203448,7631,9.315,413,1002,3244,3,0,53820,15,51995,226,Port_Scan,1,NF-BoT-IoT-v2
Device_2344,Gateway,751.8,80,108.9,0.00081773608065004,1.419,94.11,0.0013271779498125282,0.0008693569069427579,681,3.153,378,520,2655,3,8,63935,1,63622,530,Normal,0,NF-BoT-IoT-v2
Device_2345,Actuator,568.27,223,147.6,0.008963458493318576,3.739,32.03,0.0027094115495157564,9.923597378278556e-05,2354,1.89,997,1090,1004,3,0,28623,5,4492,530,Data_Exfiltration,1,NF-CSE-CIC-IDS2018-v2
Device_2346,Sensor,274.67,444,79.6,0.004492980089330186,1.801,48.59,0.00020819094187148236,0.00024383241470825727,5952,5.995,12,1349,1100,8,8,46944,15,64858,200,Botnet,1,NF-BoT-IoT-v2
Device_2347,Camera,474.43,74,16.99,0.006631201494135271,3.576,67.24,0.003136700698128752,0.0001005164973731016,700,4.968,409,837,1464,0,8,52485,1,862,200,Data_Exfiltration,1,NF-CSE-CIC-IDS2018-v2
Device_2348,Sensor,333.78,230,181.82,0.009600923269228739,3.496,85.25,0.004657360631054535,0.00011274934468097113,9270,0.713,751,73,3544,3,0,53548,1,29809,331,Normal,0,NF-BoT-IoT-v2
Device_2349,Actuator,579.31,317,34.28,0.0010901225655299135,1.726,29.07,0.004435242585716109,0.0005285958121225908,8806,5.267,418,201,788,11,8,15936,28,29770,226,Normal,0,NF-CSE-CIC-IDS2018-v2
Device_2350,Router,889.0,488,190.11,0.00487453694891713,1.555,31.63,0.0025596491810749127,0.0006901199045337983,909,5.668,331,2000,3075,11,8,5068,2,55815,226,Brute_Force,1,NF-BoT-IoT-v2
Device_2351,Router,569.3,295,118.66,0.0005911660929531246,0.968,89.09,0.003283245664158113,0.000790596965512494,2585,6.972,983,1038,1717,0,0,18980,2,77845,530,Normal,0,NF-BoT-IoT-v2
Device_2352,Router,631.72,194,68.06,0.005045499690904783,0.727,12.62,0.0028920111506650983,0.0006981047367060725,7498,9.956,280,1624,681,11,8,37858,5,22607,220,DDoS,1,NF-ToN-IoT-v2
Device_2353,Camera,518.75,216,104.15,0.0025973681638269534,4.363,62.52,0.00042817379635546005,0.0003698549139157102,1546,4.274,115,899,2126,0,0,13291,15,45901,200,Brute_Force,1,NF-CSE-CIC-IDS2018-v2
Device_2354,Gateway,51.17,475,105.31,0.00911954873981132,0.724,86.74,0.0008777450856960547,0.0005617149091765827,568,5.151,881,597,3967,11,0,59225,5,67814,425,DDoS,1,NF-BoT-IoT-v2
Device_2355,Gateway,232.86,108,14.42,0.004045075693303561,0.899,92.57,0.004822704842371823,0.0009283874336839484,729,0.843,210,1449,788,0,8,40169,15,73932,150,Port_Scan,1,NF-ToN-IoT-v2
Device_2356,Sensor,492.0,251,77.54,0.006375337215915584,1.575,6.21,0.0013542466146711988,0.00039370084959651513,3482,8.333,447,1243,251,8,8,44232,15,68912,226,Normal,0,NF-ToN-IoT-v2
Device_2357,Camera,310.24,167,150.57,0.008616843921664036,4.494,40.12,0.001983801158872357,0.0002598803253378425,6638,1.072,831,1351,2345,11,8,64912,15,2267,220,Normal,0,NF-CSE-CIC-IDS2018-v2
Device_2358,Router,181.76,107,106.91,0.009838549398330048,1.998,29.44,0.002593827108977085,0.0005241261620053112,213,9.345,394,416,1972,11,8,53861,15,56483,150,DoS,1,NF-BoT-IoT-v2
Device_2359,Router,504.13,51,56.4,0.005087811766252606,1.363,58.96,0.004897747434027373,0.000304361859723677,1325,3.55,645,1943,1863,11,0,62573,15,18050,331,DDoS,1,NF-CSE-CIC-IDS2018-v2
Device_2360,Actuator,322.81,148,73.67,0.004612001258328414,3.72,65.12,0.0034809681805259046,0.00026919888144225714,5583,3.442,735,629,798,8,8,53218,28,74615,425,Brute_Force,1,NF-CSE-CIC-IDS2018-v2
Device_2361,Actuator,258.11,292,173.98,0.0008498224884349413,1.936,99.98,0.0031850326388787892,0.0007810152682407305,1716,3.353,857,1119,2569,8,8,3992,28,43818,220,Brute_Force,1,NF-CSE-CIC-IDS2018-v2
Device_2362,Router,463.99,417,109.85,0.0002261155390384289,2.0,53.71,0.0026695598649602104,0.0008919274988235604,3417,9.51,181,112,2836,3,8,43569,15,80770,150,Data_Exfiltration,1,NF-CSE-CIC-IDS2018-v2
Device_2363,Router,133.28,236,110.39,0.006127140715735112,3.825,57.39,0.0035333046315133296,0.0005072935159214622,7451,9.803,465,811,2256,3,0,45563,1,73547,226,Data_Exfiltration,1,NF-CSE-CIC-IDS2018-v2
Device_2364,Camera,927.75,432,192.68,0.0007480970862616956,1.632,44.36,0.003353677863588898,0.0007819850531476848,7680,9.735,28,1240,580,0,0,9082,1,67217,220,DDoS,1,NF-BoT-IoT-v2
Device_2365,Gateway,867.7,81,70.97,0.0038657514766808855,4.535,19.03,0.004523920372078812,0.00019521853193526882,6516,7.077,193,492,3276,3,0,56134,2,61164,200,DoS,1,NF-BoT-IoT-v2
Device_2366,Actuator,707.62,252,101.11,0.00013570371745396883,3.026,33.82,0.0027549929962866508,0.0005521665829054894,4740,1.199,813,1400,2644,11,8,47080,15,11234,150,Port_Scan,1,NF-BoT-IoT-v2
Device_2367,Gateway,106.21,27,164.23,0.006190752239760141,2.92,28.46,0.0021653626821333998,0.0006398379432786093,5833,3.925,962,1593,3764,8,0,24430,1,40466,530,Normal,0,NF-ToN-IoT-v2
Device_2368,Camera,775.88,86,154.19,0.004311610088360913,1.691,81.12,0.004055093937512969,0.0004957575261386042,5718,2.964,256,269,3003,8,0,51998,2,56890,530,Normal,0,NF-CSE-CIC-IDS2018-v2
Device_2369,Router,807.96,54,60.5,0.0013575056208842498,4.258,56.85,0.0040189383399654105,0.00012571141418471428,4913,7.113,945,1351,1202,8,8,1695,1,3612,226,Port_Scan,1,NF-ToN-IoT-v2
Device_2370,Gateway,767.76,481,38.71,0.003034039307724139,3.077,33.14,0.0009321985462592287,0.0007367592295008866,2637,4.977,623,1933,3179,8,8,29554,2,15059,220,Botnet,1,NF-ToN-IoT-v2
Device_2371,Router,113.97,380,143.13,0.0057396409198220534,1.2,51.46,0.0012602807894966327,0.0008406873954176043,3274,6.203,424,1542,267,0,0,41775,5,35327,425,Botnet,1,NF-BoT-IoT-v2
Device_2372,Router,643.91,352,58.95,0.006601462343298774,1.428,25.79,0.004797327480368558,0.0006388739924316443,8074,0.186,706,1424,3608,3,0,7378,1,26664,150,Normal,0,NF-CSE-CIC-IDS2018-v2
Device_2373,Sensor,834.32,149,185.31,0.004677125208668124,2.607,22.59,0.0022761367380736853,0.00017746939160065908,2322,7.85,636,330,3444,8,8,33266,15,9799,331,Normal,0,NF-CSE-CIC-IDS2018-v2
Device_2374,Gateway,577.35,186,34.56,0.008059195249300363,4.008,86.69,0.002646337413002829,8.380691545005755e-05,8121,9.525,91,768,2011,0,8,34448,15,5616,530,Normal,0,NF-ToN-IoT-v2
Device_2375,Gateway,646.41,231,70.48,0.0012131600758595585,4.727,94.76,0.001619784610441068,0.0003085878690927341,151,6.727,648,871,1409,11,0,44220,28,15138,331,Normal,0,NF-CSE-CIC-IDS2018-v2
Device_2376,Router,458.36,424,20.41,0.0009370026538628372,3.486,12.6,0.002457248012197032,4.662021073191525e-05,2444,8.534,795,1964,3540,3,0,23736,5,63988,200,Normal,0,NF-ToN-IoT-v2
Device_2377,Camera,528.71,101,143.63,0.0005380182632763024,2.778,77.66,0.0037424473752587137,0.0008408268203484045,5164,4.835,741,1145,424,0,0,9528,5,65996,220,Normal,0,NF-CSE-CIC-IDS2018-v2
Device_2378,Sensor,34.38,31,179.34,0.005404695610549479,1.628,48.06,0.0024634909775720086,0.0007060298356695071,6586,0.3,145,1495,1213,8,0,45509,1,85535,220,Port_Scan,1,NF-BoT-IoT-v2
Device_2379,Router,638.96,181,130.82,0.007091693871921134,3.528,41.95,0.0016424449317974596,0.000568051774390623,5930,9.906,452,560,1207,8,0,62424,2,20846,200,Normal,0,NF-ToN-IoT-v2
Device_2380,Actuator,81.45,101,188.17,0.0013921618542830443,4.92,70.49,0.000570404921532445,0.0008907361784488945,4795,0.682,428,119,277,8,8,248,28,25724,220,Botnet,1,NF-CSE-CIC-IDS2018-v2
Device_2381,Actuator,435.01,201,34.42,0.0064255616563683865,2.643,30.29,0.004648481450634196,0.00011899256477237039,4366,2.008,242,55,1912,11,8,9888,5,65112,331,Normal,0,NF-ToN-IoT-v2
Device_2382,Sensor,292.66,86,26.67,0.004821782885276394,1.23,6.96,0.004371123331729288,0.000717315152377273,1758,0.619,486,363,3446,3,0,49810,5,36923,331,Normal,0,NF-CSE-CIC-IDS2018-v2
Device_2383,Camera,545.43,290,169.3,0.00987471055149604,0.965,25.33,0.003977688222413639,0.00015516588486384327,7468,6.287,31,1790,705,8,8,15118,15,25503,200,Brute_Force,1,NF-BoT-IoT-v2
Device_2384,Router,133.42,373,172.55,0.007202988731737474,1.712,22.57,0.0035009477228285686,7.031617250099799e-05,5283,5.874,773,1113,669,3,8,53922,15,15477,226,Botnet,1,NF-BoT-IoT-v2
Device_2385,Gateway,691.64,188,167.9,0.006608986018397097,3.062,8.23,0.0026259984338078586,0.00014157546229765183,9178,2.176,60,495,3200,11,8,688,2,26873,200,Botnet,1,NF-CSE-CIC-IDS2018-v2
Device_2386,Sensor,795.01,247,161.8,0.005747452375236211,4.761,35.52,0.004497244252000007,0.0009514306898015317,5721,9.571,601,1033,429,0,8,57311,1,27848,331,Normal,0,NF-BoT-IoT-v2
Device_2387,Camera,163.35,144,78.82,0.009973925197342068,1.846,50.08,0.0039793374127055445,0.0004460290508114587,4110,9.144,476,220,1292,3,8,43237,2,57598,530,Botnet,1,NF-BoT-IoT-v2
Device_2388,Gateway,104.31,374,51.32,0.009806545791460316,1.874,74.9,0.004098453124939867,5.850573926060693e-05,735,2.87,915,1519,962,0,0,18083,1,49589,200,Port_Scan,1,NF-ToN-IoT-v2
Device_2389,Actuator,145.52,399,186.47,0.005427339742395764,2.665,35.94,0.0016167973176973857,0.0005877983017722854,6521,6.623,101,253,250,3,0,223,28,18619,331,Normal,0,NF-BoT-IoT-v2
Device_2390,Actuator,877.13,289,68.33,0.0046063151386091915,4.633,23.48,0.0021749455396717515,0.00020771692547123883,274,8.567,810,1979,2835,8,8,34527,5,62178,226,DoS,1,NF-CSE-CIC-IDS2018-v2
Device_2391,Gateway,528.19,28,85.7,0.0046749377347473494,2.386,26.91,0.0035633310942039666,1.6768046157169222e-05,9348,3.662,791,994,3128,8,0,20199,2,32600,331,Normal,0,NF-CSE-CIC-IDS2018-v2
Device_2392,Sensor,467.26,92,142.92,0.00434058966420132,1.505,89.66,0.0019182052857179936,0.0007608019364995695,8859,2.61,633,384,2814,0,8,16437,1,77883,425,Normal,0,NF-CSE-CIC-IDS2018-v2
Device_2393,Actuator,106.71,237,65.74,0.00536084323926359,1.234,24.45,0.0025204758010498565,0.00016331444813066554,6256,2.636,755,1106,1348,3,8,13347,28,63713,220,Normal,0,NF-ToN-IoT-v2
Device_2394,Router,649.56,380,165.63,0.0028084842513622704,2.557,88.53,0.0032679135417551046,0.0009430616076362774,7807,8.223,996,1143,2945,11,0,38452,2,50374,150,Normal,0,NF-CSE-CIC-IDS2018-v2
Device_2395,Gateway,868.0,274,23.31,0.009275208952832823,4.103,47.47,0.002245016167762977,0.0005968718700987071,7109,4.684,877,253,153,3,8,17083,5,43856,530,Normal,0,NF-BoT-IoT-v2
Device_2396,Gateway,828.19,121,160.32,0.00495327780647316,1.811,93.77,0.003985894075098161,9.61258643152338e-05,2243,7.182,589,519,2868,0,0,23009,28,51573,226,DoS,1,NF-ToN-IoT-v2
Device_2397,Actuator,626.05,260,124.35,0.008435877337202231,2.806,43.77,0.0006697663105341233,0.00022564618438544116,7099,6.538,273,891,1052,3,8,49737,15,1452,150,Normal,0,NF-CSE-CIC-IDS2018-v2
Device_2398,Sensor,75.28,173,118.87,0.004805506379209439,3.214,21.88,0.0036184768979318845,0.0006147361908872456,1574,3.132,882,910,3025,3,8,19755,5,78037,226,Normal,0,NF-BoT-IoT-v2
Device_2399,Router,112.4,367,97.09,0.007211073711711406,2.527,57.16,0.000811529296995262,0.0003447316007679922,5344,2.16,478,198,2504,0,8,4384,15,48907,226,Normal,0,NF-ToN-IoT-v2
Device_2400,Sensor,49.31,177,62.64,0.0034351314483181423,1.363,60.83,0.004695414309149777,0.0005368216205386021,7348,1.345,58,1761,1237,0,0,1451,28,80862,226,Normal,0,NF-CSE-CIC-IDS2018-v2
Device_2401,Camera,257.48,230,98.17,0.00628558789155928,4.648,65.37,0.001638784635405298,0.0008015169261304065,4202,0.336,759,2028,2523,0,0,310,28,19687,425,Normal,0,NF-BoT-IoT-v2
Device_2402,Camera,135.66,417,95.51,0.005033877309964103,3.045,44.09,0.003997618569093408,0.0007946754931551776,429,0.904,983,132,1531,3,8,51657,15,62090,226,Normal,0,NF-CSE-CIC-IDS2018-v2
Device_2403,Actuator,260.05,313,120.91,0.0037344311396827375,3.781,9.62,0.0026549431927325126,0.0007010069359432321,2773,2.637,945,1769,3275,0,0,46635,1,63735,331,Port_Scan,1,NF-BoT-IoT-v2
Device_2404,Actuator,385.06,200,63.5,0.00882740698457321,3.362,64.54,0.0005463266262805832,0.0008871937630686864,4722,7.165,505,1479,356,0,8,47154,28,31849,220,Normal,0,NF-BoT-IoT-v2
Device_2405,Actuator,942.98,334,24.74,0.001215845659214199,4.991,93.64,0.002954675586516388,0.0002073670846621173,5332,1.634,387,556,1553,11,0,62972,2,45406,331,Botnet,1,NF-CSE-CIC-IDS2018-v2
Device_2406,Camera,610.38,446,37.57,0.004920539168359193,2.553,95.97,0.004569670910724593,0.00018546907366550404,6683,5.282,461,1202,694,11,8,17506,2,83992,331,Normal,0,NF-BoT-IoT-v2
Device_2407,Sensor,834.97,447,142.84,0.002024253825334754,2.412,61.7,0.0008704485817457293,0.0008013560210908962,989,2.527,608,1317,3382,11,8,33109,28,84768,425,Normal,0,NF-CSE-CIC-IDS2018-v2
Device_2408,Sensor,710.35,179,14.27,0.008624445403054156,2.121,6.89,0.0016744040518680754,0.00032768045276553747,8121,5.167,45,1201,3233,0,8,12850,15,30534,530,Port_Scan,1,NF-BoT-IoT-v2
Device_2409,Actuator,112.5,384,172.72,0.002609346512685068,2.127,15.07,0.0022518774876929266,0.0005170605889813235,9053,7.525,291,519,233,0,0,9174,15,42318,220,DDoS,1,NF-ToN-IoT-v2
Device_2410,Router,735.92,54,141.94,0.006370960367107035,1.741,84.23,0.0014477600103692033,0.0007465126272323502,9315,2.733,258,1576,1397,11,8,61062,5,4207,530,Normal,0,NF-CSE-CIC-IDS2018-v2
Device_2411,Sensor,275.1,390,155.94,0.0017390787993450054,4.913,83.83,0.004724519426208169,0.0004019730357014043,1780,3.544,815,112,1513,8,0,28372,15,34114,425,Brute_Force,1,NF-BoT-IoT-v2
Device_2412,Camera,639.11,483,168.84,0.004108645327761284,4.419,94.87,0.001949751297561481,0.00013886067719227123,6051,7.258,771,611,953,8,0,58752,1,15737,226,Normal,0,NF-ToN-IoT-v2
Device_2413,Gateway,340.96,23,33.31,0.009003636236928706,1.925,58.56,0.003324504086579825,0.0006826626297694187,9353,5.509,246,853,1154,11,0,16012,1,78076,220,DoS,1,NF-ToN-IoT-v2
Device_2414,Gateway,997.67,240,166.27,0.0017440379995792108,1.874,87.06,0.001197192145413323,0.0008189877929794778,6966,1.036,240,1181,2167,11,0,57800,2,74819,150,Normal,0,NF-CSE-CIC-IDS2018-v2
Device_2415,Gateway,263.55,166,105.88,0.006665638670948563,0.966,83.36,0.0011765590936600764,2.2669310745060488e-05,9195,7.606,413,1617,3693,8,0,5423,28,64090,220,Normal,0,NF-CSE-CIC-IDS2018-v2
Device_2416,Router,279.13,143,178.25,0.002124652668503952,4.447,60.99,0.0009616617444593017,0.0005669265950357672,233,2.847,128,1637,3652,11,8,46974,2,49776,331,DDoS,1,NF-CSE-CIC-IDS2018-v2
Device_2417,Actuator,930.67,400,178.45,0.0042159156200684425,2.173,79.45,0.002230580091280944,0.0004747110414735881,6164,3.912,714,1194,2679,0,8,9841,28,15594,226,Normal,0,NF-CSE-CIC-IDS2018-v2
Device_2418,Camera,24.64,46,14.59,0.005452107155308534,3.077,16.94,0.0027110051912212644,0.000267000046462018,1225,2.527,276,2006,214,11,0,56046,2,26681,331,Normal,0,NF-CSE-CIC-IDS2018-v2
Device_2419,Router,696.69,62,82.74,0.005815333540078504,4.552,65.72,0.0001526660121827507,0.00016941828144872892,2139,5.479,418,917,2429,3,0,23379,28,20694,150,Normal,0,NF-CSE-CIC-IDS2018-v2
Device_2420,Camera,725.33,27,110.02,0.006064862241776239,2.336,95.58,0.004181324795304262,0.00019615693817819912,4288,7.107,207,1737,3276,8,8,50862,28,46239,425,Normal,0,NF-BoT-IoT-v2
Device_2421,Camera,836.38,480,138.89,0.00643730101237013,4.131,20.39,0.002612494073402384,0.000727723452382464,2949,8.052,552,633,1402,0,8,17966,2,47203,425,Port_Scan,1,NF-CSE-CIC-IDS2018-v2
Device_2422,Actuator,974.44,47,64.38,0.0027905101069705955,2.436,75.68,0.000870328624740517,0.0005408331828021836,3466,9.229,365,1194,1047,8,0,14601,5,82617,226,Normal,0,NF-CSE-CIC-IDS2018-v2
Device_2423,Gateway,975.6,196,57.91,0.004073538108599875,3.654,35.47,0.0004297372312646449,0.0009813428375215962,3011,3.656,833,103,1883,11,0,22553,1,53826,200,Data_Exfiltration,1,NF-CSE-CIC-IDS2018-v2
Device_2424,Actuator,65.28,394,82.44,0.00046945476939313775,2.44,82.62,0.00040967655593370737,0.0002507984902696319,2691,9.333,346,276,1040,8,0,62513,15,16630,425,DDoS,1,NF-ToN-IoT-v2
Device_2425,Router,821.84,205,105.18,0.007710694067660615,2.267,71.24,0.001362453085606792,0.0009573351350198692,4383,6.208,831,610,2117,11,0,13230,1,6037,331,DoS,1,NF-CSE-CIC-IDS2018-v2
Device_2426,Router,646.31,252,190.72,0.008387285067710134,4.958,92.99,0.002546531525057796,0.0005199584637449898,4361,3.957,568,673,252,0,8,16299,15,45780,331,Normal,0,NF-CSE-CIC-IDS2018-v2
Device_2427,Router,647.34,309,154.8,0.002072443958506901,3.256,72.63,0.0043151737264146926,0.00015456611387250764,7234,8.884,160,1265,2428,0,8,6784,28,55938,220,Port_Scan,1,NF-ToN-IoT-v2
Device_2428,Actuator,128.35,312,91.57,0.00209429524983385,2.153,43.98,0.004524530591765427,0.00015669725227230024,344,5.838,834,225,2842,8,0,8556,2,24571,226,Normal,0,NF-BoT-IoT-v2
Device_2429,Camera,650.19,44,20.33,0.000516160381685165,1.66,6.03,0.004178406807899079,0.0006124823105852562,5228,4.597,96,569,3820,0,0,30526,2,79882,425,Port_Scan,1,NF-ToN-IoT-v2
Device_2430,Camera,982.48,224,42.02,0.009706799845645627,0.679,80.33,0.001709960993791546,0.0008331085191655735,9471,0.214,425,363,1692,8,0,17552,15,78325,530,Port_Scan,1,NF-CSE-CIC-IDS2018-v2
Device_2431,Sensor,911.82,228,96.63,0.008091147024360569,3.68,43.8,0.0016021329833598868,0.0007502344100009793,5025,7.203,925,1566,2635,8,0,8336,2,42351,425,DoS,1,NF-CSE-CIC-IDS2018-v2
Device_2432,Router,439.13,325,164.63,0.0036709617087697178,2.175,68.71,0.004938545891259489,0.0006590710692092439,6931,0.866,116,324,1250,8,8,39078,2,77856,425,Botnet,1,NF-BoT-IoT-v2
Device_2433,Camera,39.95,99,82.33,0.004870891887551271,4.196,14.98,0.003438275086938548,0.00018038698186335645,1878,2.965,212,761,3965,8,0,1066,2,80484,530,Normal,0,NF-ToN-IoT-v2
Device_2434,Sensor,362.29,317,112.31,0.002990472910443599,2.137,89.64,0.0015942645121619547,0.00011725660571322955,6410,9.621,599,67,3503,3,8,50123,1,69758,425,Normal,0,NF-ToN-IoT-v2
Device_2435,Camera,826.39,261,179.44,0.006012715286388636,2.18,46.39,0.001712492746391537,1.0245543471392766e-05,8728,1.637,307,1583,2628,3,0,9768,2,57970,530,Normal,0,NF-CSE-CIC-IDS2018-v2
Device_2436,Router,701.5,17,183.62,0.007201353282101733,4.006,92.37,0.0022297577526224147,0.00011077592262159682,6434,3.187,268,1133,3201,11,8,7182,5,53163,331,Brute_Force,1,NF-ToN-IoT-v2
Device_2437,Gateway,459.34,265,51.0,0.0045289479321195345,2.703,72.17,0.0031468528193417033,0.0007687029414085502,6006,9.33,44,1889,778,0,0,12416,15,37581,150,Normal,0,NF-CSE-CIC-IDS2018-v2
Device_2438,Router,55.1,372,18.28,0.008748582513587072,4.482,16.54,0.004500097883861227,0.0008962959318291472,9085,3.443,906,1076,1411,3,0,53305,1,36376,226,Port_Scan,1,NF-CSE-CIC-IDS2018-v2
Device_2439,Actuator,426.89,217,68.03,0.00521855603596622,3.156,60.02,0.0010717048865124053,0.00024794695426686434,9572,3.354,595,1702,3989,3,8,45109,1,29314,226,Brute_Force,1,NF-BoT-IoT-v2
Device_2440,Camera,469.02,434,142.2,0.0015281073638703268,1.583,91.44,0.0005135766486538667,0.0007969452980455851,8741,6.515,458,276,1280,0,8,58591,28,38357,530,Normal,0,NF-CSE-CIC-IDS2018-v2
Device_2441,Camera,928.56,140,190.71,0.006260684620792652,3.057,81.0,0.0020881854073757393,0.00020686027795190122,7768,1.4,723,1450,1452,8,8,44746,28,50934,220,Normal,0,NF-ToN-IoT-v2
Device_2442,Actuator,641.09,233,24.64,0.0046760865624872455,0.518,44.71,0.0013027318647918253,0.0002567789665246195,2054,9.73,858,1751,3505,3,0,8324,2,66265,331,Normal,0,NF-CSE-CIC-IDS2018-v2
Device_2443,Actuator,311.65,206,15.41,0.009363151444509086,1.906,95.73,0.0029225600998516064,0.00023191651344828067,8906,2.823,472,1739,3471,3,8,11837,1,85267,331,Normal,0,NF-CSE-CIC-IDS2018-v2
Device_2444,Gateway,525.32,477,177.99,0.003979749817265544,1.436,30.51,0.003526152702022365,6.121260995867959e-05,7493,7.878,9,85,2689,3,0,1266,1,33150,200,Botnet,1,NF-CSE-CIC-IDS2018-v2
Device_2445,Camera,66.06,151,152.15,0.004088370817586031,3.444,40.64,0.0016226061732154066,0.0002021206554191631,9030,2.947,925,1148,3816,3,0,209,2,48426,200,Normal,0,NF-CSE-CIC-IDS2018-v2
Device_2446,Camera,972.57,261,198.53,0.006542656558837942,1.112,76.22,0.0034587113154237437,0.00037980791116123627,1731,2.826,669,2008,730,8,8,20721,15,57244,226,Data_Exfiltration,1,NF-BoT-IoT-v2
Device_2447,Gateway,360.06,105,85.39,0.005317163561431638,1.805,27.13,0.0017814215488032525,0.00041141501823440725,5136,0.669,997,1881,651,0,8,6526,1,47314,331,Normal,0,NF-CSE-CIC-IDS2018-v2
Device_2448,Sensor,477.87,35,89.05,0.003807053787630505,1.991,53.96,0.003211343884364684,0.00031637174975423084,3765,1.281,860,1348,836,3,8,11473,28,75599,425,Data_Exfiltration,1,NF-CSE-CIC-IDS2018-v2
Device_2449,Gateway,355.28,120,42.74,0.009898766715232887,0.515,74.23,0.003201997953062259,0.0005195780327874282,8360,5.267,189,1431,3268,3,0,22742,2,63486,530,Normal,0,NF-CSE-CIC-IDS2018-v2
Device_2450,Router,682.51,463,32.01,0.003091636548994227,0.71,66.18,0.0014629825467660543,0.0003842182501748252,6974,5.811,381,207,917,3,0,60659,1,8698,220,Normal,0,NF-ToN-IoT-v2
Device_2451,Camera,662.23,132,119.96,0.0028475350406517827,1.9,19.76,0.003215041483379997,0.0009706609997123445,969,8.177,832,221,1228,3,0,29766,28,20504,331,Normal,0,NF-BoT-IoT-v2
Device_2452,Actuator,715.32,195,79.21,0.008657833522368824,1.501,64.82,0.001966679969045913,0.0008092769497879522,9685,0.696,643,1813,2447,0,8,9005,5,15570,220,Normal,0,NF-CSE-CIC-IDS2018-v2
Device_2453,Router,268.14,493,25.26,0.00013339214115049952,1.026,59.41,0.0017486292273672598,0.0009316675724834926,3291,3.626,727,838,921,8,8,56409,1,66427,200,DDoS,1,NF-ToN-IoT-v2
Device_2454,Camera,315.67,177,178.53,0.0020924062929585856,1.194,58.0,0.001517509960625814,0.0005618526767505762,3219,2.082,115,2043,562,11,0,19904,2,115,425,DDoS,1,NF-CSE-CIC-IDS2018-v2
Device_2455,Gateway,125.25,60,47.69,0.005945422213793564,4.26,83.47,0.001793661774658016,0.0006815562324340945,2215,3.643,502,1247,712,0,8,23707,28,39688,150,Normal,0,NF-CSE-CIC-IDS2018-v2
Device_2456,Router,655.51,388,152.23,0.0017082602256621822,3.575,22.47,0.003955049971099625,0.00017500961135018242,7352,3.608,635,647,2287,3,0,36217,1,28065,425,Normal,0,NF-CSE-CIC-IDS2018-v2
Device_2457,Camera,39.8,14,63.62,0.009859458834963523,2.679,76.4,0.0013013761894453343,0.0007552578996647613,476,3.607,388,99,863,11,8,2131,28,81892,331,Data_Exfiltration,1,NF-BoT-IoT-v2
Device_2458,Sensor,597.68,86,164.45,0.0046955366619741475,4.59,77.29,0.0034417382852169175,0.00024361140005362062,2041,3.165,439,355,914,3,8,58792,2,80794,425,Normal,0,NF-BoT-IoT-v2
Device_2459,Sensor,869.7,169,32.5,0.006013904342109454,0.633,73.65,0.0045130408664064104,0.00015437459845683445,304,7.663,910,1210,1123,0,8,6127,1,35439,425,Normal,0,NF-BoT-IoT-v2
Device_2460,Actuator,890.83,217,153.65,0.0016876973045414122,2.052,53.07,0.0018171018110693545,5.1440755251769804e-05,9036,6.928,870,485,1051,8,0,47766,2,61647,200,Normal,0,NF-ToN-IoT-v2
Device_2461,Camera,449.04,266,28.64,0.0029648431986320856,4.205,42.58,0.000244609116025012,0.0004775079471059457,7154,3.481,845,257,2254,11,8,50847,15,42851,150,Port_Scan,1,NF-CSE-CIC-IDS2018-v2
Device_2462,Sensor,459.3,214,94.91,0.006184785348526215,3.327,42.49,0.00022056954271245153,0.0002939213670330568,6048,1.55,924,1288,712,11,0,31673,1,71586,150,Normal,0,NF-BoT-IoT-v2
Device_2463,Gateway,76.97,264,149.46,0.005540578395535337,4.918,74.71,0.0007835641529164913,0.0009868599009098266,7346,5.231,319,1563,591,8,0,50661,1,28387,200,Normal,0,NF-ToN-IoT-v2
Device_2464,Camera,670.77,447,42.91,0.007865203059867544,4.75,52.3,0.0006392197311834613,0.00025733595899565494,9841,9.197,935,135,1849,8,0,10150,28,15551,200,Data_Exfiltration,1,NF-ToN-IoT-v2
Device_2465,Gateway,821.26,20,64.28,0.00276540846788573,1.265,37.15,0.0037656177243700225,0.0008678778475154675,4520,1.323,876,497,1591,11,0,38993,1,58623,200,Brute_Force,1,NF-ToN-IoT-v2
Device_2466,Gateway,244.66,446,174.31,0.006570067252394687,4.874,64.42,0.001544768512846126,0.00032327438144001447,2525,7.555,704,1883,2117,11,8,39712,15,14558,220,Normal,0,NF-CSE-CIC-IDS2018-v2
Device_2467,Sensor,421.3,17,178.17,0.0029806575069137677,4.755,84.52,0.0032972978906433527,0.0007516355837892882,4073,6.034,444,459,647,11,0,15545,28,5295,226,Normal,0,NF-BoT-IoT-v2
Device_2468,Camera,838.84,418,18.54,0.005908850935486592,2.181,10.84,0.0003080316350542821,0.0006632428969690083,770,5.927,660,1807,2784,11,8,26712,28,72987,530,Brute_Force,1,NF-CSE-CIC-IDS2018-v2
Device_2469,Router,877.12,433,41.94,0.006089806580083566,4.923,97.35,0.0015491273527828986,0.0005661657191150654,3517,9.353,28,1981,287,8,0,22687,5,80696,226,Port_Scan,1,NF-ToN-IoT-v2
Device_2470,Sensor,243.18,41,32.32,0.001306207202409439,0.661,14.18,0.0012473165499186742,0.0004226566940195604,3165,9.564,636,1024,1965,0,8,60399,1,56871,226,DoS,1,NF-CSE-CIC-IDS2018-v2
Device_2471,Sensor,550.57,481,44.14,0.005531467795794035,3.473,53.62,0.0014567145007265778,0.0006743939627161471,1827,2.514,992,473,2467,0,0,63857,5,55967,425,Normal,0,NF-BoT-IoT-v2
Device_2472,Camera,192.49,37,194.34,0.00021818916954640673,1.698,58.22,0.0010345170687556173,0.00041320556671468997,6076,8.104,398,755,3049,8,8,23089,15,12784,220,Botnet,1,NF-CSE-CIC-IDS2018-v2
Device_2473,Camera,101.88,215,114.81,0.005061986438609447,1.083,18.13,0.003127788503401367,0.0005526192319840466,4126,6.246,77,1181,1914,0,0,53426,1,39386,200,Normal,0,NF-ToN-IoT-v2
Device_2474,Gateway,911.12,396,98.94,0.0070054666972199425,3.099,91.98,0.0033470970613176674,0.0005939037194676093,7962,4.148,587,1690,1071,0,0,47835,5,69543,226,Normal,0,NF-CSE-CIC-IDS2018-v2
Device_2475,Camera,820.51,237,197.05,0.0008210440170008884,1.879,49.79,0.0008274809033679755,0.0002746816678367528,6164,6.69,358,1091,1123,3,8,33996,5,29590,220,Brute_Force,1,NF-BoT-IoT-v2
Device_2476,Gateway,760.03,137,115.82,0.00939323708252857,3.501,18.6,0.003731615324612313,0.0003463391125323359,3914,9.564,186,1293,609,0,8,26130,28,26744,220,DDoS,1,NF-BoT-IoT-v2
Device_2477,Sensor,48.77,264,135.61,0.004641679766695598,2.93,72.6,0.0013252228336672817,2.786956292222511e-05,1803,5.217,551,1297,1985,11,8,10754,5,60841,200,Data_Exfiltration,1,NF-BoT-IoT-v2
Device_2478,Actuator,843.73,484,73.23,0.009390321128678214,2.267,68.02,0.0014863202622478705,0.0008536374034608363,7721,9.407,234,164,588,0,8,4211,5,41052,150,DDoS,1,NF-BoT-IoT-v2
Device_2479,Router,438.04,221,82.6,0.001163244394542212,1.318,96.47,0.00416116086033375,0.0007584233128576284,7530,6.465,248,923,4074,8,0,36186,1,12332,220,Normal,0,NF-ToN-IoT-v2
Device_2480,Sensor,342.4,248,122.94,0.009504035684753394,3.206,46.94,0.004515712984828842,0.00019169514876989316,4641,4.881,954,1282,1801,0,8,35216,1,34575,331,Normal,0,NF-ToN-IoT-v2
Device_2481,Camera,546.48,216,23.26,0.0011810512843109327,4.232,30.44,0.004141305935995274,0.0003684279655084731,153,6.477,399,1458,1144,8,0,4394,28,69596,220,Normal,0,NF-CSE-CIC-IDS2018-v2
Device_2482,Router,91.35,327,58.62,0.004668808404668228,3.2,10.7,0.0008240378197195528,0.0004268587881789382,791,6.065,329,427,2085,11,8,53916,1,44052,150,Brute_Force,1,NF-CSE-CIC-IDS2018-v2
Device_2483,Actuator,756.65,292,47.39,0.00938612146059597,3.247,74.65,0.004996411411972947,0.0003410349050800872,6166,4.275,643,121,3142,3,8,30448,15,26502,150,Brute_Force,1,NF-BoT-IoT-v2
Device_2484,Actuator,582.44,254,13.02,0.002403811183849828,2.803,63.64,0.0033935615324336044,0.0008002603785400289,8548,5.668,5,286,1530,3,0,45565,28,13557,425,Port_Scan,1,NF-BoT-IoT-v2
Device_2485,Gateway,186.59,54,112.01,0.0004443713105014671,2.247,97.4,0.0026022762455494494,0.0007281664990543304,3532,7.062,348,987,1402,0,8,27755,15,31043,331,DoS,1,NF-ToN-IoT-v2
Device_2486,Router,188.23,114,116.6,0.007951795682779386,2.559,72.66,0.0047787228979918345,0.0007694871428397835,933,8.405,938,114,2222,0,8,20267,1,64869,226,Normal,0,NF-CSE-CIC-IDS2018-v2
Device_2487,Gateway,184.25,357,82.95,0.0059992480129231985,4.953,93.65,0.004105163937590308,0.0009050887504250097,5894,3.113,399,1555,3251,8,8,55347,1,60986,220,Normal,0,NF-CSE-CIC-IDS2018-v2
Device_2488,Sensor,57.0,290,61.06,0.005187819809724263,3.874,99.2,0.00348954089418081,0.0005991997433413756,9453,0.245,259,682,1394,3,8,33775,28,14623,200,Normal,0,NF-CSE-CIC-IDS2018-v2
Device_2489,Router,587.8,243,133.89,0.00043999950509686196,2.438,45.7,0.004208146517562453,0.0006183889857377738,3622,5.557,757,1364,834,11,8,62816,5,63336,425,Brute_Force,1,NF-ToN-IoT-v2
Device_2490,Sensor,840.35,198,35.59,0.006566989561187768,2.558,19.28,0.001988786258061838,0.0007247147784507605,8764,4.944,419,563,1754,8,8,57883,2,39654,200,Normal,0,NF-ToN-IoT-v2
Device_2491,Gateway,17.5,53,108.54,0.0017990711836571916,2.748,23.61,0.0034537483826570458,0.0006844202687041705,5960,0.637,391,872,1805,0,8,41171,2,11735,331,Brute_Force,1,NF-ToN-IoT-v2
Device_2492,Router,49.0,234,155.93,0.009318847134026484,3.467,35.25,0.0010338420917758633,0.0008711148882149721,2126,6.362,862,1139,373,3,8,5228,1,18623,150,Brute_Force,1,NF-CSE-CIC-IDS2018-v2
Device_2493,Gateway,572.77,439,41.22,0.006888696815649253,2.597,53.35,0.0049412031128088,0.0007724962237860994,9929,9.42,920,58,157,0,8,8097,15,68635,226,Normal,0,NF-ToN-IoT-v2
Device_2494,Router,819.5,151,153.12,0.007099635491534982,3.588,16.63,0.0029860103304576767,0.00012925403031402042,3648,4.082,927,1046,3327,3,8,47055,28,8648,220,Botnet,1,NF-CSE-CIC-IDS2018-v2
Device_2495,Gateway,326.74,145,154.55,0.0024025446988516766,1.981,33.66,0.004089762512433007,0.0009290750292933089,1005,8.954,590,1625,2913,8,0,4070,5,46350,530,Botnet,1,NF-ToN-IoT-v2
Device_2496,Actuator,349.61,185,21.39,0.008819462996761512,2.348,34.24,0.002095965414602066,0.0006862682973981905,6464,8.15,848,410,3414,11,8,3893,1,5251,220,DDoS,1,NF-ToN-IoT-v2
Device_2497,Gateway,596.35,151,13.57,0.005423552450753691,4.388,5.39,0.0038170852144483853,0.00013587446656809023,1283,1.701,115,1956,2671,11,8,56065,15,34102,530,DoS,1,NF-CSE-CIC-IDS2018-v2
Device_2498,Actuator,274.21,458,195.05,0.008585133360360882,1.98,38.65,0.001998186007399866,0.0007742539983587733,1188,7.894,4,1385,1142,11,8,50545,1,77254,220,DDoS,1,NF-CSE-CIC-IDS2018-v2
Device_2499,Gateway,26.61,89,46.74,0.0027823800008395325,4.84,16.03,0.002991024926106856,0.00036482840444181254,1292,5.215,643,424,80,11,8,60123,2,10898,200,Normal,0,NF-ToN-IoT-v2
Device_2500,Router,735.23,91,166.21,0.007579070959672637,1.276,45.82,0.0039128605968629295,0.0008079181329161382,2228,9.194,739,248,1422,11,0,43536,1,14910,226,DoS,1,NF-ToN-IoT-v2
Device_2501,Router,625.65,144,116.75,0.005788212346234471,1.588,23.67,0.000670722175151569,0.0009558518835603148,5487,1.975,128,1900,3197,0,8,9455,15,20808,331,Data_Exfiltration,1,NF-CSE-CIC-IDS2018-v2
Device_2502,Router,580.76,216,60.25,0.0005793511275247582,2.587,83.1,0.0018482506717112763,0.00026268961574784044,3551,1.338,9,412,2748,0,8,15059,2,46126,200,Normal,0,NF-CSE-CIC-IDS2018-v2
Device_2503,Camera,741.68,353,34.69,0.004112889005355541,4.088,12.65,0.0027701910499828746,0.0008588369356240602,431,2.489,324,668,2860,11,0,19857,1,68644,150,Normal,0,NF-CSE-CIC-IDS2018-v2
Device_2504,Sensor,675.23,186,104.37,0.0019207136047223025,3.792,87.24,0.0017365887598320294,0.0007758257564424992,9503,0.69,118,831,1660,3,8,9204,2,72664,226,DoS,1,NF-CSE-CIC-IDS2018-v2
Device_2505,Router,205.88,392,87.4,0.003655818519999685,1.285,60.15,0.001614919450302728,0.0006744730511984625,1148,3.269,467,1767,2044,8,8,30491,28,21936,425,Normal,0,NF-BoT-IoT-v2
Device_2506,Actuator,352.48,252,142.79,0.0038951811792257026,1.565,48.57,0.0014801540389552895,0.0003910713391153045,2375,2.902,856,2005,619,3,0,17179,15,10339,150,Data_Exfiltration,1,NF-BoT-IoT-v2
Device_2507,Router,126.11,64,181.79,0.00480179069498101,3.089,57.23,0.0012161799268658716,0.0001187634744900153,5337,4.221,700,1996,1414,3,0,50355,15,23766,220,Port_Scan,1,NF-CSE-CIC-IDS2018-v2
Device_2508,Camera,129.86,150,163.0,0.006042875383011785,1.828,40.73,0.00425963235652259,0.0004890578596407276,6485,4.683,651,539,4028,11,8,52495,28,51457,425,Normal,0,NF-ToN-IoT-v2
Device_2509,Actuator,676.2,466,62.15,0.005752678759732173,2.4,17.12,0.004626076734062903,0.00011460996347971562,1734,1.533,463,314,1215,3,8,21408,15,23650,530,Botnet,1,NF-CSE-CIC-IDS2018-v2
Device_2510,Camera,858.6,449,177.0,0.0004860149065794512,2.69,77.76,0.0035308302959660073,0.0005051457546095419,7748,6.232,932,245,3635,0,8,45140,15,16610,200,Normal,0,NF-ToN-IoT-v2
Device_2511,Actuator,962.73,65,168.34,0.007531823263038347,3.174,93.15,0.000246997612548876,0.000822090338067814,602,2.313,125,1211,3123,8,8,5892,1,42527,226,Normal,0,NF-ToN-IoT-v2
Device_2512,Gateway,628.35,24,186.54,0.009496920456280407,1.63,95.26,0.0039525426561321094,0.0009976617530569535,3669,1.307,223,561,322,8,8,48622,5,74888,425,Data_Exfiltration,1,NF-ToN-IoT-v2
Device_2513,Sensor,184.1,194,97.15,0.0035519447609511697,1.234,68.72,0.00270650522146529,0.00020602862437817785,9371,7.117,328,886,2824,8,0,36140,1,85181,200,DoS,1,NF-CSE-CIC-IDS2018-v2
Device_2514,Sensor,105.65,323,156.03,0.0018794943232487598,2.294,43.98,0.00381473943062967,0.0002157794619235522,7416,0.325,898,648,898,3,8,33188,28,82318,226,Botnet,1,NF-ToN-IoT-v2
Device_2515,Camera,812.85,428,122.42,0.005446015474842315,0.869,50.44,0.002242958030947865,0.0008127744985998784,9626,3.747,818,1214,1711,8,0,2257,28,81051,220,Data_Exfiltration,1,NF-CSE-CIC-IDS2018-v2
Device_2516,Sensor,578.76,97,69.0,0.007078637989617028,2.87,67.41,0.0003022813829537472,0.00047436804597423784,4747,1.53,259,72,3123,8,0,32051,5,19642,226,Normal,0,NF-ToN-IoT-v2
Device_2517,Camera,618.29,106,198.94,0.006821158455823866,4.278,83.19,0.0034405504307963098,0.0009166465500715631,4118,8.84,67,1857,930,0,8,6079,1,9038,220,DoS,1,NF-ToN-IoT-v2
Device_2518,Camera,781.46,153,17.28,0.006159884817258498,1.035,40.58,0.00227622961339076,0.0007713062752054022,4316,8.262,597,1560,967,11,8,32829,1,67057,200,Brute_Force,1,NF-CSE-CIC-IDS2018-v2
Device_2519,Camera,703.28,17,40.83,0.0015476992960692648,1.007,92.09,0.004382813128171708,0.0007390634870828903,5991,0.699,883,550,2521,11,8,53252,1,82669,200,Normal,0,NF-CSE-CIC-IDS2018-v2
Device_2520,Sensor,834.46,486,179.58,0.008384566454589683,0.861,35.81,0.003716875890424994,0.00011093417156811023,5331,5.549,62,1060,951,0,0,53743,2,35560,425,Normal,0,NF-CSE-CIC-IDS2018-v2
Device_2521,Camera,56.21,224,21.51,0.004313653467946273,4.315,55.43,0.001861852564111266,4.5516809522349175e-05,8314,3.024,972,1076,206,0,0,52330,2,44377,200,Normal,0,NF-ToN-IoT-v2
Device_2522,Sensor,747.52,182,178.5,0.002292538972015513,0.863,96.33,0.003648001602940711,0.0003235951914632628,7948,2.006,526,677,1988,11,0,50698,1,53916,220,DDoS,1,NF-CSE-CIC-IDS2018-v2
Device_2523,Camera,850.85,232,145.89,0.0009540347965246553,4.926,94.13,0.0025265221373027007,0.00022512537724046406,7531,3.184,634,972,2508,3,8,38741,2,41785,150,Normal,0,NF-ToN-IoT-v2
Device_2524,Router,286.14,49,16.97,0.004225519238233186,2.112,71.1,0.0010772753660717711,0.000715185797069228,579,8.177,279,1687,3854,0,8,42710,1,59763,150,Normal,0,NF-CSE-CIC-IDS2018-v2
Device_2525,Camera,640.45,191,91.57,0.006217933163788343,1.979,35.83,0.002157442965257087,0.00045622638692438994,2454,0.673,123,273,1446,8,0,64985,28,51384,226,Botnet,1,NF-CSE-CIC-IDS2018-v2
Device_2526,Actuator,314.16,279,153.35,0.006687239320599927,0.912,25.81,0.0011905557330923648,0.0005279149108826298,4964,6.518,589,962,3787,0,8,25306,1,2533,200,Botnet,1,NF-BoT-IoT-v2
Device_2527,Camera,957.97,196,120.79,0.009631095422832841,3.135,12.61,0.00012438494769804784,0.00081560406804318,1243,9.142,272,137,2850,3,0,7554,2,38580,425,Brute_Force,1,NF-CSE-CIC-IDS2018-v2
Device_2528,Gateway,33.42,254,187.82,0.0016161660282711988,3.136,72.32,0.0013092992905868151,0.00048371963494805233,2433,4.536,977,374,3454,0,8,8370,5,78857,150,Normal,0,NF-BoT-IoT-v2
Device_2529,Camera,579.79,487,174.85,0.009859159285455766,2.722,52.83,0.0011266544969504267,0.0005494770575973452,5183,9.025,502,1698,2759,8,8,5609,28,83832,331,DoS,1,NF-CSE-CIC-IDS2018-v2
Device_2530,Actuator,166.5,318,73.2,0.006581291217665057,1.9,59.37,0.00012125085256581739,0.0008438970637439418,8052,9.077,658,448,3081,0,8,63291,15,75160,200,Port_Scan,1,NF-BoT-IoT-v2
Device_2531,Actuator,712.22,240,26.08,0.004596867671301295,2.159,49.88,0.003941234303691067,0.0004370224512144377,7674,6.135,269,69,2913,0,0,23617,5,47557,425,Normal,0,NF-BoT-IoT-v2
Device_2532,Sensor,175.89,392,189.41,0.008893122835896777,1.942,50.88,0.0004772261970371756,9.2295440834463e-05,5371,4.613,893,1654,2823,0,0,14008,5,24701,331,Normal,0,NF-CSE-CIC-IDS2018-v2
Device_2533,Router,235.38,164,108.28,0.006975349445338589,2.418,59.27,0.002300389462300522,0.0005264881574970527,2745,7.403,568,367,3413,11,8,25104,15,49996,530,Normal,0,NF-CSE-CIC-IDS2018-v2
Device_2534,Camera,494.37,184,24.14,0.003552300427084451,2.038,91.85,0.002147627560915618,0.0005835680673905191,5544,9.171,218,504,3953,11,0,1410,28,19074,425,Normal,0,NF-ToN-IoT-v2
Device_2535,Sensor,914.83,345,165.15,0.00885244839610697,3.54,7.79,0.0009888997747971632,0.0005166788362698632,6167,6.832,685,144,3787,3,0,14722,15,25747,150,Brute_Force,1,NF-ToN-IoT-v2
Device_2536,Router,211.71,124,175.02,0.006699493022513396,1.831,81.16,0.004837655682033167,0.00026546902204593626,938,2.175,552,282,3797,11,0,43559,28,14293,220,DoS,1,NF-CSE-CIC-IDS2018-v2
Device_2537,Camera,144.24,399,131.49,0.0070184898223627735,2.079,42.1,0.0030582946641416055,0.00023145316756960672,7513,8.219,871,943,1178,3,8,41295,28,27794,331,Brute_Force,1,NF-CSE-CIC-IDS2018-v2
Device_2538,Gateway,758.98,320,95.03,0.008974259892051658,2.46,75.77,0.004086213924051695,0.00037605880821252313,8291,9.52,159,1400,1785,11,8,59979,28,72913,425,Normal,0,NF-BoT-IoT-v2
Device_2539,Camera,500.62,490,135.81,0.004539320458893647,0.518,95.11,0.002531088730451256,0.000174566451118643,5135,4.162,360,1929,3217,3,8,16190,5,12541,331,Normal,0,NF-CSE-CIC-IDS2018-v2
Device_2540,Actuator,911.79,309,144.27,0.006603350649001591,2.714,34.1,0.003641778395127274,0.0006693634424810965,2309,7.006,465,1126,82,3,0,54005,28,76053,200,Brute_Force,1,NF-ToN-IoT-v2
Device_2541,Actuator,146.61,27,179.68,0.007472421314214027,1.651,13.51,0.004851918120727615,0.0006185281522668479,9684,5.23,544,295,1466,3,0,58418,15,7451,530,Normal,0,NF-CSE-CIC-IDS2018-v2
Device_2542,Gateway,645.93,281,191.61,0.004594006575494738,0.753,27.07,0.0018071865276351974,0.0006360716595219958,5148,1.209,248,930,708,0,0,29312,5,15708,226,Normal,0,NF-BoT-IoT-v2
Device_2543,Sensor,232.88,21,107.72,0.000926175945804155,4.6,26.1,0.0025708928782787323,0.00023254951820854183,2059,3.563,641,612,2895,0,0,22834,28,69584,220,Normal,0,NF-CSE-CIC-IDS2018-v2
Device_2544,Router,156.76,413,161.71,0.007737253714034172,1.951,75.48,0.002621230803590832,0.0002540637240618452,375,1.722,291,415,2480,3,0,48387,2,17388,200,Normal,0,NF-ToN-IoT-v2
Device_2545,Camera,683.43,310,193.26,0.0005733818921592821,2.417,10.88,0.00496077459998828,0.0007895163565275627,4724,6.768,36,1822,1768,3,0,45776,2,66214,425,Botnet,1,NF-ToN-IoT-v2
Device_2546,Actuator,593.68,201,38.74,0.00720735257705511,4.223,9.84,0.0012421858173218441,0.0006932106548329302,9751,5.863,979,818,521,0,8,49362,28,47995,200,DoS,1,NF-CSE-CIC-IDS2018-v2
Device_2547,Sensor,754.83,241,13.47,0.009117664564393075,1.251,70.89,0.0034090067920766855,0.0008764280506758658,9250,0.432,860,1446,2130,8,8,9859,2,35397,530,Data_Exfiltration,1,NF-CSE-CIC-IDS2018-v2
Device_2548,Gateway,309.46,452,175.1,0.003534993083863183,4.326,57.89,0.0007773254244328925,0.0004094706605990274,1941,0.71,66,1041,1340,0,8,50606,1,18201,150,Brute_Force,1,NF-CSE-CIC-IDS2018-v2
Device_2549,Actuator,447.97,102,47.1,0.0011104116728644857,1.587,44.69,0.004642660307065815,0.0005518545537767753,4245,2.682,797,1653,3499,3,8,5030,5,76854,226,Port_Scan,1,NF-ToN-IoT-v2
Device_2550,Gateway,405.47,487,18.07,0.002405353498929327,3.151,59.66,0.002992871403108322,0.0007413899288711093,5775,7.474,427,1785,1280,0,0,15955,1,67397,425,DDoS,1,NF-BoT-IoT-v2
Device_2551,Camera,984.09,227,40.42,0.005666587484841386,3.586,74.85,0.004311116482493404,0.0009744134193422309,7157,1.356,157,593,3413,11,0,20528,5,5924,226,Brute_Force,1,NF-ToN-IoT-v2
Device_2552,Router,292.25,287,82.98,0.009432331456750254,4.573,14.83,0.004486683567263587,0.0009897354947172388,8281,2.127,555,504,1744,3,0,440,15,86216,220,Botnet,1,NF-ToN-IoT-v2
Device_2553,Actuator,294.82,362,51.66,0.0051715990258725565,3.234,57.56,0.002829838569310323,0.0009991836583534976,587,9.086,787,1566,3170,0,0,30965,2,74641,220,Normal,0,NF-CSE-CIC-IDS2018-v2
Device_2554,Actuator,354.55,496,68.0,0.001216099153147293,2.54,83.32,0.003441835629067172,0.0008916212182341584,2227,5.507,121,1189,742,11,8,22504,2,21021,226,Normal,0,NF-CSE-CIC-IDS2018-v2
Device_2555,Camera,564.59,312,195.31,0.006315053419791747,3.075,39.43,0.003523731136141661,0.0006432543109457072,5505,6.246,192,1444,3379,0,8,57894,2,12237,331,Brute_Force,1,NF-CSE-CIC-IDS2018-v2
Device_2556,Sensor,252.32,38,143.84,0.007355164874200621,1.409,77.49,0.0023563560351929176,1.690124128155823e-05,6804,4.612,476,1797,1672,0,8,57795,28,47502,425,Normal,0,NF-BoT-IoT-v2
Device_2557,Router,915.29,479,145.32,0.003993508332928631,3.601,85.31,0.0022307074117830575,0.0007025483256449786,7365,3.068,354,92,3958,8,8,27792,5,7708,331,DoS,1,NF-BoT-IoT-v2
Device_2558,Actuator,265.69,310,27.99,0.0072429892370196045,1.341,82.99,0.0010123222729929,0.0002462135209755718,5697,2.566,543,1819,2756,0,8,8846,28,51077,200,Port_Scan,1,NF-CSE-CIC-IDS2018-v2
Device_2559,Router,895.82,86,149.1,0.003315745869877979,3.008,66.78,0.001981181346455925,6.659547583714132e-05,2040,5.933,357,1797,1160,0,0,12534,2,24809,425,Normal,0,NF-ToN-IoT-v2
Device_2560,Actuator,103.48,18,150.48,0.007911992500804493,3.414,73.15,0.004954709008673219,0.0007002125846556847,7835,4.763,531,1525,690,8,0,6504,15,20566,226,Normal,0,NF-CSE-CIC-IDS2018-v2
Device_2561,Router,656.56,33,135.35,0.003476614379743683,4.544,79.83,0.001422321727880581,0.0007584508179044314,4450,4.09,480,1406,1354,0,8,667,2,17070,200,Botnet,1,NF-CSE-CIC-IDS2018-v2
Device_2562,Gateway,906.99,24,53.4,0.002635460206846197,2.526,74.7,0.0038359604525129085,0.0006628387889660721,1059,6.974,797,1113,3469,8,8,38927,28,48780,331,Normal,0,NF-ToN-IoT-v2
Device_2563,Actuator,168.75,173,90.38,0.008803895918326593,3.989,47.91,0.0003908026032775299,0.0003715180859780938,6730,4.101,73,949,685,11,0,43397,2,19876,530,DDoS,1,NF-CSE-CIC-IDS2018-v2
Device_2564,Router,968.33,22,170.79,0.005529886869636423,1.254,20.12,0.002390597107297525,0.0005158940828383321,5892,0.464,391,1240,1255,8,8,47451,1,19540,530,Normal,0,NF-CSE-CIC-IDS2018-v2
Device_2565,Sensor,452.88,356,137.34,0.0029230472585426793,1.203,34.42,0.0003862096463940135,0.00093559815072579,2663,8.413,954,1258,791,11,0,48031,1,3054,530,Brute_Force,1,NF-CSE-CIC-IDS2018-v2
Device_2566,Gateway,945.72,181,149.23,0.009357360207505966,2.862,24.69,0.0024314196756587015,0.0007323148563171728,563,3.252,76,1087,3475,8,0,42960,28,44605,220,Normal,0,NF-CSE-CIC-IDS2018-v2
Device_2567,Gateway,676.82,366,121.6,0.006939426637113888,3.184,39.34,0.0002350070579659468,0.0005096373911643425,7771,9.469,188,688,2208,11,0,20760,1,15476,425,Normal,0,NF-CSE-CIC-IDS2018-v2
Device_2568,Sensor,301.59,336,95.42,0.002284933956590115,3.346,51.49,0.003105144380271134,0.0005975146604315615,8307,8.808,691,2009,963,0,8,3622,5,16485,226,Normal,0,NF-ToN-IoT-v2
Device_2569,Router,188.3,209,154.22,0.006184959310468529,3.856,96.11,0.002973894589896514,0.0009284067623628929,1018,2.416,991,200,4030,11,8,53392,5,71219,150,Normal,0,NF-CSE-CIC-IDS2018-v2
Device_2570,Camera,303.74,494,22.91,0.008716552429761344,1.827,96.15,0.004009431790888742,0.00039984469704698074,6187,9.658,338,1077,1679,11,0,47149,28,49931,200,DDoS,1,NF-ToN-IoT-v2
Device_2571,Sensor,93.02,498,137.9,0.006991916111146569,3.302,78.11,0.0029581023907866003,0.00011082527833122937,1713,8.55,476,1903,2840,3,0,18894,1,71845,425,Normal,0,NF-BoT-IoT-v2
Device_2572,Router,143.87,471,199.47,0.0025231155925252912,1.347,98.11,0.004637395895520259,0.0003325679792860407,9114,9.852,306,841,761,11,0,24435,5,46155,226,Port_Scan,1,NF-BoT-IoT-v2
Device_2573,Sensor,104.66,387,158.24,0.006523598454075697,1.485,99.81,0.003937212608964345,0.0004210482125889236,2220,6.812,917,1134,2048,0,0,62260,1,37410,150,Normal,0,NF-CSE-CIC-IDS2018-v2
Device_2574,Sensor,422.94,85,65.21,0.006229677789929989,0.803,89.1,0.0007500169495792179,0.0002802342311618834,3491,9.314,649,1191,2994,3,0,34161,2,20593,200,Normal,0,NF-BoT-IoT-v2
Device_2575,Actuator,795.58,173,62.79,0.008226352269429018,3.862,12.55,0.0014008186226998453,0.0005336826811975498,1981,6.932,162,333,3199,3,0,23858,1,6056,331,Normal,0,NF-ToN-IoT-v2
Device_2576,Router,141.38,381,136.77,0.0018635127102673284,2.781,45.47,0.0002285299290670884,0.00031180929639461656,9031,8.565,802,719,1666,8,0,7569,1,27201,200,Normal,0,NF-ToN-IoT-v2
Device_2577,Camera,130.32,70,180.21,0.007026383203313464,1.572,55.74,0.001992056607706756,0.00011214778952855876,7462,6.143,47,1938,159,11,8,6637,28,70737,220,DDoS,1,NF-BoT-IoT-v2
Device_2578,Actuator,643.43,497,119.81,0.00037096985212365003,3.003,16.79,0.002596727643470306,0.00019618782846999019,5101,9.299,24,418,3681,8,0,17939,2,11748,425,Normal,0,NF-ToN-IoT-v2
Device_2579,Sensor,197.18,474,110.21,0.0069921354762941,2.094,81.82,0.004735136619032126,0.0009189745225889077,7356,5.229,336,1644,3504,8,0,36182,5,44309,200,Normal,0,NF-ToN-IoT-v2
Device_2580,Sensor,97.61,433,40.47,0.009608329308991715,4.267,19.12,0.0026591104181809097,0.0006332996728098517,3943,7.392,284,1597,3480,11,8,6276,5,84009,200,Normal,0,NF-CSE-CIC-IDS2018-v2
Device_2581,Sensor,166.85,254,145.94,0.001826443835871213,2.877,41.42,0.00392703740552044,0.00032116562563541993,9089,9.178,174,1339,3114,8,8,24063,1,44628,425,Port_Scan,1,NF-ToN-IoT-v2
Device_2582,Router,923.73,486,143.44,0.003181867750908188,0.634,11.55,0.0014133176617052159,0.00037324873337543554,6229,4.282,307,360,2553,0,0,3389,15,50459,425,Data_Exfiltration,1,NF-CSE-CIC-IDS2018-v2
Device_2583,Router,821.47,391,193.72,0.005870428563082658,4.933,54.84,0.0008504763425682755,0.0004984493396949349,3310,0.361,879,491,2562,0,8,51046,15,76476,226,Port_Scan,1,NF-ToN-IoT-v2
Device_2584,Actuator,354.06,164,67.04,0.007350710953986832,0.834,61.72,0.004073097643748639,0.000676398733227078,9878,1.219,995,184,1990,11,0,12555,5,31421,226,Normal,0,NF-CSE-CIC-IDS2018-v2
Device_2585,Camera,655.82,266,153.72,0.00350927676500489,3.632,74.84,0.0013123832123354978,0.0005863580909453324,5616,9.722,774,1988,2345,11,0,6736,1,25607,331,Normal,0,NF-BoT-IoT-v2
Device_2586,Actuator,537.28,253,92.47,0.006676163873687363,2.468,37.25,0.004369542076588421,0.000933371143317312,2631,8.745,230,756,1762,3,8,55965,1,62301,220,Normal,0,NF-CSE-CIC-IDS2018-v2
Device_2587,Gateway,677.12,171,116.11,0.009002860046109697,1.622,61.1,0.0009322643908906192,0.0006294913383065863,5587,4.886,703,1746,1244,11,0,11218,2,66168,220,Normal,0,NF-ToN-IoT-v2
Device_2588,Sensor,682.67,77,165.13,0.007292931993520194,3.544,74.74,0.0042727740509740245,0.0009116840598088922,4653,9.613,118,838,2087,11,8,39135,28,29494,331,Normal,0,NF-CSE-CIC-IDS2018-v2
Device_2589,Sensor,628.73,353,52.18,0.007139124904262217,1.067,77.39,0.003886953142364805,1.5375857572919698e-05,2379,1.937,53,518,856,0,8,41871,15,75653,150,Normal,0,NF-CSE-CIC-IDS2018-v2
Device_2590,Sensor,266.1,286,75.15,0.003881509518324498,4.362,33.66,0.003094981298388958,0.000891653877202727,9659,1.199,192,626,2139,0,8,28673,1,61537,200,Normal,0,NF-CSE-CIC-IDS2018-v2
Device_2591,Actuator,39.01,170,156.93,0.009123150157498188,1.628,11.43,0.004266081321330819,0.0007242440020863839,7405,6.054,948,1767,3607,11,8,971,5,17938,226,Normal,0,NF-CSE-CIC-IDS2018-v2
Device_2592,Actuator,455.57,400,118.39,0.0028454971254146698,2.127,8.57,0.0017204795776240614,0.0001804715195709651,9689,3.883,572,1029,3716,3,0,31356,15,33964,425,Normal,0,NF-CSE-CIC-IDS2018-v2
Device_2593,Sensor,890.97,458,27.56,0.002132275530535037,3.347,77.97,0.0009135673137604,0.0002704076390526006,5656,3.464,937,1890,986,0,0,7408,28,51114,425,Normal,0,NF-BoT-IoT-v2
Device_2594,Actuator,569.5,498,91.74,0.003705816943892388,0.505,41.62,0.0008694993080118327,0.0005473818991722427,254,7.368,523,1013,1545,0,0,57460,1,9982,331,Normal,0,NF-ToN-IoT-v2
Device_2595,Router,832.39,268,121.46,0.006536546585311091,2.627,17.72,0.0014247586776969501,0.00013368877379703743,9407,1.585,772,672,2955,8,0,63362,15,69858,425,Botnet,1,NF-CSE-CIC-IDS2018-v2
Device_2596,Router,991.62,316,182.81,0.008630612063325617,4.524,22.53,0.0022865129476822587,0.0007875145864209253,3765,7.807,782,1861,3473,11,8,3847,1,30435,331,Data_Exfiltration,1,NF-CSE-CIC-IDS2018-v2
Device_2597,Actuator,163.62,344,45.81,0.0014075799452384391,3.562,77.78,0.004392512038898011,0.0007932621275602024,6827,3.659,141,979,805,8,8,15908,28,64714,226,DoS,1,NF-BoT-IoT-v2
Device_2598,Sensor,691.78,104,163.13,0.008156641554875613,2.246,61.9,0.0005387246955729089,0.0003079394987685309,1214,9.869,655,222,967,11,8,49588,2,47655,226,Botnet,1,NF-CSE-CIC-IDS2018-v2
Device_2599,Actuator,674.29,447,34.82,0.00814695160722305,3.472,52.63,0.004584686017730272,7.9118834923068e-05,799,8.107,113,83,2097,3,8,63798,15,61481,425,DDoS,1,NF-CSE-CIC-IDS2018-v2
Device_2600,Actuator,979.96,473,56.02,0.005910501630241853,4.715,64.19,0.004634924080666423,0.0009889589846412388,7665,6.498,264,626,1509,8,0,52439,28,74810,150,Normal,0,NF-CSE-CIC-IDS2018-v2
Device_2601,Actuator,985.6,467,56.24,0.007630414601822455,1.345,18.06,0.003663458314279538,0.0002582215904518816,7055,2.372,491,372,438,0,8,50736,2,41978,220,Normal,0,NF-ToN-IoT-v2
Device_2602,Gateway,686.68,255,176.72,0.0019006189117007151,2.893,35.31,0.004511389706767139,7.688306480417161e-05,7209,9.569,344,1755,2973,11,8,39924,2,39496,226,Normal,0,NF-BoT-IoT-v2
Device_2603,Router,243.61,230,47.81,0.0017789014081250629,1.556,40.54,0.0038729344878720147,0.00033666530978972023,8887,0.426,523,556,1736,11,8,37080,28,82037,331,Normal,0,NF-CSE-CIC-IDS2018-v2
Device_2604,Camera,798.56,132,159.52,0.008641720337874399,4.344,34.88,0.0026886747292631926,0.0009693132295525502,1113,2.311,880,1786,687,8,8,12858,5,21365,200,Normal,0,NF-ToN-IoT-v2
Device_2605,Camera,107.03,196,97.74,0.005031669528622214,3.745,87.12,0.003043676108507127,0.000794998336624475,8831,0.464,99,48,2410,8,8,34363,28,8694,150,Normal,0,NF-CSE-CIC-IDS2018-v2
Device_2606,Gateway,780.7,271,199.83,0.002534778421103206,4.105,60.24,0.003178299934740155,0.00048552974901204196,111,9.669,473,273,1112,3,0,31064,1,45196,200,Normal,0,NF-CSE-CIC-IDS2018-v2
Device_2607,Actuator,910.2,422,169.43,0.006918430540302605,4.744,74.29,0.0007217770768172436,0.0003122771175084235,7574,8.727,23,1395,669,0,0,43085,5,14222,425,DoS,1,NF-ToN-IoT-v2
Device_2608,Gateway,382.83,282,150.54,0.008929564152648787,1.545,27.49,0.001045965273835801,0.000429073037561994,4559,9.526,239,1725,2177,3,0,52342,2,51650,200,DoS,1,NF-BoT-IoT-v2
Device_2609,Gateway,630.64,382,175.44,0.006359994194848074,0.719,30.09,0.002664506746963788,2.7191952148335725e-05,761,7.179,621,1733,2640,0,8,23981,15,52677,425,Normal,0,NF-CSE-CIC-IDS2018-v2
Device_2610,Sensor,430.14,69,130.47,0.0035387159251061705,1.809,26.41,0.0006646187325776148,0.0007211867766269226,4733,0.371,263,682,1708,0,8,61283,2,73608,425,DDoS,1,NF-CSE-CIC-IDS2018-v2
Device_2611,Router,437.77,415,170.29,0.0048840538764008444,2.296,70.36,0.004828398550625944,0.00010864782883632476,7481,9.322,325,1466,1478,11,8,50494,15,2908,220,Normal,0,NF-BoT-IoT-v2
Device_2612,Camera,310.37,417,59.61,0.007547467663358862,3.313,38.16,0.002584923664720666,0.0005238472011055641,5674,4.267,672,325,341,0,8,9854,15,6161,530,Normal,0,NF-BoT-IoT-v2
Device_2613,Actuator,762.13,134,28.56,0.0007682621658366365,4.09,43.48,0.0019624221095839917,0.000570186602333944,9714,3.745,732,1083,2121,8,0,11470,28,20390,200,DDoS,1,NF-CSE-CIC-IDS2018-v2
Device_2614,Camera,936.18,346,127.03,0.0022499287079687782,2.074,72.37,0.0008719461841986401,1.1672876559270951e-05,5971,2.913,684,1465,3481,11,0,61087,28,58895,331,Data_Exfiltration,1,NF-CSE-CIC-IDS2018-v2
Device_2615,Camera,940.75,350,92.59,0.004679573547829528,2.631,97.32,0.0021410160976284127,0.000980079839717657,9537,2.939,387,390,1228,3,8,5441,2,65891,331,Brute_Force,1,NF-BoT-IoT-v2
Device_2616,Router,174.78,60,91.02,0.006081985544561278,4.035,20.38,0.0015818883162634894,0.00030911764731199776,679,8.026,606,704,3945,0,8,43604,28,13533,226,Normal,0,NF-BoT-IoT-v2
Device_2617,Camera,874.74,187,110.08,0.003457739351319012,1.514,10.95,0.0005308431388899698,8.645200848219467e-05,8553,2.638,122,1051,91,11,0,60419,2,62115,220,Normal,0,NF-ToN-IoT-v2
Device_2618,Camera,737.43,148,78.66,0.003054070126511819,1.477,23.51,0.0048383259466663045,0.0008558446726768953,595,2.299,300,1471,3235,8,0,25244,28,66376,226,Normal,0,NF-BoT-IoT-v2
Device_2619,Gateway,252.84,449,128.95,0.0005097035374272409,3.152,74.82,0.001398392670639839,0.0001604330780108318,4325,7.01,709,213,1274,3,0,40112,28,8625,530,DDoS,1,NF-ToN-IoT-v2
Device_2620,Router,67.28,336,15.81,0.0004227575433093307,2.462,23.49,0.0034833041864542687,3.4705584862243645e-05,6034,2.946,563,952,3914,11,8,23900,15,72346,200,Normal,0,NF-BoT-IoT-v2
Device_2621,Sensor,268.0,179,194.28,0.0028590790575979733,4.77,60.51,0.0005474802589298714,0.0004997437727969683,2236,0.23,317,823,2504,11,8,22294,5,22400,331,DDoS,1,NF-CSE-CIC-IDS2018-v2
Device_2622,Actuator,912.21,48,185.69,0.005352010390886477,2.107,61.08,0.004574528145701185,0.00013861781593959766,5163,9.324,819,1991,2831,8,8,31618,28,72411,226,Port_Scan,1,NF-CSE-CIC-IDS2018-v2
Device_2623,Camera,633.18,78,187.7,0.005608077814809574,3.918,32.97,0.002994682112646827,0.000982598835690342,5551,3.204,929,698,912,8,0,10549,28,14688,331,Brute_Force,1,NF-BoT-IoT-v2
Device_2624,Actuator,721.05,245,79.35,0.004990872179382003,3.124,11.53,0.003318672801845399,2.030687674639067e-05,8921,7.667,20,1869,3446,0,8,38651,2,18641,425,DoS,1,NF-ToN-IoT-v2
Device_2625,Sensor,257.15,57,111.06,0.00415781877162806,0.746,42.92,0.003930743367277455,6.0685370746745654e-05,8797,4.743,542,757,324,3,8,42900,15,32641,226,Brute_Force,1,NF-CSE-CIC-IDS2018-v2
Device_2626,Actuator,719.39,390,191.28,0.0025976867336870756,0.88,22.74,0.003068985110458909,0.0008349511267349793,7397,1.427,889,1395,3204,11,0,19535,15,40887,150,Port_Scan,1,NF-CSE-CIC-IDS2018-v2
Device_2627,Sensor,28.12,66,181.45,0.004066874872768544,1.414,22.52,0.0004474465462249526,0.0002473541790776457,306,6.653,300,384,101,8,0,53291,5,72699,220,Normal,0,NF-CSE-CIC-IDS2018-v2
Device_2628,Gateway,375.32,286,160.15,0.0014737236573165837,1.144,54.65,0.0022049538757975477,0.0009124807858501047,3230,2.392,470,100,1153,8,0,7059,5,1468,226,Normal,0,NF-CSE-CIC-IDS2018-v2
Device_2629,Camera,626.75,347,87.39,0.0012410663673577645,1.982,68.95,0.001383947457322609,0.00031802568294021023,1954,2.95,86,508,1562,11,8,64994,5,29652,200,Normal,0,NF-CSE-CIC-IDS2018-v2
Device_2630,Sensor,146.1,108,117.22,0.003069438242456535,3.105,12.16,0.0024849134013378007,7.908482484680168e-05,5678,0.421,742,356,3629,8,8,63416,28,76641,331,Brute_Force,1,NF-CSE-CIC-IDS2018-v2
Device_2631,Actuator,823.0,413,160.65,0.009953953084629475,3.211,59.94,0.0020811932922405164,2.0485881051120266e-05,5364,0.262,669,1549,3882,8,0,57796,2,75742,331,DoS,1,NF-ToN-IoT-v2
Device_2632,Camera,235.03,24,61.87,0.003332319780412345,3.145,28.39,0.004150012274764353,0.00028974160428660414,7577,5.185,405,1350,530,0,8,9199,1,33530,220,DDoS,1,NF-BoT-IoT-v2
Device_2633,Gateway,652.28,334,129.03,0.009370918264515542,1.029,68.96,0.0013105330058278775,0.0004789932697409403,1760,0.672,978,1264,2175,11,8,13017,2,835,425,Brute_Force,1,NF-CSE-CIC-IDS2018-v2
Device_2634,Camera,405.2,470,167.31,0.003983395243100171,3.201,81.97,0.001086375190461947,1.1005949816809204e-05,8184,2.173,693,1212,2858,0,8,58566,15,60481,220,DDoS,1,NF-CSE-CIC-IDS2018-v2
Device_2635,Sensor,596.04,188,144.42,0.004446198912876133,2.344,81.67,0.004794622847707817,0.0005852961305184553,7648,9.246,112,1130,3800,3,0,63155,5,57555,150,Brute_Force,1,NF-CSE-CIC-IDS2018-v2
Device_2636,Gateway,107.45,341,101.1,0.007990922543702072,4.564,40.14,0.00475263140805698,0.0003403249430879845,5079,0.92,139,1909,1267,8,0,60623,1,79303,425,Normal,0,NF-CSE-CIC-IDS2018-v2
Device_2637,Actuator,16.91,71,121.08,0.0010270194417298214,4.604,58.89,0.004967978328096245,0.0003962519940687873,5146,2.979,10,318,2789,0,0,8080,15,20093,530,Botnet,1,NF-CSE-CIC-IDS2018-v2
Device_2638,Gateway,909.56,128,197.85,0.0019049019035770312,3.957,80.4,0.002885064839777052,0.0002687968387161256,8576,7.293,291,1286,2956,11,0,57537,5,36866,530,Brute_Force,1,NF-CSE-CIC-IDS2018-v2
Device_2639,Gateway,269.63,478,124.38,0.009741018623254626,3.664,10.78,0.000654405406886093,0.0005337547533866522,818,8.855,922,1632,2076,3,8,1035,1,60549,425,Botnet,1,NF-CSE-CIC-IDS2018-v2
Device_2640,Router,819.68,46,159.27,0.005108581665610878,1.017,62.53,0.0044128219296122664,0.0002378213957484624,8793,0.557,379,1326,1874,3,8,56249,2,11375,226,Port_Scan,1,NF-BoT-IoT-v2
Device_2641,Gateway,999.35,143,148.05,0.00053866585386544,0.881,84.47,0.0008110634228624389,0.0001434738652949058,357,1.936,882,114,2210,0,0,47820,15,64053,150,Normal,0,NF-CSE-CIC-IDS2018-v2
Device_2642,Gateway,211.43,464,143.28,0.0005690692572549001,4.284,40.37,0.000862412197542865,0.0008917406112275645,5005,3.94,940,1641,3672,0,0,56708,28,50885,226,Normal,0,NF-CSE-CIC-IDS2018-v2
Device_2643,Camera,265.17,35,146.11,0.009081682769396188,2.422,48.26,0.0010476480806818308,0.00039664943320024694,2697,3.674,238,1320,367,8,8,24399,1,24943,425,Normal,0,NF-CSE-CIC-IDS2018-v2
Device_2644,Actuator,662.86,499,96.34,0.008746314386631305,2.531,71.38,0.0033017522934261547,8.61610467187819e-05,8112,2.956,644,300,1160,0,8,50301,1,55428,226,Normal,0,NF-CSE-CIC-IDS2018-v2
Device_2645,Camera,965.45,17,100.09,0.0046381511587564915,4.315,11.45,0.0006252753608138802,0.00023801952702066814,9531,2.499,330,919,4092,0,0,14683,2,44325,220,Normal,0,NF-CSE-CIC-IDS2018-v2
Device_2646,Camera,915.81,466,98.89,0.0017158986508515278,3.296,41.64,0.003913579982157653,0.00031684351871880866,6898,2.76,185,332,3682,0,8,40007,2,78084,220,DDoS,1,NF-BoT-IoT-v2
Device_2647,Sensor,502.88,484,16.32,0.00831981760298855,1.307,33.09,0.00038543282019446546,0.0007719498462550554,3113,1.421,807,1053,1010,3,0,8631,15,55952,226,DoS,1,NF-ToN-IoT-v2
Device_2648,Camera,795.11,13,55.8,0.00331354106206854,1.45,6.61,0.0006411881472919187,3.2032939584055675e-05,5324,1.717,720,121,1230,11,8,58075,28,3328,425,Normal,0,NF-ToN-IoT-v2
Device_2649,Router,135.75,30,39.37,0.004248678146764644,0.529,23.62,0.0022289869941659896,0.0004834669935933332,4717,6.107,762,1957,277,0,0,20781,5,82677,425,Normal,0,NF-CSE-CIC-IDS2018-v2
Device_2650,Router,977.44,424,178.42,0.006856516152588249,3.698,42.61,0.0019579403595545134,0.0004136155605031507,5164,2.993,425,391,3852,3,8,52807,1,11793,425,Normal,0,NF-BoT-IoT-v2
Device_2651,Sensor,964.35,158,62.24,0.003598643698735779,2.685,23.76,0.004949570515147427,0.0009687163976185751,987,4.057,862,1355,2416,3,0,31068,1,44010,425,Normal,0,NF-BoT-IoT-v2
Device_2652,Actuator,163.73,497,36.3,0.0063238322743131015,4.775,62.23,0.004837633387921646,0.00018827426217364536,7381,4.178,323,1057,1501,0,0,20600,15,70524,220,Port_Scan,1,NF-CSE-CIC-IDS2018-v2
Device_2653,Actuator,299.42,34,32.76,0.008864298833381586,3.713,47.62,0.0010294408560425651,0.0006315920387020817,844,1.186,482,1468,4052,3,8,33553,5,19351,425,Normal,0,NF-ToN-IoT-v2
Device_2654,Camera,100.15,496,143.0,0.007993995360867328,0.964,8.75,0.004738661170884467,0.0002101749162418023,7336,8.213,601,1231,1816,8,0,14323,5,36821,425,Normal,0,NF-ToN-IoT-v2
Device_2655,Camera,271.72,152,11.16,0.0038779496312848884,1.227,31.13,0.0034920833296586337,0.0005529378336301226,3536,9.568,358,1180,408,11,8,54571,5,30236,226,Port_Scan,1,NF-BoT-IoT-v2
Device_2656,Camera,815.96,254,99.55,0.0029505718915669747,2.758,6.85,0.002103331511112846,0.0005595126001886513,5263,2.709,362,811,807,8,0,18986,15,51195,220,Botnet,1,NF-CSE-CIC-IDS2018-v2
Device_2657,Actuator,378.32,428,32.59,0.002926553442521634,4.662,39.02,0.0037241915675886124,8.459326255986774e-05,1804,3.015,36,758,1685,11,0,45263,1,67399,530,Normal,0,NF-CSE-CIC-IDS2018-v2
Device_2658,Gateway,88.4,442,171.44,0.0035510523887281723,1.613,29.62,0.004510690731962079,0.00046188678125525944,8502,6.962,516,1937,2605,3,0,6617,2,45088,530,Data_Exfiltration,1,NF-BoT-IoT-v2
Device_2659,Router,342.23,52,192.11,0.004985818168575246,4.215,70.38,0.0009826936136149776,0.0004665445468803635,4164,0.898,746,1634,1768,0,0,20693,1,77159,200,Data_Exfiltration,1,NF-CSE-CIC-IDS2018-v2
Device_2660,Gateway,981.38,434,192.16,0.0042243150588700375,1.905,34.2,0.0010603228807505394,0.0003259453074007251,5326,9.082,330,1233,1986,0,0,1358,2,61311,226,DoS,1,NF-ToN-IoT-v2
Device_2661,Gateway,629.68,302,93.97,0.0014167398077778127,1.715,40.64,0.0021027317349155356,0.0002843869681507779,2056,1.294,269,1834,1212,3,0,43084,2,62814,425,Normal,0,NF-BoT-IoT-v2
Device_2662,Actuator,416.16,194,132.46,0.0017182129975056924,4.556,73.91,0.0009291376795418464,0.00023205499437504285,1802,7.347,70,36,2952,0,8,42133,15,58281,331,Normal,0,NF-CSE-CIC-IDS2018-v2
Device_2663,Gateway,166.54,51,123.94,0.0034950031330420158,0.713,50.69,0.0018659476799584972,1.588166115592305e-05,4314,2.986,519,1868,2519,3,0,30971,5,38465,200,Brute_Force,1,NF-CSE-CIC-IDS2018-v2
Device_2664,Sensor,986.18,440,76.51,0.005664434590582688,3.473,57.86,0.0032638884826063186,1.1798121644083576e-05,8777,3.3,668,1769,1323,8,8,43579,15,13525,150,DDoS,1,NF-CSE-CIC-IDS2018-v2
Device_2665,Camera,820.85,101,94.37,0.005967373106321598,0.694,84.93,0.004082808814135888,0.0005938893386826883,2601,1.494,955,148,4014,3,8,212,2,43217,425,DDoS,1,NF-CSE-CIC-IDS2018-v2
Device_2666,Sensor,281.48,326,22.22,0.004913449942476638,4.103,24.65,0.0015794811946584575,0.0002985492720292806,5227,6.499,378,1045,3103,3,8,7742,1,61594,220,Brute_Force,1,NF-CSE-CIC-IDS2018-v2
Device_2667,Router,70.07,407,161.18,0.007413881223954396,4.232,98.97,0.0014804803506437063,0.00017620976922536844,4707,7.97,293,462,720,8,8,20977,2,30397,150,Normal,0,NF-ToN-IoT-v2
Device_2668,Camera,56.63,333,55.75,0.007398763008691693,4.52,90.51,0.00392074052550697,0.0006878878534571768,9358,9.507,911,421,680,8,8,30487,15,13781,331,Normal,0,NF-BoT-IoT-v2
Device_2669,Gateway,120.38,62,97.5,0.004333511969705148,1.337,32.22,0.0019670285074122945,0.000533615523784651,6637,3.382,286,1903,2455,3,8,62144,1,81320,220,Port_Scan,1,NF-BoT-IoT-v2
Device_2670,Router,580.77,93,101.32,0.0013319640265333484,1.06,89.83,0.004110529302557323,0.0009158086941124387,4156,6.25,360,1534,839,8,0,40988,5,47518,150,Normal,0,NF-CSE-CIC-IDS2018-v2
Device_2671,Camera,928.76,43,116.54,0.00534873022069452,2.766,76.63,0.004967563569613145,0.0008327067677012831,297,4.208,586,1526,1733,11,8,35712,15,10266,200,Normal,0,NF-BoT-IoT-v2
Device_2672,Gateway,496.74,85,165.4,0.0038765437335389432,1.722,93.42,0.004900376512320214,0.0007294618991889674,7731,5.623,524,1405,3656,8,0,28539,28,67576,150,Normal,0,NF-CSE-CIC-IDS2018-v2
Device_2673,Sensor,842.95,362,141.46,0.001465437598660663,3.228,70.66,0.003347166078751716,0.00013531613761316426,5063,1.713,337,775,3662,0,0,40448,2,74421,220,Brute_Force,1,NF-CSE-CIC-IDS2018-v2
Device_2674,Camera,445.89,417,135.98,0.009819990378651909,2.812,69.08,0.0019385447357495077,0.0006694278515691749,8068,5.859,624,115,2175,8,0,6216,5,41317,200,Port_Scan,1,NF-BoT-IoT-v2
Device_2675,Gateway,708.58,413,110.08,0.003760578353873012,1.152,5.33,0.00042090031143613706,0.0006969871785082534,1415,8.506,542,632,2071,8,0,58132,5,78442,331,Normal,0,NF-CSE-CIC-IDS2018-v2
Device_2676,Sensor,731.87,206,28.23,0.006295398612250187,3.827,50.09,0.0037163991003135977,0.0007656992640749636,6396,8.65,897,1282,3825,3,0,51405,1,74022,425,Normal,0,NF-ToN-IoT-v2
Device_2677,Router,173.96,495,86.38,0.004952275727232307,4.117,24.03,0.004892039481160896,0.00027050139651983517,8202,4.886,36,484,565,8,8,3739,15,17880,150,Normal,0,NF-BoT-IoT-v2
Device_2678,Router,361.22,295,191.89,0.0015139999642459845,4.834,35.79,0.0004331238697565778,0.0006438945286271138,4962,2.434,488,1502,1723,11,0,32401,2,74851,226,DDoS,1,NF-BoT-IoT-v2
Device_2679,Router,637.3,97,199.15,0.0006498818713884488,2.28,97.99,0.0001302217820411367,0.0006220956736997144,9473,8.383,379,1166,3146,3,0,14330,28,5684,220,DDoS,1,NF-ToN-IoT-v2
Device_2680,Router,70.7,244,148.79,0.006295117209311394,2.02,13.12,0.004175703363250416,0.0003914569493133776,3441,9.994,344,354,670,11,8,65376,2,1266,226,Normal,0,NF-BoT-IoT-v2
Device_2681,Actuator,361.54,241,53.23,0.0025455165164440675,1.365,73.64,0.000601068913987362,0.0006668719105651198,7847,3.834,230,1998,3767,0,8,22579,15,82559,226,Normal,0,NF-CSE-CIC-IDS2018-v2
Device_2682,Camera,534.8,16,29.36,0.0025121745961757787,1.314,21.43,0.0004999526041833394,9.582860570320126e-05,8548,9.251,789,1985,493,3,0,25578,5,59383,150,Botnet,1,NF-CSE-CIC-IDS2018-v2
Device_2683,Camera,996.22,301,88.81,0.009574064278132075,1.945,5.7,0.004560646734293575,0.0006470699709107686,2662,9.836,618,1579,3436,3,8,63809,28,64397,226,Normal,0,NF-BoT-IoT-v2
Device_2684,Actuator,474.53,47,172.75,0.004671555712681785,4.918,52.63,0.0004898479771922186,0.0006099554283705398,1767,4.017,800,1594,1068,0,8,60018,1,25155,530,Normal,0,NF-CSE-CIC-IDS2018-v2
Device_2685,Gateway,816.06,473,147.15,0.0003913180583568235,0.915,20.32,0.0006586865083995881,0.00021851816318154693,6414,7.191,762,2020,1333,0,0,9441,15,65312,425,DDoS,1,NF-ToN-IoT-v2
Device_2686,Gateway,432.07,61,177.94,0.0034644428799830876,1.667,96.72,0.002890911008821497,0.0008200314833246704,6513,5.853,575,1160,1676,11,0,42583,2,4324,200,Normal,0,NF-BoT-IoT-v2
Device_2687,Router,796.39,152,127.0,0.005886466268297045,0.887,24.35,0.003808389447863127,0.0008756698602600762,2748,7.25,978,1141,157,8,0,15421,15,27803,425,Normal,0,NF-BoT-IoT-v2
Device_2688,Sensor,595.41,439,34.76,0.003352817443319496,1.731,23.24,0.002057904067699713,0.00021837910778112288,5834,1.626,397,995,2426,3,0,22546,1,84814,331,Normal,0,NF-ToN-IoT-v2
Device_2689,Gateway,886.6,416,31.81,0.00036583434493800887,0.916,8.06,0.0021608868873829127,8.520147339483146e-05,8928,3.731,421,534,2264,3,8,14081,2,63498,530,Normal,0,NF-ToN-IoT-v2
Device_2690,Sensor,410.94,405,19.12,0.004498681528120681,2.787,36.33,0.003199867337040579,0.000607539708906134,8299,0.722,556,537,1327,11,8,7877,28,57336,331,Normal,0,NF-CSE-CIC-IDS2018-v2
Device_2691,Camera,604.3,230,117.75,0.0011484727281303008,2.473,7.29,0.002576583944670828,0.00048511835171346487,1679,6.171,661,916,2251,3,0,28982,2,67789,226,Normal,0,NF-CSE-CIC-IDS2018-v2
Device_2692,Sensor,630.02,437,56.15,0.006229684244160774,1.283,52.39,0.00019127863461081571,0.0004333182869694372,7715,9.274,402,1211,1684,0,0,59982,2,61856,220,DoS,1,NF-ToN-IoT-v2
Device_2693,Camera,417.38,249,149.53,0.006233912292204612,1.287,53.03,0.0006565576127337794,0.0007633982467432602,234,5.647,488,1766,279,3,0,60856,1,68406,226,Port_Scan,1,NF-CSE-CIC-IDS2018-v2
Device_2694,Actuator,144.31,152,140.39,0.0004738154820241671,3.317,10.06,0.002949840076074473,0.000969966013113826,4220,0.796,46,527,2905,8,0,23050,2,85668,220,Normal,0,NF-ToN-IoT-v2
Device_2695,Actuator,93.56,358,70.44,0.0029775959898338347,2.242,27.81,0.003988946297519544,0.0004828870821824347,2612,9.311,687,972,433,0,0,24569,15,75626,425,DoS,1,NF-CSE-CIC-IDS2018-v2
Device_2696,Router,16.67,372,43.59,0.004195494011016139,0.753,84.05,0.003839205412606784,1.6093527987027197e-05,6205,1.416,154,1025,1035,11,0,51855,5,45718,530,Data_Exfiltration,1,NF-ToN-IoT-v2
Device_2697,Gateway,873.53,391,29.46,0.005547614568805863,4.641,48.94,0.00372627714053886,0.0006003044631929943,6947,8.841,261,417,3428,11,8,40691,1,72267,331,Brute_Force,1,NF-CSE-CIC-IDS2018-v2
Device_2698,Router,236.47,58,150.09,0.0030310279541111316,2.322,46.29,0.0038792358194198566,0.000657426213408541,8148,7.171,645,1704,2352,3,0,84,1,48374,200,Normal,0,NF-CSE-CIC-IDS2018-v2
Device_2699,Camera,211.51,286,95.58,0.0029486904742588417,3.16,71.38,0.000317773033990163,0.0008297381229353731,6645,6.4,287,1518,1044,0,8,64445,1,70984,220,Normal,0,NF-BoT-IoT-v2
Device_2700,Router,736.04,280,71.47,0.009831850046877567,4.484,72.91,0.0044859976683166835,0.00020741291128515625,6132,5.91,668,1598,1622,0,0,54810,15,29498,331,DDoS,1,NF-CSE-CIC-IDS2018-v2
Device_2701,Sensor,320.02,23,172.76,0.0005144416776369091,2.31,77.39,0.004457487215537206,0.0005290843571837417,1332,1.398,845,707,2432,0,8,24341,15,64880,150,DoS,1,NF-BoT-IoT-v2
Device_2702,Camera,506.04,307,122.79,0.009891549599502404,4.193,83.9,0.002706427546578308,0.0004526601853854718,9245,5.058,753,1168,2156,3,0,63490,15,82035,226,DoS,1,NF-BoT-IoT-v2
Device_2703,Actuator,162.51,473,108.42,0.0005727442166761257,4.616,27.06,0.0013181122281169504,0.0006677960565510045,9830,2.047,331,1928,3721,3,8,4866,15,69343,425,Normal,0,NF-ToN-IoT-v2
Device_2704,Gateway,959.75,24,151.24,0.00295458013516739,1.283,11.31,0.0030016745166290236,7.330363306613307e-05,1007,5.761,639,1838,4066,11,8,46322,2,28403,530,Normal,0,NF-BoT-IoT-v2
Device_2705,Camera,851.58,243,164.96,0.004987539464196567,4.516,41.13,0.002833641039238904,0.0008851728023825295,9972,4.529,705,896,677,8,0,12692,1,48383,220,Port_Scan,1,NF-CSE-CIC-IDS2018-v2
Device_2706,Camera,863.79,72,140.35,0.0015186535958418197,1.039,86.23,0.0011924903176820307,0.0005160458301958957,5753,6.829,472,1501,4079,0,0,3114,1,3602,200,Port_Scan,1,NF-CSE-CIC-IDS2018-v2
Device_2707,Sensor,406.77,205,93.6,0.001434978988935366,1.738,12.41,0.0030553378767504786,0.0008782749905202902,5258,9.827,269,318,347,3,0,57029,28,35512,226,Normal,0,NF-CSE-CIC-IDS2018-v2
Device_2708,Gateway,762.36,36,82.07,0.0026374958612833638,4.137,59.72,0.0040067411688929876,0.0003468347605445066,6026,3.674,634,954,1984,3,0,3672,5,71535,425,Normal,0,NF-ToN-IoT-v2
Device_2709,Actuator,143.88,480,156.62,0.009737721117378337,4.553,71.6,0.004049923637251755,0.0006569869924942212,4189,6.205,658,1825,2098,8,0,61672,2,19285,425,Normal,0,NF-CSE-CIC-IDS2018-v2
Device_2710,Camera,8.62,102,108.4,0.0038631569028581853,3.579,50.73,0.00039251932917158043,0.0009571578978163168,8910,8.658,664,232,3719,3,8,29179,5,2956,425,DoS,1,NF-BoT-IoT-v2
Device_2711,Camera,19.97,114,143.83,0.005703348898865,0.972,29.24,0.0010661002278810755,0.0009439453988026818,7879,1.02,157,842,3688,3,0,5924,2,81245,331,Normal,0,NF-BoT-IoT-v2
Device_2712,Sensor,586.6,318,179.18,0.0070724848835782995,2.853,36.0,0.0033742944669066573,0.0009446617272235049,6003,8.022,668,914,1878,3,8,34141,2,64306,425,DoS,1,NF-CSE-CIC-IDS2018-v2
Device_2713,Router,455.39,61,184.02,0.0074479961716896834,3.077,11.81,0.004313176532530081,5.2517372111762335e-05,7190,2.47,614,1434,1299,0,8,42423,2,82997,530,Brute_Force,1,NF-BoT-IoT-v2
Device_2714,Actuator,518.02,328,62.77,0.006911605566819014,1.768,32.8,0.0026539637040011556,0.0004089858409647775,2944,5.449,429,544,735,8,0,26150,1,5623,530,Normal,0,NF-BoT-IoT-v2
Device_2715,Gateway,7.46,466,45.7,0.003435589112598076,4.961,9.22,0.003566875774841404,7.017344487328787e-05,4401,9.916,885,1778,2198,11,0,5011,5,42833,530,DoS,1,NF-CSE-CIC-IDS2018-v2
Device_2716,Camera,422.69,190,59.64,0.0012061054908250185,2.01,74.0,0.00020325285221881278,0.00031638224314233155,8988,9.842,982,1320,3142,8,0,38720,5,9463,331,DDoS,1,NF-CSE-CIC-IDS2018-v2
Device_2717,Camera,718.07,66,152.76,0.0028889931057987876,1.446,90.31,0.0030812619782384565,0.00018283231414289064,4403,3.226,852,1243,1546,8,0,56482,15,45581,530,Botnet,1,NF-CSE-CIC-IDS2018-v2
Device_2718,Actuator,442.69,129,80.31,0.0021819227450181155,0.996,65.18,0.004813354807739348,0.0006239360498707766,8696,1.404,252,929,2294,11,8,29994,5,51912,331,DDoS,1,NF-ToN-IoT-v2
Device_2719,Router,732.22,317,42.94,0.0014491453182062363,2.203,67.39,0.003338971574460416,0.0007829386897527423,9802,9.388,267,388,1415,11,8,27609,15,27515,220,Normal,0,NF-ToN-IoT-v2
Device_2720,Camera,233.02,372,28.69,0.0003425176443410252,3.617,49.85,0.004619151011341567,0.0005182134956107674,7649,8.946,819,1296,2410,3,8,12308,28,61378,425,DoS,1,NF-CSE-CIC-IDS2018-v2
Device_2721,Actuator,813.14,52,72.19,0.0093636859056783,1.541,19.82,0.002873446344842261,0.0007975183425649037,5062,6.199,59,2009,2509,3,8,29705,15,65595,150,DDoS,1,NF-CSE-CIC-IDS2018-v2
Device_2722,Sensor,588.43,144,35.87,0.009218240426798849,3.963,5.73,0.004232555815102046,2.2685163640168897e-05,957,0.421,852,1248,77,3,0,59436,2,6376,150,Normal,0,NF-CSE-CIC-IDS2018-v2
Device_2723,Router,210.76,382,39.71,0.0005991283557386758,1.109,37.68,0.0007083958004600229,0.0008222716010126037,2492,7.538,617,1165,2211,0,8,19036,1,49905,331,Normal,0,NF-CSE-CIC-IDS2018-v2
Device_2724,Gateway,236.72,435,139.94,0.001813537270921978,2.482,76.39,0.000705214988145401,0.00018657662244191847,6871,1.692,781,939,819,0,0,64514,2,62147,226,Normal,0,NF-BoT-IoT-v2
Device_2725,Camera,628.03,269,13.75,0.0014810546674816573,3.661,96.24,0.0006888787130593933,0.0004663265423907262,7659,9.436,559,2006,232,8,8,51242,28,84040,530,Normal,0,NF-BoT-IoT-v2
Device_2726,Actuator,829.94,206,32.34,0.002884107050773022,1.109,45.95,0.0024953628049798745,0.0004481597597441367,4382,4.408,600,2041,2343,0,8,27827,1,80315,200,Normal,0,NF-ToN-IoT-v2
Device_2727,Sensor,415.63,142,170.43,0.002120281817739537,3.19,39.71,0.0017182914481018638,0.0008744239738731984,119,6.19,171,937,1198,0,8,296,28,50757,226,Data_Exfiltration,1,NF-ToN-IoT-v2
Device_2728,Gateway,258.3,468,170.53,0.009463950020238766,4.095,47.37,0.0036240106833310757,0.0009663193558111279,5557,2.883,664,1554,3482,11,8,63864,2,35288,220,Normal,0,NF-ToN-IoT-v2
Device_2729,Actuator,867.01,264,72.56,0.0009332873219460181,3.18,45.64,0.004522847380071946,0.00026256975687215684,2520,4.803,688,1678,3475,3,0,1130,1,56393,150,Normal,0,NF-CSE-CIC-IDS2018-v2
Device_2730,Actuator,669.27,498,26.71,0.002195541187344582,2.802,64.46,0.003134936660010061,7.6739040867269e-05,8023,7.571,319,1120,2725,11,0,52136,28,54558,200,Brute_Force,1,NF-CSE-CIC-IDS2018-v2
Device_2731,Gateway,448.09,229,143.94,0.000899160715370853,4.272,74.74,0.0011447317248830385,0.000654016564630298,166,4.971,657,1120,792,3,8,8908,15,53227,331,Port_Scan,1,NF-CSE-CIC-IDS2018-v2
Device_2732,Sensor,487.9,345,78.43,0.00980581495157992,4.934,79.57,0.004661296650892657,0.0005078121808856764,3233,8.487,837,348,303,8,0,65288,5,83076,331,DDoS,1,NF-ToN-IoT-v2
Device_2733,Sensor,204.26,50,18.64,0.00919229374006035,1.316,66.71,0.0026865009568761145,0.0005700480904915875,885,7.159,822,1802,2351,11,8,23981,2,53146,220,Normal,0,NF-CSE-CIC-IDS2018-v2
Device_2734,Router,626.8,487,39.99,0.00719465273867757,3.611,46.58,0.0036277332103652003,5.580751064229988e-05,6865,0.866,734,126,2844,3,8,53135,15,61295,220,Normal,0,NF-CSE-CIC-IDS2018-v2
Device_2735,Camera,358.74,397,36.07,0.004317133018977143,0.863,95.26,0.004463478667132368,0.0007775567234017663,7835,6.108,398,490,333,11,8,12923,28,26182,425,Brute_Force,1,NF-CSE-CIC-IDS2018-v2
Device_2736,Gateway,995.65,264,121.93,0.0019827635416875262,0.693,72.55,0.004950176467284623,0.0002400298809364247,2232,6.165,15,1764,2651,11,0,11376,28,64347,530,Brute_Force,1,NF-CSE-CIC-IDS2018-v2
Device_2737,Gateway,480.18,11,180.64,0.0022927482776994097,1.764,45.53,0.0025797133505982015,0.00034158741310216437,9721,3.871,969,1858,1373,3,8,22904,1,46809,220,Normal,0,NF-ToN-IoT-v2
Device_2738,Gateway,485.89,204,160.68,0.0044860960847045135,4.869,47.43,0.004059507321550002,0.00023607017542388013,1518,3.295,462,426,2446,0,0,28718,15,44269,220,DDoS,1,NF-CSE-CIC-IDS2018-v2
Device_2739,Sensor,565.85,251,113.84,0.007705404446231168,2.985,82.71,0.002877648620059386,0.0009464851149861312,3790,0.723,138,1251,1653,11,8,16027,28,58791,331,Normal,0,NF-CSE-CIC-IDS2018-v2
Device_2740,Camera,916.76,158,90.21,0.002720822010389693,1.707,46.85,0.002483624335379449,0.0001770345983751793,1647,4.517,762,1605,506,8,0,9499,1,55654,331,Normal,0,NF-ToN-IoT-v2
Device_2741,Router,800.82,207,127.55,0.003176839934093002,1.097,54.05,0.00273479134445382,0.0007349958139779879,458,3.432,150,1937,788,0,8,37194,5,3435,220,DoS,1,NF-ToN-IoT-v2
Device_2742,Actuator,451.13,308,94.32,0.006039448484904259,4.641,32.7,0.0024729486947263502,0.00025328982099915133,1662,9.516,863,1094,971,11,8,53483,5,31455,331,DDoS,1,NF-ToN-IoT-v2
Device_2743,Actuator,718.7,254,56.76,0.0024535206865547105,2.131,84.7,0.002163037782093935,0.00043067042291722627,4486,6.774,781,180,1590,8,0,9053,1,7766,220,Normal,0,NF-ToN-IoT-v2
Device_2744,Gateway,586.24,347,139.05,0.005883764350798756,1.88,54.62,0.00364623138351854,0.0009961012584004014,2277,4.655,593,407,2481,8,8,24202,15,37526,200,DoS,1,NF-BoT-IoT-v2
Device_2745,Camera,492.37,117,175.92,0.003932595843395618,4.361,57.49,0.0013234114981435301,0.00010957097679973555,3910,7.571,577,1731,1207,3,8,47388,1,48083,220,Port_Scan,1,NF-CSE-CIC-IDS2018-v2
Device_2746,Sensor,192.32,462,80.85,0.0004402452384233456,3.22,88.66,0.0031202691824494025,0.0008825456387757083,578,7.81,654,397,138,0,8,47857,1,70258,425,Normal,0,NF-CSE-CIC-IDS2018-v2
Device_2747,Camera,463.94,402,169.89,0.004086742733696443,1.259,92.45,0.0035935048710457043,0.0009465893973061902,747,4.857,300,1787,2534,0,8,48567,15,70087,220,Normal,0,NF-BoT-IoT-v2
Device_2748,Camera,245.82,221,91.91,0.009203300267239534,2.397,83.3,0.004471245083614455,0.0007012450219799864,6775,0.85,423,487,133,3,8,48376,5,11871,200,Brute_Force,1,NF-BoT-IoT-v2
Device_2749,Sensor,914.84,165,86.25,0.00300180760342126,4.677,11.21,0.00172619802979417,1.9862567837970245e-05,363,7.827,419,307,2946,11,0,21195,28,44643,150,DDoS,1,NF-CSE-CIC-IDS2018-v2
Device_2750,Gateway,335.41,35,15.38,0.003296040655421043,4.555,47.13,0.004316935607228715,0.0008225905981914627,7202,0.994,759,1610,808,11,0,64199,5,29608,226,DDoS,1,NF-ToN-IoT-v2
Device_2751,Camera,952.26,91,142.1,0.0007528147917869402,0.815,37.62,0.004731926739496733,0.0008834492083346731,8103,8.49,885,1565,2382,8,0,54328,15,47366,220,DDoS,1,NF-BoT-IoT-v2
Device_2752,Actuator,533.06,92,163.43,0.006188969740836014,1.709,25.28,0.0032785289754344218,0.0009811248153190546,3842,3.408,193,1293,195,8,8,51636,2,784,200,Normal,0,NF-ToN-IoT-v2
Device_2753,Sensor,631.54,140,136.08,0.008507499406553555,1.195,91.35,0.003880021738822764,0.0008409225902725948,6746,6.419,283,436,1185,8,0,42057,15,13608,200,Normal,0,NF-BoT-IoT-v2
Device_2754,Router,542.94,338,38.76,0.0035939366416217066,2.902,89.56,0.0020879641031124794,0.00045113109763345597,9853,7.43,254,194,165,8,8,55291,5,39457,331,Normal,0,NF-CSE-CIC-IDS2018-v2
Device_2755,Gateway,129.38,109,29.63,0.0024784310194478857,3.875,49.2,0.004765463556944995,0.0006917631799269904,5300,0.448,504,1375,3563,3,8,22646,5,47724,425,Brute_Force,1,NF-ToN-IoT-v2
Device_2756,Sensor,375.82,265,118.84,0.0095704573562222,1.83,17.78,0.003387221129923478,0.0004902772268377664,9728,3.908,685,1674,1254,11,0,49722,15,36599,220,DoS,1,NF-BoT-IoT-v2
Device_2757,Router,99.15,488,86.29,0.007476218884455737,3.911,6.27,0.0016197683622270608,0.00035948816602748596,2105,6.081,313,831,1192,8,8,17698,15,60824,425,Port_Scan,1,NF-BoT-IoT-v2
Device_2758,Router,622.95,58,91.53,0.00571491923690432,3.509,46.65,0.0020808806014467117,0.0006301622282192141,3240,8.497,278,835,2053,0,0,41907,15,2561,200,DDoS,1,NF-ToN-IoT-v2
Device_2759,Camera,446.87,410,193.88,0.0031247585468143525,3.777,8.8,0.003127002019244723,0.0007721341152453581,9199,7.206,802,1672,661,8,0,40739,5,61548,425,Normal,0,NF-CSE-CIC-IDS2018-v2
Device_2760,Camera,777.98,72,147.55,0.0022859003779663687,4.767,62.91,0.001247262306110246,0.0006395417788114113,229,8.972,905,1124,1636,8,8,21836,1,15054,150,Brute_Force,1,NF-CSE-CIC-IDS2018-v2
Device_2761,Camera,220.47,320,88.24,0.007185865986104626,2.411,62.8,0.003794180581267431,0.0008283125839697494,9229,0.919,818,1164,1529,11,0,45113,2,66831,150,DDoS,1,NF-BoT-IoT-v2
Device_2762,Sensor,164.57,416,13.63,0.005265709289659708,2.042,90.4,0.0012009884297212513,0.00018461122485407262,3818,0.811,310,211,735,8,0,37363,1,14771,226,Normal,0,NF-ToN-IoT-v2
Device_2763,Sensor,406.33,299,16.48,0.005253938186349514,3.577,23.05,0.002999767059277602,0.0003799576060871279,914,7.164,186,163,698,3,8,41690,5,73410,331,Normal,0,NF-BoT-IoT-v2
Device_2764,Gateway,926.59,114,140.11,0.0008297272048552137,4.134,40.28,0.0035153319136746533,0.00031945995460688764,5949,4.045,868,1574,987,11,0,32487,1,62375,425,Brute_Force,1,NF-CSE-CIC-IDS2018-v2
Device_2765,Camera,710.42,114,169.17,0.005170725319920099,1.362,86.66,0.00431276468874154,0.0002021858682711205,5706,4.868,224,883,2073,11,0,62721,15,57213,331,Botnet,1,NF-CSE-CIC-IDS2018-v2
Device_2766,Router,418.92,334,144.46,0.008245165907290988,4.311,50.06,0.003696112037365772,0.00044874258421049744,114,6.083,574,1510,3779,8,8,11035,28,28518,331,DoS,1,NF-ToN-IoT-v2
Device_2767,Actuator,517.27,24,87.12,0.009473312850178014,0.76,10.67,0.0040142429486061965,0.00094839414413602,5405,9.861,422,1043,3401,3,0,20961,15,73935,220,Normal,0,NF-CSE-CIC-IDS2018-v2
Device_2768,Gateway,84.21,184,15.92,0.001156155735069178,0.529,15.52,0.004573365827339457,0.0005426282087900908,3588,0.765,596,1463,3930,11,8,5588,2,74428,425,DDoS,1,NF-BoT-IoT-v2
Device_2769,Sensor,984.58,268,193.81,0.006348535585920802,1.213,82.28,0.003029080649988154,0.0002935408279366088,8998,1.178,27,1716,2963,0,8,49477,15,3585,150,Normal,0,NF-CSE-CIC-IDS2018-v2
Device_2770,Gateway,666.41,220,197.4,0.005726637782902645,4.904,75.65,0.004246772052243881,0.0003605200121200071,802,8.31,381,1240,2531,8,0,23614,28,39494,530,Brute_Force,1,NF-CSE-CIC-IDS2018-v2
Device_2771,Gateway,285.4,421,114.38,0.008914093660386604,2.856,88.21,0.0012361739320233432,0.0006169449545999565,4941,0.303,320,488,2372,11,8,23731,5,10127,220,Brute_Force,1,NF-CSE-CIC-IDS2018-v2
Device_2772,Gateway,585.81,268,23.43,0.007537315898830229,0.71,16.29,0.004092192536880667,0.0003592192743949495,6675,4.56,131,946,3088,8,8,55099,1,7467,200,Normal,0,NF-BoT-IoT-v2
Device_2773,Gateway,109.48,111,112.78,0.009656092504736601,4.987,77.24,0.0011862650324017533,0.0005429632556914623,4231,7.764,639,1048,1521,0,0,61670,15,23034,226,Brute_Force,1,NF-ToN-IoT-v2
Device_2774,Actuator,965.84,269,179.54,0.009604322122061764,3.852,67.23,0.004679683171839621,0.0002814182945182991,4942,2.033,523,2035,2527,8,8,12121,1,41081,425,Normal,0,NF-CSE-CIC-IDS2018-v2
Device_2775,Camera,174.78,353,139.2,0.002334282424117686,4.271,27.07,0.0017168693535425765,0.000352471958191184,6260,1.951,280,1560,1442,8,8,19619,2,68123,226,Normal,0,NF-CSE-CIC-IDS2018-v2
Device_2776,Router,648.03,168,146.8,0.00728097363181418,1.458,97.52,0.0009420061910605029,0.0007086705802479962,6757,3.171,285,1723,4054,3,0,9575,1,7069,220,Normal,0,NF-BoT-IoT-v2
Device_2777,Gateway,245.45,54,26.14,0.005352178604512455,0.975,59.18,0.0008260269246330893,0.0005887721681274487,6592,1.585,197,1983,3596,3,0,11473,2,49780,425,Brute_Force,1,NF-CSE-CIC-IDS2018-v2
Device_2778,Gateway,717.56,452,30.24,0.0022245597526315236,2.818,91.15,0.0010176338629953785,0.00010255199468024572,5599,6.818,737,541,2812,0,8,64957,2,38462,226,Data_Exfiltration,1,NF-ToN-IoT-v2
Device_2779,Gateway,776.82,310,34.2,0.0020292039139522674,3.975,86.61,0.002292947511959513,0.0009734506933209792,2655,2.081,776,1345,1472,3,8,20457,15,29115,220,DoS,1,NF-BoT-IoT-v2
Device_2780,Camera,673.42,260,181.83,0.0009027349785362364,3.37,36.65,0.0026585320162922886,5.884355372929629e-05,4039,2.346,275,276,2654,11,0,16243,28,20598,331,Port_Scan,1,NF-CSE-CIC-IDS2018-v2
Device_2781,Sensor,614.5,340,109.91,0.007975898236545022,3.34,55.92,0.004577550579367201,9.211017655884718e-05,5051,5.792,68,815,1362,3,8,8746,1,22180,200,Normal,0,NF-BoT-IoT-v2
Device_2782,Sensor,892.47,174,160.4,0.0033125973281380944,3.907,45.98,0.001966972534345708,0.0007043721882537224,3438,9.677,233,1093,3094,11,0,27046,2,57717,331,DoS,1,NF-CSE-CIC-IDS2018-v2
Device_2783,Actuator,78.63,202,31.91,0.008583991469756769,1.522,72.36,0.0011656633130565652,0.000710937958036515,8808,9.147,611,1170,3445,0,8,44164,2,26949,226,Normal,0,NF-CSE-CIC-IDS2018-v2
Device_2784,Sensor,330.91,18,186.25,0.006122322123629825,3.477,60.86,0.0037447234480129698,2.8746177894504167e-05,897,8.659,222,529,1983,0,8,15065,2,84628,200,DDoS,1,NF-CSE-CIC-IDS2018-v2
Device_2785,Gateway,248.29,410,166.02,0.006768970212900762,2.264,79.56,0.0007598065988501691,0.000646326360468962,8776,5.356,453,1392,3041,8,8,24778,5,83291,530,Normal,0,NF-CSE-CIC-IDS2018-v2
Device_2786,Gateway,988.01,383,52.71,0.002987570121140947,0.814,6.12,0.004472188522874421,4.292741462869189e-05,3774,3.048,636,490,3267,11,8,21169,1,65236,150,Normal,0,NF-ToN-IoT-v2
Device_2787,Gateway,389.39,74,176.09,0.0046272133660172675,1.41,70.34,0.0021060582125231393,0.0009611622939511268,8734,7.087,304,1174,1775,8,8,54031,1,12703,220,Botnet,1,NF-CSE-CIC-IDS2018-v2
Device_2788,Actuator,732.61,396,60.05,0.004181944023022937,4.073,35.31,0.0031078232699094004,0.0006991811678946061,6621,3.957,936,675,2927,8,8,32210,2,86380,530,Brute_Force,1,NF-BoT-IoT-v2
Device_2789,Gateway,684.73,291,49.01,0.002433317772853552,4.532,26.3,0.0010123032788209607,0.0001947123203077419,1753,7.801,614,87,112,8,0,1587,1,53356,530,Brute_Force,1,NF-ToN-IoT-v2
Device_2790,Sensor,212.08,190,60.21,0.008341870468415247,1.773,81.12,0.0008130928304912,0.00016652374027881488,9305,0.26,963,455,507,11,8,33220,1,72866,200,Brute_Force,1,NF-ToN-IoT-v2
Device_2791,Camera,239.0,424,182.89,0.006258636607485549,1.357,13.48,0.004014312936298793,0.0005739656796932049,9254,5.342,400,1175,2996,3,8,13894,5,5317,425,Port_Scan,1,NF-CSE-CIC-IDS2018-v2
Device_2792,Camera,281.28,291,183.96,0.0004705765767853944,0.62,26.7,0.002205541230381343,0.0006371835383802331,8864,3.44,320,81,235,11,8,35842,2,14317,220,Brute_Force,1,NF-ToN-IoT-v2
Device_2793,Router,411.13,288,72.51,0.008217178491849015,4.765,24.35,0.00493503978235843,0.0008329252535730213,6781,2.566,264,1420,993,3,0,1112,1,38731,530,Normal,0,NF-BoT-IoT-v2
Device_2794,Sensor,234.33,39,144.03,0.0011497737846830555,3.577,44.88,0.0026690599278170126,0.000904287937721426,6099,6.652,365,404,3101,11,8,16265,28,55974,200,Brute_Force,1,NF-CSE-CIC-IDS2018-v2
Device_2795,Gateway,19.65,275,138.39,0.004096594691972337,4.807,35.62,0.00424369926271268,0.0003986081096176245,915,6.618,389,1991,1911,0,0,33842,2,21860,226,Botnet,1,NF-ToN-IoT-v2
Device_2796,Camera,879.39,337,163.25,0.005755443326140742,4.387,73.44,0.004901822025735032,0.0008456439939477747,7067,0.467,742,1417,3465,0,8,36292,1,86200,331,Port_Scan,1,NF-ToN-IoT-v2
Device_2797,Sensor,965.61,226,66.34,0.0001757473320460582,2.032,71.44,0.0014776357913916579,0.0005469562349635665,1310,9.482,635,113,69,3,0,21151,5,44846,425,DoS,1,NF-BoT-IoT-v2
Device_2798,Camera,341.57,329,106.93,0.006563790243885068,1.007,35.92,0.004024320389561294,0.00047587631919599946,3234,3.682,227,913,3723,8,8,64508,28,51295,226,Normal,0,NF-BoT-IoT-v2
Device_2799,Gateway,338.51,415,136.86,0.006631059101646545,2.746,46.51,0.0002078302002907654,0.0007019809395972101,5555,9.182,456,592,1291,8,8,8671,15,67333,425,Brute_Force,1,NF-CSE-CIC-IDS2018-v2
Device_2800,Camera,7.09,408,14.99,0.006560010539613204,0.621,24.75,0.003430795178499041,0.00011216301173120724,654,5.879,740,79,2480,8,8,60548,15,63031,425,DoS,1,NF-CSE-CIC-IDS2018-v2
Device_2801,Router,680.25,388,81.58,0.0017183325872521438,1.175,68.73,0.0037514853464774615,0.00027273264067518747,2892,6.561,665,1701,3005,8,8,36086,28,75146,150,DDoS,1,NF-CSE-CIC-IDS2018-v2
Device_2802,Router,825.44,114,142.22,0.002631750035058139,1.55,42.64,0.0024390821909339613,0.0008185950585572745,5965,9.609,821,269,785,11,8,2933,15,16613,425,DDoS,1,NF-CSE-CIC-IDS2018-v2
Device_2803,Camera,146.61,193,57.99,0.0025490206133741283,3.495,17.62,0.0008943155295757599,0.0005090380499540349,6318,8.24,305,1023,3683,0,8,24234,28,72207,226,Brute_Force,1,NF-CSE-CIC-IDS2018-v2
Device_2804,Sensor,159.67,339,191.96,0.009604663133478407,2.794,17.09,0.0031219306855844037,0.0009089630021172731,7008,1.486,505,1437,994,11,0,36562,1,68298,200,Normal,0,NF-CSE-CIC-IDS2018-v2
Device_2805,Sensor,790.08,157,15.73,0.0007685290535361851,1.861,35.62,0.0044978904312342315,9.781669654408176e-05,4402,0.152,328,420,2392,11,8,18827,15,43732,150,Normal,0,NF-CSE-CIC-IDS2018-v2
Device_2806,Sensor,616.29,114,192.04,0.00434473892626469,3.041,76.0,0.004663464077933518,0.00032027868287024474,7952,3.155,661,1390,3824,11,8,20638,15,17477,200,Normal,0,NF-BoT-IoT-v2
Device_2807,Camera,44.86,56,51.19,0.008725413667619922,1.063,7.42,0.0037559017130560533,0.00036199439387599625,1364,4.937,819,716,1142,3,0,18896,28,22829,530,Normal,0,NF-ToN-IoT-v2
Device_2808,Sensor,622.55,96,19.28,0.007717713345032389,3.901,29.49,0.00139219496628545,0.00042849311949592255,6919,7.348,942,1967,1256,0,0,9365,1,60145,331,Normal,0,NF-ToN-IoT-v2
Device_2809,Gateway,308.92,318,65.57,0.008242177034024375,3.704,20.44,0.004364601937693609,0.000986951851048606,9185,6.644,521,1935,3448,3,8,23098,1,31997,425,DoS,1,NF-BoT-IoT-v2
Device_2810,Router,368.73,446,159.39,0.009725706482811097,1.474,95.87,0.004455233026838305,0.0003175560869275197,2404,3.197,320,1712,3029,8,0,44021,2,39101,220,Normal,0,NF-CSE-CIC-IDS2018-v2
Device_2811,Gateway,769.73,138,152.96,0.003933891941504571,3.229,72.0,0.001899486808151581,0.0005234956284357792,4058,5.466,736,218,3613,0,0,48435,2,43869,530,Port_Scan,1,NF-CSE-CIC-IDS2018-v2
Device_2812,Sensor,810.94,267,49.68,0.0031655872163665654,2.765,27.16,0.0009966105090640353,0.0005407106106322917,5636,6.544,492,1175,2539,3,0,53806,1,44460,331,Normal,0,NF-ToN-IoT-v2
Device_2813,Gateway,400.36,323,47.39,0.0004035289524869534,0.774,24.71,0.004385831227253504,0.0007730899592212929,9530,5.186,461,727,1599,3,0,46577,28,43158,331,Botnet,1,NF-CSE-CIC-IDS2018-v2
Device_2814,Sensor,947.15,156,132.09,0.0015851916817196349,1.752,86.51,0.004436976844738791,0.0005226903041449498,1917,6.921,535,1412,476,11,0,18280,5,13775,425,Brute_Force,1,NF-ToN-IoT-v2
Device_2815,Camera,406.46,455,97.04,0.005663945079975939,4.998,23.07,0.000594439814300949,0.0006096800266143055,866,4.904,444,394,902,3,0,23509,5,43453,331,Normal,0,NF-BoT-IoT-v2
Device_2816,Gateway,771.84,471,160.54,0.0016608398910280668,0.948,99.72,0.004838223031890193,0.0007557947702533025,672,5.344,443,1646,2159,3,0,64508,2,13296,200,Normal,0,NF-CSE-CIC-IDS2018-v2
Device_2817,Camera,483.88,81,14.59,0.0073894196582110164,2.779,31.82,0.002712094710086109,0.00011012068463314587,4563,9.414,904,1218,3751,8,8,15664,15,23989,530,DDoS,1,NF-ToN-IoT-v2
Device_2818,Camera,897.53,495,125.98,0.00046860278866778124,4.322,13.01,0.004969277955220387,0.0009638374022897197,5420,3.953,704,39,1090,8,8,30007,5,25010,220,Normal,0,NF-CSE-CIC-IDS2018-v2
Device_2819,Actuator,907.76,149,148.83,0.002668931430055031,1.853,70.64,0.002280540426061739,0.0008478411343186536,7848,7.582,227,642,3732,3,8,14297,15,64711,200,DoS,1,NF-BoT-IoT-v2
Device_2820,Sensor,87.42,419,198.74,0.006984985921546038,1.673,62.92,0.0027130883628617855,0.00039488488748687595,850,3.413,566,1372,748,3,0,6686,15,48665,150,Normal,0,NF-BoT-IoT-v2
Device_2821,Router,936.49,36,138.97,0.0026294779599667314,4.509,99.98,0.0014038058766591035,0.000731133413183006,2911,3.385,604,1923,2899,3,8,35062,1,20997,425,Normal,0,NF-CSE-CIC-IDS2018-v2
Device_2822,Sensor,825.53,38,54.05,0.007314728595822195,1.872,81.2,0.00450484248302531,0.0007647018533646592,4556,9.274,527,58,2440,11,8,27322,5,25729,200,Normal,0,NF-ToN-IoT-v2
Device_2823,Router,791.31,280,30.56,0.009959052366763949,3.432,45.74,0.0022741893736556284,0.0008517439849215003,7454,7.017,820,1005,2344,11,8,7402,5,14295,331,DoS,1,NF-ToN-IoT-v2
Device_2824,Sensor,200.91,183,131.77,0.007991131158946126,3.831,69.28,0.004091608862774181,0.0001964336568827116,3654,9.297,989,918,1763,11,8,30533,15,19206,226,Normal,0,NF-ToN-IoT-v2
Device_2825,Camera,805.12,262,109.4,0.0034841710417339252,4.049,82.7,0.0004906979479659051,0.0007066657251173646,2518,9.946,691,1014,123,8,0,1355,15,9247,226,Normal,0,NF-CSE-CIC-IDS2018-v2
Device_2826,Gateway,850.13,394,180.84,0.009015859816219786,4.976,53.8,0.003962408479624582,4.300712522102077e-05,5240,0.102,516,307,653,0,0,1194,1,50714,200,Brute_Force,1,NF-CSE-CIC-IDS2018-v2
Device_2827,Gateway,289.15,69,148.06,0.0006066793831152735,4.114,30.92,0.002502191397032227,0.00012442333281334256,5136,9.833,418,856,2641,11,0,34266,28,66093,331,Normal,0,NF-CSE-CIC-IDS2018-v2
Device_2828,Actuator,952.26,116,106.85,0.007277567562028391,3.457,24.96,0.00012649861069221924,0.0007783062908608487,3088,1.099,101,997,3232,11,0,64080,5,60154,331,Normal,0,NF-CSE-CIC-IDS2018-v2
Device_2829,Router,49.86,229,86.68,0.000330891082470483,4.53,33.05,0.001208688401094095,0.000814872973842942,954,0.797,408,1527,2098,3,0,35657,5,44324,226,DoS,1,NF-ToN-IoT-v2
Device_2830,Router,149.91,450,86.83,0.0018280994040339538,4.576,85.57,0.0010492780360712732,0.000596512087603319,2950,7.701,405,822,1153,11,0,62828,1,23252,220,Brute_Force,1,NF-BoT-IoT-v2
Device_2831,Router,537.58,268,53.0,0.009877098841231887,4.879,41.14,0.0037836464484162545,0.0005858691144420583,3479,3.567,130,1923,1118,0,8,58372,1,51628,220,Normal,0,NF-CSE-CIC-IDS2018-v2
Device_2832,Camera,575.79,380,13.29,0.0036727606336936394,3.994,32.23,0.0024382907299867708,0.0007520163140842504,293,9.186,519,747,1045,8,8,515,28,72756,331,Normal,0,NF-BoT-IoT-v2
Device_2833,Router,645.15,155,119.23,0.008222943843825964,1.377,81.56,0.0008826201437667773,0.0009070239738678146,9869,5.491,696,1953,1837,11,0,53734,15,24852,150,Normal,0,NF-ToN-IoT-v2
Device_2834,Gateway,16.97,61,50.36,0.00382325845707246,3.694,8.03,0.0013583345875217375,0.0004269040191589535,9772,3.923,843,1978,840,8,8,39566,5,81182,150,Normal,0,NF-CSE-CIC-IDS2018-v2
Device_2835,Camera,960.37,69,49.58,0.008416281662898374,0.838,61.43,0.0025699763459988353,0.00012367290742127475,9038,0.827,844,1727,211,11,8,58241,15,33425,150,Brute_Force,1,NF-ToN-IoT-v2
Device_2836,Sensor,44.59,43,33.82,0.009657851645255065,1.931,88.0,0.00019622716686640195,0.0008406093905830152,5061,4.7,964,508,3795,8,0,21936,5,34914,425,Port_Scan,1,NF-BoT-IoT-v2
Device_2837,Router,143.06,105,46.02,0.0044118088098497495,1.021,43.96,0.002178215381686931,0.0003482277045110455,4840,2.851,35,1233,110,8,8,65526,1,55223,150,Normal,0,NF-BoT-IoT-v2
Device_2838,Router,14.01,486,16.04,0.005637556999297967,4.775,30.59,0.003422500877903326,0.00014244791547848447,5732,0.858,744,735,1331,11,0,61751,1,39505,530,Normal,0,NF-CSE-CIC-IDS2018-v2
Device_2839,Sensor,566.86,98,138.1,0.0063235309506393216,2.024,51.71,0.002636997467900806,0.0006184702361414031,8441,6.737,154,1607,3392,11,8,65012,1,45482,150,Normal,0,NF-CSE-CIC-IDS2018-v2
Device_2840,Router,932.27,325,86.27,0.00935486454153483,3.709,73.16,0.0030306877512699436,0.0005823030859595727,8083,9.776,402,391,1565,8,0,1671,28,8829,530,Data_Exfiltration,1,NF-CSE-CIC-IDS2018-v2
Device_2841,Sensor,665.95,419,116.69,0.002641766465602123,3.071,54.08,0.0017004287733570838,0.0004795037444373648,7249,3.851,64,1291,1682,0,0,32527,5,81492,226,Normal,0,NF-CSE-CIC-IDS2018-v2
Device_2842,Camera,822.66,240,131.02,0.006151368791053895,0.984,5.73,0.0009970710476968033,0.0008611992718046873,5853,3.043,759,1088,2467,0,0,14271,1,22842,331,Botnet,1,NF-BoT-IoT-v2
Device_2843,Gateway,13.28,465,194.77,0.003314730259409111,3.026,12.44,0.0040677323227403875,0.0002795035770493342,4997,0.991,890,1596,2765,0,8,31998,28,51375,200,Normal,0,NF-CSE-CIC-IDS2018-v2
Device_2844,Sensor,542.02,284,22.97,0.002247638483805953,3.475,73.53,0.004537610870038167,2.3102912631536325e-05,7069,2.309,568,576,1728,0,8,19155,15,59807,226,Normal,0,NF-ToN-IoT-v2
Device_2845,Actuator,459.56,255,89.4,0.0009407113563298204,4.467,43.0,0.0026026287948369784,0.000330234031752778,5432,2.921,229,131,2564,11,8,38167,28,21816,226,Normal,0,NF-ToN-IoT-v2
Device_2846,Sensor,498.97,120,56.72,0.006245037550985894,0.815,79.55,0.0015947019416488151,1.96089007981075e-05,6634,3.507,976,688,2633,3,8,21242,28,15951,425,Normal,0,NF-BoT-IoT-v2
Device_2847,Router,72.21,243,100.58,0.008832646240828527,1.83,66.7,0.002604903664638129,0.0005481552987878709,8220,6.376,823,361,2288,8,0,3042,2,11794,331,Normal,0,NF-BoT-IoT-v2
Device_2848,Camera,684.44,287,184.89,0.0035787895995606747,3.616,60.24,0.004407029051123238,0.0003844658099312495,9967,1.237,908,1120,4045,0,0,15670,15,19707,220,Normal,0,NF-BoT-IoT-v2
Device_2849,Camera,503.22,486,147.56,0.005571418508310476,0.654,90.63,0.0034878911021380752,0.0008158033134485151,5890,0.678,253,153,3067,0,8,693,2,15527,226,Normal,0,NF-BoT-IoT-v2
Device_2850,Sensor,765.15,426,135.77,0.006457124573411747,1.416,7.03,0.0043072188228215754,0.0007996094989659093,773,9.313,488,1610,2086,3,8,39120,5,42534,226,DoS,1,NF-CSE-CIC-IDS2018-v2
Device_2851,Gateway,485.29,175,93.84,0.00420503676017252,1.484,19.73,0.0017090591730824468,0.00044029210836567706,3801,8.012,805,990,273,3,8,46404,28,14880,425,Normal,0,NF-ToN-IoT-v2
Device_2852,Actuator,149.38,137,137.51,0.009043143718623976,3.512,64.32,0.0035886977288537296,0.00022432042084996482,1460,2.854,564,1940,3177,11,0,47053,28,32115,530,Data_Exfiltration,1,NF-CSE-CIC-IDS2018-v2
Device_2853,Camera,648.26,246,16.15,0.003691276095891648,1.787,11.25,0.0032999399604069207,0.0004282055672828741,3167,6.424,915,1776,3259,8,8,6861,28,37987,530,Normal,0,NF-BoT-IoT-v2
Device_2854,Router,172.39,300,121.39,0.0013376071188894523,3.198,66.27,0.0029009206571870443,0.000644904555218193,1544,5.966,15,1033,250,8,0,45805,28,12987,200,Normal,0,NF-BoT-IoT-v2
Device_2855,Router,872.39,116,115.22,0.0015258015447118258,4.844,98.49,0.002688301839629493,0.00019830392175717828,5587,7.456,895,507,1112,3,8,7658,2,58155,150,Normal,0,NF-CSE-CIC-IDS2018-v2
Device_2856,Gateway,613.12,137,75.86,0.008919490383626357,4.07,88.49,0.0027997916273840248,0.0007753161494145998,5279,8.607,854,773,1251,3,8,24379,5,18463,226,Port_Scan,1,NF-CSE-CIC-IDS2018-v2
Device_2857,Camera,157.2,204,48.29,0.009881279624194802,1.998,61.14,0.004263388339660825,0.0003372546083309211,3453,3.642,340,158,3998,3,8,57502,2,16496,530,Normal,0,NF-CSE-CIC-IDS2018-v2
Device_2858,Sensor,962.34,348,163.44,0.002960484720659998,2.626,89.93,0.004588373054920311,0.0009328552249682351,6480,6.642,363,899,3117,11,8,11795,28,79844,530,Normal,0,NF-CSE-CIC-IDS2018-v2
Device_2859,Router,518.37,403,20.23,0.0015216669839816434,1.403,16.05,0.0006530162754876674,0.0005167518249718618,6881,8.04,180,1241,98,8,0,14796,5,73898,150,Normal,0,NF-CSE-CIC-IDS2018-v2
Device_2860,Gateway,72.9,484,23.24,0.0048739015893864744,0.571,48.2,0.002886980730192638,0.0008486552687884249,6160,7.023,589,1804,2107,3,0,23551,15,61259,331,Normal,0,NF-BoT-IoT-v2
Device_2861,Camera,626.83,152,93.7,0.00712432782940832,1.804,45.72,0.00460020127011885,0.0006197336544936365,7312,9.229,215,122,1340,0,0,6197,2,48143,226,Normal,0,NF-ToN-IoT-v2
Device_2862,Camera,253.2,404,57.99,0.006162788790219424,2.162,36.96,0.0007602259272795613,0.0005590558253409503,6019,4.997,735,1610,538,8,0,37256,1,60371,200,Normal,0,NF-ToN-IoT-v2
Device_2863,Camera,803.69,120,151.64,0.009515971002617866,3.04,5.02,0.0021230109291548406,0.0006853088321502612,5960,8.046,154,1988,822,8,0,41203,15,77481,200,Normal,0,NF-CSE-CIC-IDS2018-v2
Device_2864,Camera,817.82,99,130.5,0.008196001051319119,4.748,89.65,0.0005364928396194294,0.0008133762124706832,1870,9.106,45,77,533,0,8,36513,15,23157,331,DDoS,1,NF-CSE-CIC-IDS2018-v2
Device_2865,Camera,978.95,260,156.78,0.008702824434133621,4.765,78.88,0.0006560343698477133,0.0006480624293656389,6010,5.615,352,56,3018,0,8,38603,28,38895,150,Port_Scan,1,NF-CSE-CIC-IDS2018-v2
Device_2866,Router,501.87,289,71.69,0.005462504872605796,0.815,67.02,0.004530142981541713,0.0007992682803197854,9994,0.271,21,1921,2633,8,8,53991,28,5545,220,Normal,0,NF-CSE-CIC-IDS2018-v2
Device_2867,Gateway,454.96,342,150.7,0.0033400244139813557,3.266,17.25,0.0022862799656694173,0.00019856051281491786,294,8.198,593,1762,327,8,0,54607,15,54112,331,Normal,0,NF-CSE-CIC-IDS2018-v2
Device_2868,Camera,753.48,233,173.84,0.007047186503559734,0.691,40.93,0.0034748243046225325,0.00028474137497105315,8866,8.476,989,380,1192,3,0,62656,2,960,220,Normal,0,NF-BoT-IoT-v2
Device_2869,Actuator,132.47,110,75.6,0.0044466250955188125,3.416,92.81,0.0007806806738933133,0.00023742559337143365,5954,4.059,565,1666,3355,11,8,7311,5,67854,200,DoS,1,NF-CSE-CIC-IDS2018-v2
Device_2870,Actuator,546.92,141,74.58,0.0029487669815670132,1.03,63.61,0.00020754266372450338,0.00080032015593643,6014,2.368,669,1034,830,11,0,23365,2,70986,200,Port_Scan,1,NF-BoT-IoT-v2
Device_2871,Gateway,546.25,22,180.99,0.0016074797881557455,4.759,62.32,0.004463371391009434,9.526727326850507e-05,4786,9.784,944,799,470,3,8,29907,2,81066,530,Normal,0,NF-CSE-CIC-IDS2018-v2
Device_2872,Sensor,89.47,466,19.46,0.005325954658106669,4.39,91.75,0.0029152736337902073,0.0007979045654673108,4743,5.561,982,904,2757,0,8,35717,15,58549,226,Normal,0,NF-ToN-IoT-v2
Device_2873,Sensor,417.98,450,76.54,0.005983110315279196,0.6,58.18,0.00019794000229793356,0.00039515187681637645,8680,5.21,369,1490,1293,0,8,8482,2,58359,200,Botnet,1,NF-BoT-IoT-v2
Device_2874,Sensor,853.28,107,32.55,0.005730978258276333,4.02,61.77,0.004962463456547137,8.871209039722154e-05,7974,9.466,659,1385,2747,0,0,5736,5,4912,530,Normal,0,NF-CSE-CIC-IDS2018-v2
Device_2875,Actuator,856.15,129,15.51,0.001253828797992185,3.362,37.84,0.0025117426767674138,0.00043018199891119776,1852,4.14,694,1940,1303,0,0,62962,15,65556,530,Normal,0,NF-BoT-IoT-v2
Device_2876,Sensor,99.24,302,31.45,0.005742874463433558,2.729,40.29,0.002431794890009851,0.0003074972775285128,760,8.497,78,325,2175,3,0,41090,2,10483,530,Normal,0,NF-CSE-CIC-IDS2018-v2
Device_2877,Router,90.72,313,91.94,0.0017672996573708962,3.212,70.13,0.003142479503180844,0.0005960326609548231,5715,7.036,895,277,3080,8,0,21780,28,6965,150,Normal,0,NF-CSE-CIC-IDS2018-v2
Device_2878,Camera,262.7,208,140.52,0.006670770237969544,3.552,35.44,0.00013873221755776434,0.0004778013667628748,2932,9.68,119,1221,2925,3,8,17798,2,81399,200,Port_Scan,1,NF-BoT-IoT-v2
Device_2879,Actuator,874.77,10,64.96,0.004350901566988781,4.48,58.12,0.002888778031161556,0.0003038096171774666,8588,4.344,359,288,935,0,8,60749,15,39074,425,Normal,0,NF-BoT-IoT-v2
Device_2880,Gateway,128.9,69,171.44,0.008503007018617639,3.953,31.52,0.0031844711295493182,0.0008636432849614603,5713,9.085,855,853,101,3,8,57245,15,53378,530,Normal,0,NF-BoT-IoT-v2
Device_2881,Gateway,720.0,259,93.15,0.00780483087345841,3.089,20.78,0.0015550724837050558,0.0004127532105971133,7070,5.732,617,2016,823,11,0,12565,28,40895,226,Normal,0,NF-BoT-IoT-v2
Device_2882,Camera,101.17,149,193.96,0.007271382310014674,4.211,48.17,0.003661576807864662,0.000475983091883761,6970,4.811,514,383,728,11,0,26765,15,22521,331,DoS,1,NF-CSE-CIC-IDS2018-v2
Device_2883,Actuator,623.14,158,191.29,0.007037297283409593,4.941,25.66,0.0019494158994680418,0.0008481622395049331,430,3.126,627,821,2085,0,0,38838,1,75305,425,Data_Exfiltration,1,NF-CSE-CIC-IDS2018-v2
Device_2884,Sensor,356.07,404,156.92,0.0056488315908332105,1.851,90.36,0.0036170883588448866,9.816604226058108e-05,6877,5.572,503,1244,285,3,8,3928,15,45720,226,Normal,0,NF-BoT-IoT-v2
Device_2885,Sensor,788.91,53,187.16,0.000705024403670609,1.033,33.84,0.0008047433744173201,0.0003959942103599673,9576,5.768,32,1753,1429,11,0,55362,2,71050,331,Data_Exfiltration,1,NF-ToN-IoT-v2
Device_2886,Router,233.69,380,144.35,0.00658934727297671,3.792,61.75,0.004577119298600988,0.00040882811966310594,9370,8.994,358,1054,833,8,0,46468,5,35978,226,DDoS,1,NF-CSE-CIC-IDS2018-v2
Device_2887,Router,639.2,195,180.16,0.004722529557880781,4.904,30.03,0.004409341130915675,0.0005008673986051166,5501,7.07,62,725,536,0,0,28356,2,16600,200,Port_Scan,1,NF-CSE-CIC-IDS2018-v2
Device_2888,Sensor,235.68,117,54.93,0.004748591668535977,1.025,29.51,0.0008380697328300758,0.00011505938643581124,7015,8.282,97,1330,3671,3,8,15218,15,52658,220,Normal,0,NF-ToN-IoT-v2
Device_2889,Gateway,713.66,53,75.63,0.0038523197351160703,2.443,38.31,0.004698424291719053,0.00011163352003705585,9166,7.714,378,770,2468,0,8,48186,1,38269,425,Normal,0,NF-ToN-IoT-v2
Device_2890,Gateway,873.68,87,153.06,0.009297802056932935,0.78,92.01,0.002833123336559642,0.0004222517962082567,3966,2.839,647,2021,3641,11,8,38633,2,52214,150,DoS,1,NF-CSE-CIC-IDS2018-v2
Device_2891,Router,126.8,235,90.67,0.0025695675428290803,3.994,42.19,0.003538083423988345,4.269871826326056e-05,6213,2.137,496,1089,642,8,8,8584,5,14571,220,Data_Exfiltration,1,NF-ToN-IoT-v2
Device_2892,Camera,866.6,171,169.09,0.0032342850887568187,4.769,83.02,0.00421743958264499,0.0002624345154690388,7526,2.659,610,750,3896,11,0,27132,2,32844,150,Port_Scan,1,NF-CSE-CIC-IDS2018-v2
Device_2893,Sensor,593.58,290,176.75,0.009634103749082664,2.745,23.74,0.0005094927406920179,0.000209164986233848,1685,1.551,452,587,298,0,8,63663,28,84818,200,DDoS,1,NF-ToN-IoT-v2
Device_2894,Router,127.11,262,66.95,0.00812052197923931,2.343,9.58,0.000929493351584216,0.000494492398710339,3040,3.921,215,1940,2713,8,0,53224,1,47232,425,Normal,0,NF-BoT-IoT-v2
Device_2895,Router,427.54,141,166.46,0.00023945548041241288,4.585,79.26,0.0015229155152812128,2.1047961646028497e-05,6389,6.574,84,1545,2205,3,8,44133,15,85862,530,Brute_Force,1,NF-BoT-IoT-v2
Device_2896,Sensor,160.86,457,39.31,0.009070465238632551,1.1,56.48,0.002438301958796367,0.0006789761157613308,6505,5.416,406,530,2972,11,8,51236,2,14870,226,DDoS,1,NF-ToN-IoT-v2
Device_2897,Sensor,700.35,381,73.5,0.0023438082584473965,4.512,52.85,0.0017956670808638288,0.0008570314340594287,1602,6.824,669,1300,2950,8,8,15683,2,3067,226,DDoS,1,NF-ToN-IoT-v2
Device_2898,Gateway,758.87,384,108.41,0.007088732137744029,2.265,30.86,0.0025786472470160594,0.0007096741030569113,845,3.625,107,1309,2300,0,0,15251,2,3335,530,Normal,0,NF-CSE-CIC-IDS2018-v2
Device_2899,Camera,105.8,483,53.02,0.005575423762935434,3.017,11.87,0.0010109934339843077,0.0008198973876683801,2712,2.132,489,1164,712,3,8,25172,2,29124,331,Data_Exfiltration,1,NF-CSE-CIC-IDS2018-v2
Device_2900,Camera,506.14,153,120.06,0.005414437647667562,2.877,50.87,0.0034425552856725064,0.0006468832397602048,1608,2.107,357,354,1772,0,8,43441,5,50795,220,Normal,0,NF-CSE-CIC-IDS2018-v2
Device_2901,Sensor,814.63,275,119.95,0.007207421101587921,3.272,87.39,0.0003731009178002826,0.0005122933640452503,1870,6.049,131,145,79,0,0,10735,28,78830,150,DoS,1,NF-CSE-CIC-IDS2018-v2
Device_2902,Actuator,936.16,118,49.31,0.002151096571754953,4.74,16.4,0.0018711025804190116,0.00022683138133657073,2061,1.727,22,979,1462,3,0,42519,28,39158,530,Normal,0,NF-BoT-IoT-v2
Device_2903,Router,513.52,203,161.17,0.001674348794587623,4.78,93.27,0.0009772628988885005,0.0002868300842060355,9887,4.032,596,516,427,8,8,54139,1,27094,226,Normal,0,NF-ToN-IoT-v2
Device_2904,Router,950.28,44,130.01,0.006553934806656225,4.24,31.1,0.0036766730321663335,0.00032453092368232254,7851,2.207,601,309,807,8,0,32454,1,59527,200,Normal,0,NF-CSE-CIC-IDS2018-v2
Device_2905,Sensor,535.69,476,70.37,0.0029767343661561566,1.362,55.56,0.004429901360266566,4.763749277181893e-05,3758,6.661,226,1804,3533,3,8,44013,5,75458,226,Normal,0,NF-ToN-IoT-v2
Device_2906,Actuator,394.19,399,54.12,0.009742107055811832,2.001,11.32,0.00048605242509702697,0.0009139578836977813,7077,6.193,106,1084,2521,3,8,35965,28,63928,331,DDoS,1,NF-ToN-IoT-v2
Device_2907,Gateway,848.2,284,176.96,0.004569967206839267,2.695,45.38,0.00394668549374536,0.0009012996756070403,6709,3.873,949,429,2285,0,0,32758,1,73711,425,Data_Exfiltration,1,NF-CSE-CIC-IDS2018-v2
Device_2908,Sensor,492.98,196,168.79,0.001204810498068956,4.575,16.96,0.004489039239238301,0.00011670007103465562,565,1.374,861,253,3748,0,8,10544,15,9658,226,Brute_Force,1,NF-ToN-IoT-v2
Device_2909,Sensor,471.9,446,53.65,0.006889570145103243,2.844,9.56,0.00487245406140887,0.0005611266298945526,2169,2.197,953,349,2297,11,0,61695,28,32910,200,Normal,0,NF-CSE-CIC-IDS2018-v2
Device_2910,Router,490.31,252,16.76,0.0031309769954146996,4.898,96.82,0.002938992629630936,0.0004729648812617975,2543,4.775,394,302,3165,3,8,9607,2,48241,226,Normal,0,NF-CSE-CIC-IDS2018-v2
Device_2911,Sensor,846.79,273,162.86,0.0015710155334518819,4.927,74.36,0.001704220241436293,0.0006865798570715754,9524,9.724,871,1809,533,11,8,62026,28,61450,150,DDoS,1,NF-CSE-CIC-IDS2018-v2
Device_2912,Sensor,831.94,471,126.95,0.004285951292610218,3.194,73.31,0.001677670639349918,0.0006069874839329511,8436,2.781,101,2044,1467,3,8,24048,15,77594,530,Normal,0,NF-BoT-IoT-v2
Device_2913,Sensor,403.52,19,29.17,0.009645800553064054,4.449,13.6,0.0019569533885428177,0.00013307858316753747,6663,1.993,808,429,375,11,8,43629,2,10805,150,Brute_Force,1,NF-CSE-CIC-IDS2018-v2
Device_2914,Router,333.3,460,121.6,0.004173162706232587,4.997,93.29,0.0031020702959053716,0.0006634768685121777,7616,2.285,882,1938,3997,0,0,56776,28,18759,226,Brute_Force,1,NF-BoT-IoT-v2
Device_2915,Gateway,491.93,175,95.91,0.003538604280737528,4.324,49.6,0.0025021270594817123,0.0006127835809164772,3148,7.111,148,1506,2911,0,0,17413,2,14553,200,Port_Scan,1,NF-CSE-CIC-IDS2018-v2
Device_2916,Gateway,572.77,38,157.16,0.004500638724486111,3.456,85.97,0.0033028116293934914,0.0005359114015940675,4142,9.155,893,1973,3213,8,8,13863,2,75916,425,DoS,1,NF-CSE-CIC-IDS2018-v2
Device_2917,Sensor,238.34,280,49.73,0.00021994548543651882,4.303,6.2,0.0002926379802949232,0.0004083822039074945,4239,0.844,230,1664,598,11,0,848,5,65077,200,Data_Exfiltration,1,NF-CSE-CIC-IDS2018-v2
Device_2918,Router,793.96,96,96.1,0.0014177052321262794,0.872,33.33,0.0006188195968674571,0.0009553717841126327,4302,7.518,87,374,2640,3,0,52149,15,610,226,Normal,0,NF-CSE-CIC-IDS2018-v2
Device_2919,Gateway,486.48,32,39.69,0.008511778719532617,3.357,99.62,0.00488504354719113,0.0008509451656980048,6224,4.997,523,412,2233,11,8,32460,5,78383,200,Data_Exfiltration,1,NF-CSE-CIC-IDS2018-v2
Device_2920,Gateway,334.05,219,191.93,0.009782540679735685,1.474,45.64,0.004977388960712569,0.0005892341251707211,7873,8.269,648,1431,291,0,8,38252,28,12033,150,Botnet,1,NF-ToN-IoT-v2
Device_2921,Gateway,106.82,55,157.96,0.0016636207074764457,1.022,89.41,0.00375862820398301,1.6314047014940267e-05,1387,4.273,93,806,1052,8,8,23184,2,78302,150,Normal,0,NF-CSE-CIC-IDS2018-v2
Device_2922,Router,238.85,476,149.98,0.005401626402030394,4.518,36.16,0.0013563460358870462,0.00043780200974807544,8401,0.152,804,371,1495,11,0,42290,28,40359,150,Botnet,1,NF-CSE-CIC-IDS2018-v2
Device_2923,Router,949.28,37,141.14,0.009666700994675871,3.378,54.91,0.004771570498562695,0.000703336331264598,7603,6.86,153,38,1262,0,8,50177,28,10158,331,Normal,0,NF-ToN-IoT-v2
Device_2924,Sensor,305.1,35,90.43,0.0016501556241717422,1.596,86.15,0.0011471436895793474,0.0001261212924217974,4919,8.099,423,1328,1994,3,8,44189,5,65049,425,Port_Scan,1,NF-ToN-IoT-v2
Device_2925,Camera,168.86,275,185.42,0.0019444652132742575,2.241,62.55,0.003684013479895268,0.00041248412040602485,2890,9.03,354,319,2664,8,8,15263,28,24151,220,Normal,0,NF-ToN-IoT-v2
Device_2926,Gateway,460.67,184,23.85,0.009275481903891145,4.88,73.89,0.0006647657272909902,0.00019980797171311176,961,5.734,879,924,78,0,0,58161,15,46272,150,Normal,0,NF-BoT-IoT-v2
Device_2927,Camera,307.09,13,162.62,0.007086307699878587,4.38,26.74,0.003279632042943187,0.0003447615572773296,8752,1.308,608,878,277,3,0,22755,2,67233,226,Port_Scan,1,NF-CSE-CIC-IDS2018-v2
Device_2928,Router,35.16,320,50.89,0.0016044701997373915,0.57,19.81,0.003821623516445066,3.640251197962486e-05,1204,3.761,574,748,666,11,0,33990,1,73976,425,Data_Exfiltration,1,NF-BoT-IoT-v2
Device_2929,Router,323.15,331,71.57,0.003995577444074237,4.909,26.88,0.004312236708481605,0.00013546505844225037,5474,7.864,873,215,115,3,8,7931,15,41881,331,Normal,0,NF-ToN-IoT-v2
Device_2930,Router,544.11,76,108.69,0.0006570724477256344,2.158,51.84,0.0036981000844712513,0.0004602092816378679,843,4.995,983,1885,993,3,0,25999,1,69992,226,Normal,0,NF-CSE-CIC-IDS2018-v2
Device_2931,Camera,551.71,144,158.7,0.0043834481857851736,3.629,81.09,0.0046250782412417145,0.0008992080218254225,2510,7.023,917,601,3451,3,0,61522,1,38056,200,DoS,1,NF-CSE-CIC-IDS2018-v2
Device_2932,Router,356.56,64,169.32,0.007801224795421668,3.707,38.63,0.0026525239637135525,0.000495675805384852,5093,0.146,915,654,120,8,8,43982,5,39445,220,Data_Exfiltration,1,NF-BoT-IoT-v2
Device_2933,Sensor,447.3,473,120.91,0.00558432334040266,4.603,58.66,0.0034194001737773054,0.0004585466940208053,8734,0.823,409,217,1376,0,8,19894,1,79233,530,Normal,0,NF-CSE-CIC-IDS2018-v2
Device_2934,Router,965.52,40,86.58,0.006509677005980412,4.483,81.46,0.0019107954169329247,0.0007896936990417742,1933,6.844,87,674,3284,0,0,31160,2,33641,331,Botnet,1,NF-ToN-IoT-v2
Device_2935,Actuator,377.35,83,189.84,0.0033355193087820714,1.768,27.68,0.0001509083015176313,0.00027515177616659617,985,2.973,211,1656,2519,3,0,19917,5,12329,530,Data_Exfiltration,1,NF-CSE-CIC-IDS2018-v2
Device_2936,Camera,258.23,28,56.84,0.0016978195856734509,3.396,88.88,0.0038077954817899674,0.00010411806173260752,3704,3.943,901,511,595,11,0,52268,15,26574,200,Botnet,1,NF-BoT-IoT-v2
Device_2937,Actuator,243.47,165,162.59,0.00022985509015749567,2.272,95.54,0.004362317174568908,0.00021747689413331231,5457,6.457,383,879,3504,11,0,21939,15,66685,200,Port_Scan,1,NF-CSE-CIC-IDS2018-v2
Device_2938,Router,457.76,346,126.29,0.00823099220886052,2.865,8.7,0.0009522299373476625,0.0007933878285797896,7189,1.209,595,661,3459,0,8,31430,15,61701,150,Normal,0,NF-CSE-CIC-IDS2018-v2
Device_2939,Sensor,759.52,165,81.61,0.006402880137523301,2.996,10.62,0.00024033968315992647,0.0006802774458426821,3321,8.344,739,1312,1700,11,8,45230,28,42125,530,DDoS,1,NF-BoT-IoT-v2
Device_2940,Gateway,205.99,156,10.26,0.002370280288748115,2.284,13.64,0.0009060590429571717,0.00010061785043149548,8443,1.53,524,535,2468,3,0,50720,5,78924,226,Port_Scan,1,NF-ToN-IoT-v2
Device_2941,Router,709.3,494,94.85,0.00424249620476522,2.588,78.79,0.004486917536872517,0.0006704222286806152,7037,7.359,871,141,763,0,8,61823,5,36563,530,Data_Exfiltration,1,NF-BoT-IoT-v2
Device_2942,Sensor,21.15,96,62.58,0.00803428836040833,1.438,22.99,0.001548000907919516,0.0009322359700355314,1696,2.998,153,1634,3565,0,8,61281,5,71963,200,Port_Scan,1,NF-BoT-IoT-v2
Device_2943,Camera,418.93,29,29.83,0.005433131842304719,3.234,73.94,0.0012451501627829913,5.4505406441342565e-05,9963,2.674,5,1203,1120,11,0,49559,2,13860,425,DoS,1,NF-BoT-IoT-v2
Device_2944,Actuator,775.87,278,24.28,0.0030715827768151853,3.915,46.92,0.00017149014173176017,0.0006202539149586572,9826,8.231,76,763,1630,0,0,65058,5,10101,200,Normal,0,NF-ToN-IoT-v2
Device_2945,Actuator,338.73,342,76.04,0.002745126719989786,2.434,84.44,0.0015555702213293245,0.0003853729240850829,9857,5.567,411,245,737,8,0,14527,2,30148,200,Normal,0,NF-ToN-IoT-v2
Device_2946,Actuator,563.74,52,126.8,0.0022543788420433734,4.9,81.81,0.0036066314774089573,0.0005060211444233705,9242,2.134,4,1027,3925,3,8,33876,15,57140,220,DDoS,1,NF-CSE-CIC-IDS2018-v2
Device_2947,Camera,204.98,404,169.13,0.008254925813328281,0.758,96.17,0.004799537513043476,0.0005328970278189008,2592,0.125,372,1629,2985,8,0,35671,28,18352,331,Normal,0,NF-CSE-CIC-IDS2018-v2
Device_2948,Sensor,742.0,441,44.88,0.005860417471778159,3.151,28.85,0.001632432038944403,0.0007733356364926804,9633,9.733,83,599,1373,0,0,61028,1,14739,530,Normal,0,NF-ToN-IoT-v2
Device_2949,Camera,52.28,408,90.68,0.007120655940444497,3.126,26.78,0.0012793580690323967,0.0005614423945752095,9023,4.371,941,1032,580,11,8,59855,28,57568,530,Normal,0,NF-ToN-IoT-v2
Device_2950,Actuator,852.54,410,84.47,0.008615192369834393,0.663,7.99,0.004451538200266908,0.0005971547718438587,4433,4.034,431,1492,744,8,0,15675,28,1534,425,Brute_Force,1,NF-ToN-IoT-v2
Device_2951,Router,198.2,447,107.54,0.00986993085504914,1.511,43.99,0.00427727376907792,0.0003395827253340914,638,0.598,472,992,1772,8,8,45776,28,33662,425,Normal,0,NF-BoT-IoT-v2
Device_2952,Gateway,874.4,315,163.82,0.0025698875066547415,4.575,48.61,0.0017079860587040634,0.00013468584480643268,8263,8.955,362,855,790,8,0,55324,1,84140,425,Normal,0,NF-CSE-CIC-IDS2018-v2
Device_2953,Camera,352.53,37,115.19,0.0018909346258333382,2.95,96.63,0.0004371452534095645,0.000685905010087614,868,1.492,412,1389,3964,11,8,60689,2,82439,150,DoS,1,NF-CSE-CIC-IDS2018-v2
Device_2954,Camera,722.68,476,170.86,0.004673783593660091,2.464,83.92,0.004960748258287039,1.0477319073667115e-05,2956,3.421,993,1484,2228,11,8,27833,15,30845,331,Data_Exfiltration,1,NF-CSE-CIC-IDS2018-v2
Device_2955,Sensor,319.23,269,108.52,0.0004472056668374718,2.37,20.85,0.003435451008562745,0.00033542999779546554,7005,4.269,35,878,2878,0,0,1071,1,7157,200,Botnet,1,NF-BoT-IoT-v2
Device_2956,Sensor,905.91,31,124.73,0.007938007027478931,4.497,80.86,0.004640244435712258,0.00022586351488041335,2221,8.12,242,1151,332,11,0,61706,15,54537,425,DDoS,1,NF-CSE-CIC-IDS2018-v2
Device_2957,Camera,126.64,479,93.1,0.008849223988460383,2.152,21.94,0.0017751849241653614,0.00039464810634856623,5653,3.659,656,689,2107,8,0,63874,2,75299,220,DoS,1,NF-BoT-IoT-v2
Device_2958,Actuator,178.52,384,166.39,0.0068917930176054815,4.366,12.39,0.003273658553506671,0.0003181553467931874,113,5.361,908,1103,1851,0,0,31401,15,70448,530,Normal,0,NF-BoT-IoT-v2
Device_2959,Gateway,493.03,110,185.53,0.002753150743179733,1.891,84.52,0.003405036428012402,0.0007071749089547365,4807,4.344,80,1861,4040,11,0,52369,2,63031,530,Normal,0,NF-ToN-IoT-v2
Device_2960,Sensor,81.94,48,131.44,0.0013192391924890267,2.892,97.72,0.004377236790940703,0.0002676039900805721,4590,3.187,75,1333,781,3,8,58383,1,5965,200,Normal,0,NF-ToN-IoT-v2
Device_2961,Actuator,195.98,299,165.95,0.003883227460406895,1.147,13.37,0.00496598438186842,0.0005651428421315879,8482,9.468,811,1007,784,11,0,27944,1,15060,530,Brute_Force,1,NF-ToN-IoT-v2
Device_2962,Router,943.77,362,21.21,0.008350022643002008,4.213,82.32,0.0006324642747675346,0.00046121272575735706,6093,7.989,284,1258,3298,11,0,31732,15,30838,226,DDoS,1,NF-CSE-CIC-IDS2018-v2
Device_2963,Sensor,976.49,309,182.16,0.003543495257482535,3.812,86.63,0.003192472542609114,0.0008030469302821675,2964,1.826,727,230,3921,0,0,59840,15,24643,331,Brute_Force,1,NF-CSE-CIC-IDS2018-v2
Device_2964,Actuator,376.26,179,45.9,0.00043912027890373576,2.885,16.28,0.0017485557469766723,0.00043381156298354415,7705,5.592,758,539,4030,0,8,60970,28,51143,530,Brute_Force,1,NF-CSE-CIC-IDS2018-v2
Device_2965,Actuator,923.29,305,58.74,0.002815375724628806,0.617,31.91,0.004077126292594597,0.0008652373171522474,4202,7.986,238,360,2251,0,0,28074,28,15497,150,Normal,0,NF-CSE-CIC-IDS2018-v2
Device_2966,Gateway,544.82,362,20.13,0.009900461539749661,2.666,74.7,0.003795325125257567,1.0144309931180516e-05,1204,5.84,337,1952,4022,3,8,57690,15,31458,220,Normal,0,NF-ToN-IoT-v2
Device_2967,Gateway,269.74,405,193.43,0.006799020681092245,1.513,81.73,0.004473340768697177,0.0006087879916535934,2912,4.988,531,1993,3816,3,8,39198,28,69402,331,DDoS,1,NF-CSE-CIC-IDS2018-v2
Device_2968,Router,702.4,139,171.88,0.009018462816773565,2.36,38.63,0.0017841440986743672,1.970892359882228e-05,6231,0.813,971,1948,207,11,0,15852,15,25277,200,Brute_Force,1,NF-CSE-CIC-IDS2018-v2
Device_2969,Actuator,658.9,165,183.51,0.0077711661482609655,4.354,20.19,0.0010041986863730487,0.0007167949801100398,751,1.15,964,155,2333,11,0,3355,5,60737,150,Brute_Force,1,NF-ToN-IoT-v2
Device_2970,Actuator,989.13,83,170.97,0.005443084601733645,3.963,66.59,0.00020682821804070408,0.00024257317780992626,6728,2.528,586,231,844,0,8,23527,28,86075,220,Normal,0,NF-CSE-CIC-IDS2018-v2
Device_2971,Gateway,265.05,351,101.11,0.001572019836710305,1.589,71.69,0.0013519827502192347,0.0003861814392553981,9672,5.183,891,106,955,0,8,52786,15,657,425,Botnet,1,NF-ToN-IoT-v2
Device_2972,Sensor,672.06,474,185.58,0.003551580335721605,4.932,52.84,0.0018991405448006318,0.0003866331391307688,7931,9.874,567,2020,4049,3,8,22042,5,65422,200,Normal,0,NF-CSE-CIC-IDS2018-v2
Device_2973,Sensor,52.02,99,194.2,0.005879028230214801,4.564,18.77,0.004735728231145161,0.0008479581941762928,901,8.042,83,188,2699,3,8,65032,28,38084,200,Normal,0,NF-CSE-CIC-IDS2018-v2
Device_2974,Camera,113.65,76,105.49,0.008719260252446721,2.879,85.23,0.002507725905851538,0.00011107183328402473,4644,1.19,676,1189,693,0,8,33144,1,76023,331,Normal,0,NF-ToN-IoT-v2
Device_2975,Gateway,3.92,464,43.37,0.0027598829540625065,2.886,66.3,0.0028265535701330682,0.00067022798381676,6528,7.201,318,343,1697,11,0,19835,15,65162,200,Normal,0,NF-BoT-IoT-v2
Device_2976,Camera,999.46,245,135.14,0.0013001460064682724,4.556,87.57,0.004412630934035763,0.0009814442609022618,4240,8.124,875,1175,498,3,8,27045,1,19574,530,Normal,0,NF-CSE-CIC-IDS2018-v2
Device_2977,Gateway,802.27,209,195.33,0.005632439943792694,3.363,93.63,0.00443684061744429,3.2160584846234196e-05,1652,4.201,679,1067,1632,0,8,25507,28,20181,200,Normal,0,NF-CSE-CIC-IDS2018-v2
Device_2978,Router,786.72,477,175.71,0.0018473621029287512,2.915,81.54,0.0026867875501596894,0.000966235256774198,2892,3.368,628,1802,3589,0,8,34619,5,38639,220,Normal,0,NF-CSE-CIC-IDS2018-v2
Device_2979,Actuator,509.73,341,173.74,0.006142581516286876,3.871,96.07,0.0006571471437933255,2.822068165410422e-05,2823,5.888,297,1862,3985,0,8,58107,15,62167,200,Normal,0,NF-ToN-IoT-v2
Device_2980,Router,300.07,236,187.43,0.002708862280588947,1.558,95.65,0.0014255292069380251,0.000842737963874472,5676,5.24,700,2022,3202,3,8,4840,5,71991,226,Normal,0,NF-ToN-IoT-v2
Device_2981,Gateway,151.26,474,179.85,0.0023865337425761843,4.453,63.84,0.0023387521800299987,0.0009616319754625182,2122,2.726,767,1675,3957,11,0,10458,1,50156,226,Normal,0,NF-CSE-CIC-IDS2018-v2
Device_2982,Actuator,284.67,357,157.49,0.0040518895733900225,2.891,74.18,0.0037807305263716437,0.0009930971084491976,4770,4.034,342,1963,3141,3,0,36920,15,24994,150,Port_Scan,1,NF-ToN-IoT-v2
Device_2983,Sensor,375.97,242,146.47,0.005972598399823665,3.216,71.44,0.0035872405668126496,0.00046453012756084665,9722,5.49,834,1600,3939,11,8,21166,1,16085,425,Normal,0,NF-BoT-IoT-v2
Device_2984,Sensor,756.31,275,60.31,0.005498644962198199,0.905,64.01,0.0032492703529688497,0.0008682879311877086,4288,5.841,955,1175,3376,3,0,36977,1,31622,226,Port_Scan,1,NF-CSE-CIC-IDS2018-v2
Device_2985,Camera,539.66,95,128.05,0.0025228713246263075,1.893,6.84,0.004413203243031487,0.000131116147599309,703,5.364,865,1823,3190,0,8,5849,5,43174,530,Normal,0,NF-BoT-IoT-v2
Device_2986,Gateway,77.48,111,109.08,0.008922055077088424,2.42,38.81,0.004032967400704915,0.0004311304952281188,7128,8.476,424,114,2494,0,0,60661,28,71018,530,Normal,0,NF-CSE-CIC-IDS2018-v2
Device_2987,Gateway,18.03,450,173.77,0.0011878315003784905,2.363,14.51,0.004912359779957388,0.00031489522642119623,7250,0.414,987,724,2545,8,0,47578,1,37512,425,Port_Scan,1,NF-BoT-IoT-v2
Device_2988,Sensor,102.33,490,103.43,0.0004907288744359195,4.002,33.52,0.004456876752572463,0.00040122528010100777,6996,3.397,19,1283,3605,0,0,40003,1,25017,226,DDoS,1,NF-CSE-CIC-IDS2018-v2
Device_2989,Router,410.5,223,34.27,0.006066792067121357,1.77,11.51,0.0010587164964327997,0.0007049610437417483,8618,7.523,823,1049,3206,11,0,14130,2,25012,331,DDoS,1,NF-ToN-IoT-v2
Device_2990,Actuator,933.19,117,10.94,0.0013217309638482173,1.319,92.4,0.00038232117104993856,9.66053980423277e-05,6062,6.553,880,1842,1693,0,8,14393,5,78453,226,Normal,0,NF-ToN-IoT-v2
Device_2991,Router,637.4,174,138.8,0.005098419061361716,3.122,47.88,0.002131103625817184,0.0009981823207253437,8078,9.191,814,217,1537,8,0,18735,1,51206,200,Brute_Force,1,NF-CSE-CIC-IDS2018-v2
Device_2992,Router,801.83,470,114.48,0.009522555515655362,3.268,22.99,0.003125771809416267,0.0006387164874465505,2875,5.921,4,1908,543,0,8,19429,2,9370,331,Data_Exfiltration,1,NF-CSE-CIC-IDS2018-v2
Device_2993,Sensor,466.37,100,72.88,0.007015944687382623,1.047,60.55,0.003251207148505692,0.0008747824107065394,3739,6.418,467,1266,1230,0,0,44346,5,19083,530,Normal,0,NF-BoT-IoT-v2
Device_2994,Sensor,361.67,201,42.1,0.006212820145937829,0.511,23.66,0.0014108125314399576,0.0008313986095863914,8882,7.079,190,1816,2133,3,0,9291,15,36376,226,Botnet,1,NF-ToN-IoT-v2
Device_2995,Sensor,108.4,344,98.68,0.00579057172623558,4.629,81.42,0.004313416725798485,0.0007683375685984184,1538,1.943,281,1951,624,11,0,43310,28,55131,530,Normal,0,NF-ToN-IoT-v2
Device_2996,Camera,875.93,95,29.05,0.0018774385967759686,0.858,34.06,0.001713307671862592,4.8831295812841894e-05,950,7.557,63,74,3557,8,8,27534,5,35917,200,DDoS,1,NF-BoT-IoT-v2
Device_2997,Router,783.16,231,73.86,0.004383213463818234,4.54,34.92,0.004603661571277403,0.0005213024058177047,539,3.069,966,1564,2759,3,0,22126,1,58719,150,DoS,1,NF-CSE-CIC-IDS2018-v2
Device_2998,Gateway,168.12,372,82.05,0.003490982722930949,2.296,87.65,0.002410846866385785,0.0003348668924523617,7900,4.303,879,104,1479,8,0,34415,2,36059,530,Port_Scan,1,NF-CSE-CIC-IDS2018-v2
Device_2999,Actuator,512.26,433,98.47,0.009535435789998421,3.439,58.12,0.00015091426360499654,0.00012180972466362183,6957,0.239,781,1996,3878,0,0,51933,2,7820,331,Normal,0,NF-CSE-CIC-IDS2018-v2
Device_3000,Camera,487.37,110,98.66,0.0024989702905701774,1.335,89.29,0.0008940024248542563,0.00034956030435570417,6675,8.451,254,1909,2723,8,8,31437,15,81949,200,Normal,0,NF-CSE-CIC-IDS2018-v2
Device_3001,Gateway,625.09,235,58.83,0.004768012076820909,4.208,44.22,0.0006013643576094884,0.0006483550069351006,9957,9.54,627,1074,2579,3,0,44615,2,59131,331,Normal,0,NF-BoT-IoT-v2
Device_3002,Router,946.19,373,171.54,0.009386985696434876,1.311,37.67,0.0003157263994215074,0.00023832016433592278,3008,0.696,854,196,3428,0,0,40824,1,13838,150,Botnet,1,NF-BoT-IoT-v2
Device_3003,Sensor,579.77,69,77.55,0.007912888459149219,2.239,53.09,0.0035986848229723123,0.0004501494749303208,5293,6.388,772,298,2823,3,8,58843,5,22626,530,Normal,0,NF-CSE-CIC-IDS2018-v2
Device_3004,Router,540.22,491,53.62,0.009648700868915788,1.571,10.84,0.0010423477779959707,0.0004104493011923638,1357,9.612,2,1495,2957,11,0,47096,15,55820,150,Normal,0,NF-BoT-IoT-v2
Device_3005,Actuator,50.32,259,43.4,0.006122469525955212,4.269,19.65,0.004209236992591782,6.193833317834706e-05,1644,6.108,67,1183,2067,11,0,47966,28,75457,331,DDoS,1,NF-BoT-IoT-v2
Device_3006,Camera,62.91,57,71.29,0.003404489861984747,4.363,25.85,0.001395897261190707,0.0006318017040889728,2005,8.0,878,1976,184,11,8,32769,28,63809,530,Normal,0,NF-CSE-CIC-IDS2018-v2
Device_3007,Camera,187.35,126,22.84,0.008283832777094184,2.174,82.58,0.0002584028218051232,0.0006226584332696086,1915,1.269,286,898,2850,8,0,24398,1,31482,530,DoS,1,NF-CSE-CIC-IDS2018-v2
Device_3008,Actuator,32.47,236,16.25,0.002985417086596369,1.883,74.71,0.004121309185478623,0.0009667503601945347,2376,2.524,132,1508,4056,11,8,16060,15,61885,200,Normal,0,NF-BoT-IoT-v2
Device_3009,Gateway,743.35,371,124.98,0.001731250738927671,3.981,23.36,0.0023841146676018368,0.0003050251644651623,1550,3.523,48,1356,1525,8,8,54311,15,24151,220,Normal,0,NF-ToN-IoT-v2
Device_3010,Gateway,723.33,412,127.64,0.007092259258986174,4.453,31.29,0.00303757665731807,0.00042476151835560075,3644,9.814,555,1373,814,8,8,57002,1,7699,331,Normal,0,NF-CSE-CIC-IDS2018-v2
Device_3011,Camera,136.06,465,110.62,0.006425661068990159,3.308,94.7,0.0017475137143436593,0.000409601246125919,5006,7.84,605,1918,852,3,0,62511,15,85297,425,Normal,0,NF-BoT-IoT-v2
Device_3012,Camera,836.08,496,154.83,0.008801594135694415,4.673,13.15,0.0003255979411626449,0.0009205464619759209,3734,8.868,941,685,1188,0,8,47815,2,8639,530,Normal,0,NF-BoT-IoT-v2
Device_3013,Sensor,154.79,42,17.44,0.009623055102378902,2.224,57.01,0.0019138677369042107,0.00041456282223537873,5948,4.922,993,2028,958,0,8,14276,2,62032,220,Normal,0,NF-ToN-IoT-v2
Device_3014,Gateway,301.18,53,187.83,0.008586256113523085,1.183,54.59,0.0026396032144385033,0.0004483365027638991,8465,7.196,653,65,1070,3,0,63475,1,71105,530,Normal,0,NF-BoT-IoT-v2
Device_3015,Actuator,248.98,485,28.06,0.0006942157961238806,1.308,73.94,0.00015726435732943086,0.00025982108884982927,9390,7.342,47,129,250,11,0,18488,1,43764,425,Normal,0,NF-ToN-IoT-v2
Device_3016,Gateway,372.31,174,138.06,0.006678682986524456,3.514,29.84,0.0029140211577987117,1.1156464959807246e-05,1222,5.732,231,1265,1246,3,0,15871,2,66750,200,DDoS,1,NF-ToN-IoT-v2
Device_3017,Sensor,254.66,377,35.35,0.007868850887354053,2.334,93.8,0.004475906557339948,0.00011934616466161379,7384,8.792,736,347,581,3,8,30403,5,5216,530,Normal,0,NF-BoT-IoT-v2
Device_3018,Camera,488.95,354,177.18,0.009821094371066747,1.203,44.01,0.0011674185598581288,0.0007068502599130358,5452,1.667,284,1375,2793,0,8,6155,1,61007,425,Normal,0,NF-CSE-CIC-IDS2018-v2
Device_3019,Camera,407.41,301,107.04,0.0038091468651750737,1.815,32.14,0.004641168889627154,0.0006856706374418863,2276,0.669,549,741,4022,8,8,8649,2,56896,226,Brute_Force,1,NF-CSE-CIC-IDS2018-v2
Device_3020,Sensor,986.57,346,25.64,0.0017818277139843642,2.888,37.0,0.0005782817422355714,0.0003293052671164224,4937,3.11,28,1490,1267,3,0,7491,5,33112,331,Normal,0,NF-BoT-IoT-v2
Device_3021,Actuator,55.93,353,127.18,0.00854403731179249,1.047,38.13,0.004144638116091826,0.0004782761654695059,6433,0.974,411,1311,3566,3,8,4786,5,52862,150,Normal,0,NF-BoT-IoT-v2
Device_3022,Camera,142.18,414,11.73,0.0032429207619622978,0.515,23.9,0.004217589355680571,0.0003044046094465131,6411,0.697,473,1609,3347,8,8,15945,2,57898,425,DoS,1,NF-CSE-CIC-IDS2018-v2
Device_3023,Router,52.83,395,157.44,0.006022198768359203,4.628,93.17,0.0013630233282008806,0.0007336072246723161,9984,4.249,670,436,2011,0,0,8732,2,17006,530,Normal,0,NF-CSE-CIC-IDS2018-v2
Device_3024,Camera,625.84,296,133.61,0.003959958165708699,1.872,21.61,0.00479343269875149,0.000844074356605341,390,2.085,902,647,1064,11,8,11355,15,39880,425,Data_Exfiltration,1,NF-CSE-CIC-IDS2018-v2
Device_3025,Router,54.51,373,50.4,0.004083029941910747,1.497,88.87,0.0021413337559877104,0.0009001142397289205,7608,7.922,222,1956,3811,3,0,18204,5,83687,226,Botnet,1,NF-CSE-CIC-IDS2018-v2
Device_3026,Sensor,836.44,234,81.2,0.0073513983438567715,3.643,43.47,0.0007921548285814097,0.0001821326082069096,1518,5.84,376,1889,703,11,0,51538,28,52504,200,DDoS,1,NF-CSE-CIC-IDS2018-v2
Device_3027,Sensor,511.94,295,11.48,0.003678603740865393,4.34,30.58,0.0029994008090531163,0.0006980665744162076,5693,3.67,9,1509,1895,11,8,36210,15,33528,530,Normal,0,NF-BoT-IoT-v2
Device_3028,Camera,527.01,213,141.8,0.006961443618407822,3.345,23.86,0.004983412049821805,0.0009633746303592836,5410,2.937,902,913,793,3,8,65130,15,45612,530,DoS,1,NF-BoT-IoT-v2
Device_3029,Gateway,561.59,181,71.31,0.00024185170897779082,1.645,52.91,0.004506528589900543,0.0006541055870899845,2088,5.675,413,1244,716,11,8,60150,5,3722,150,Normal,0,NF-ToN-IoT-v2
Device_3030,Router,170.81,21,118.6,0.0033140091610383724,4.377,68.58,0.001465153847964002,0.00035746440216509804,8859,4.397,471,1959,496,3,8,61695,5,28070,331,Botnet,1,NF-CSE-CIC-IDS2018-v2
Device_3031,Actuator,197.69,316,191.78,0.0032585359104012604,2.797,90.33,0.00292723433695404,0.0006395869021426911,5738,0.652,70,865,2755,8,0,61324,5,69785,200,DDoS,1,NF-CSE-CIC-IDS2018-v2
Device_3032,Camera,318.82,130,66.9,0.007513469330377499,2.215,66.98,0.0006653015324164014,0.0006915417917977247,5270,6.685,342,886,4001,8,0,65012,1,68708,331,DoS,1,NF-ToN-IoT-v2
Device_3033,Actuator,593.5,442,198.15,0.0032141154486537158,3.221,50.95,0.002363039541251738,0.0004030768268617906,3138,5.048,66,1629,2874,8,8,40888,2,62173,530,Normal,0,NF-CSE-CIC-IDS2018-v2
Device_3034,Camera,210.12,253,130.22,0.006369938610414322,3.653,8.18,0.002663043331686789,0.0001129510410423824,2403,2.841,607,1971,3001,8,0,56417,2,85446,226,DoS,1,NF-ToN-IoT-v2
Device_3035,Gateway,116.33,161,56.0,0.0069163915808678625,3.172,91.97,0.0016448636618225298,0.0006105932688450211,408,2.975,693,1443,164,0,0,13357,2,58282,530,Normal,0,NF-CSE-CIC-IDS2018-v2
Device_3036,Gateway,970.12,161,92.99,0.006618412887551441,4.641,90.73,0.0024725167063913275,0.0008041193925115596,2238,4.583,70,1198,2431,8,8,29715,5,2989,331,Normal,0,NF-CSE-CIC-IDS2018-v2
Device_3037,Gateway,21.98,197,150.69,0.0060726074423817795,3.326,40.98,0.004607698445087751,0.0009976007189184983,2296,8.293,746,1277,1185,3,0,49105,15,62463,425,DDoS,1,NF-ToN-IoT-v2
Device_3038,Gateway,802.7,404,94.83,0.004194806808559008,4.454,7.76,0.0025506744221806803,0.00023082772389331263,561,4.288,261,471,911,3,8,25658,5,64601,150,Data_Exfiltration,1,NF-CSE-CIC-IDS2018-v2
Device_3039,Sensor,788.04,22,23.02,0.0037957192790697234,3.141,74.67,0.004171852521781228,0.0007033850844399177,3920,8.412,532,563,2390,3,8,63727,5,63036,530,Normal,0,NF-BoT-IoT-v2
Device_3040,Sensor,297.21,100,42.03,0.0056893821779213085,1.984,80.21,0.0016552131029008259,3.7762768164412906e-05,8059,4.306,396,1335,2809,11,0,16759,15,6740,331,Data_Exfiltration,1,NF-CSE-CIC-IDS2018-v2
Device_3041,Router,135.63,209,160.35,0.0007306607145948306,2.895,56.53,0.00485988068962516,0.0009701270269503329,4832,8.316,358,808,1942,3,8,37923,28,5113,226,Botnet,1,NF-CSE-CIC-IDS2018-v2
Device_3042,Actuator,145.63,83,133.19,0.008770616436310108,0.889,43.27,0.0005579698438814088,2.2438816909136708e-05,745,9.322,358,1303,1230,0,0,9728,1,8676,226,Botnet,1,NF-BoT-IoT-v2
Device_3043,Camera,697.43,265,118.27,0.008270619916000397,1.536,85.86,0.002969374569525747,0.0003652070120223244,6114,0.304,392,147,3480,0,0,23385,28,23231,150,Brute_Force,1,NF-BoT-IoT-v2
Device_3044,Camera,642.81,465,41.85,0.003529208698668178,3.948,23.29,0.0039704501963173326,8.563874524646989e-05,9688,0.716,376,436,1948,0,0,24962,5,74913,220,Botnet,1,NF-CSE-CIC-IDS2018-v2
Device_3045,Sensor,782.75,457,169.17,0.00571150932151775,3.477,46.76,0.004088800832920203,0.0006247582819919882,3368,1.427,186,1310,2467,0,0,58155,2,51156,425,Normal,0,NF-CSE-CIC-IDS2018-v2
Device_3046,Camera,937.48,285,192.54,0.009329054212026186,1.249,7.33,0.0010715774428565054,0.0003461047976519434,8015,1.309,305,328,3006,0,8,49334,2,26487,220,Normal,0,NF-CSE-CIC-IDS2018-v2
Device_3047,Sensor,691.93,337,17.77,0.002789204294379757,2.471,20.58,0.0020680648545564322,0.0007356144920171559,9862,4.599,64,1580,1678,0,8,59707,15,24317,331,Normal,0,NF-ToN-IoT-v2
Device_3048,Router,155.85,338,24.83,0.0074503071501790495,1.139,94.38,0.003158561245074105,0.0004915142860013715,915,7.664,178,932,2980,8,0,62850,5,38791,226,Normal,0,NF-BoT-IoT-v2
Device_3049,Actuator,243.44,80,178.1,0.0009190448924779512,4.351,59.92,0.0016478252778848413,0.00042520938218844535,2005,9.617,235,2015,3490,0,0,63572,15,6744,530,Data_Exfiltration,1,NF-BoT-IoT-v2
Device_3050,Router,842.19,87,164.95,0.005281384259962614,0.991,81.53,0.0033256504745460516,0.000355031185623644,8140,4.236,865,589,493,11,8,58814,15,77791,200,DDoS,1,NF-CSE-CIC-IDS2018-v2
Device_3051,Gateway,209.31,293,127.41,0.008851294381528247,3.444,51.22,0.001956025289432242,9.526787534450593e-05,4998,6.916,762,365,1126,0,8,40529,1,39884,200,Normal,0,NF-CSE-CIC-IDS2018-v2
Device_3052,Gateway,72.52,139,189.54,0.0055619219130758285,3.232,84.31,0.0018192449806675895,0.00021277660415242264,3304,6.392,807,1809,3438,3,0,11934,15,60728,226,Data_Exfiltration,1,NF-CSE-CIC-IDS2018-v2
Device_3053,Gateway,703.28,386,132.82,0.006200902985687305,2.627,56.2,0.000629534040303007,0.0006427114799386007,1229,3.993,40,1126,3684,3,8,59127,5,61036,200,Normal,0,NF-CSE-CIC-IDS2018-v2
Device_3054,Router,402.53,52,51.04,0.009085629003764487,1.752,5.43,0.0002923391063799241,0.0005017841518533746,1897,7.239,287,997,2536,11,0,19683,1,20146,425,Normal,0,NF-BoT-IoT-v2
Device_3055,Camera,920.04,17,148.44,0.007182070336493049,2.318,90.47,0.004192841571059692,7.938855708950397e-05,3514,5.96,259,90,1435,0,8,35644,2,43405,150,Normal,0,NF-CSE-CIC-IDS2018-v2
Device_3056,Actuator,650.26,22,132.68,0.00698910983422023,4.129,19.11,0.002498768011564763,0.0005485122004634563,2584,7.623,467,747,492,8,0,39984,1,61560,331,Normal,0,NF-CSE-CIC-IDS2018-v2
Device_3057,Gateway,90.42,222,197.29,0.005905201818719695,3.927,47.8,0.0028580783527241325,6.360123483459204e-05,6323,2.017,240,1037,1373,8,8,52011,5,9983,226,Normal,0,NF-CSE-CIC-IDS2018-v2
Device_3058,Gateway,947.86,120,50.64,0.006366587280504943,3.825,50.28,0.0019238830103895546,0.0005166096780447884,7823,3.667,503,1106,518,8,8,5043,28,51368,331,DDoS,1,NF-CSE-CIC-IDS2018-v2
Device_3059,Gateway,258.56,485,123.6,0.008056683697764511,3.874,9.49,0.0007700360228214752,0.0009653118324299002,788,6.745,584,47,1411,8,8,34590,1,19828,150,Normal,0,NF-CSE-CIC-IDS2018-v2
Device_3060,Actuator,337.21,300,158.23,0.00979440752464272,1.147,10.04,0.0023029027886869117,0.00031427110819309806,8867,1.336,542,1559,582,0,0,47943,28,70708,200,Data_Exfiltration,1,NF-ToN-IoT-v2
Device_3061,Gateway,402.26,32,74.41,0.00797372100468106,0.946,77.44,0.0012218896823527267,0.0007262681072557537,6531,7.727,351,82,3488,11,0,47960,1,24152,226,Brute_Force,1,NF-BoT-IoT-v2
Device_3062,Actuator,51.22,311,82.14,0.007104614633107263,4.377,33.54,0.004204646929208331,0.0007480965201860555,6101,1.421,541,1791,1902,8,0,2992,1,29161,425,Normal,0,NF-CSE-CIC-IDS2018-v2
Device_3063,Gateway,496.52,263,178.7,0.001441894347753997,4.267,43.91,0.004935263836565,0.0004108109380770283,7199,3.312,966,1183,1390,0,8,4397,15,20086,150,Brute_Force,1,NF-ToN-IoT-v2
Device_3064,Router,123.32,24,86.8,0.008189095835672762,3.566,58.59,0.004456571063831448,0.0005973592292721108,6521,2.452,312,1225,273,0,0,29621,28,1763,150,Normal,0,NF-ToN-IoT-v2
Device_3065,Router,400.97,139,128.7,0.007386344237247161,3.227,40.47,0.002688543903035589,0.0004773256297905622,7138,0.704,962,1834,654,0,8,13011,28,73871,530,Normal,0,NF-ToN-IoT-v2
Device_3066,Actuator,350.71,70,178.96,0.007727278734472216,2.151,78.63,0.003177845551392018,0.0002905293895136983,2939,2.78,599,1635,957,0,0,27274,1,18318,425,Port_Scan,1,NF-CSE-CIC-IDS2018-v2
Device_3067,Router,772.84,124,49.87,0.002387855134608788,1.508,89.02,0.004745800459422267,0.0007571946742485346,3174,9.124,108,1688,930,0,0,55911,5,26126,331,Brute_Force,1,NF-ToN-IoT-v2
Device_3068,Actuator,803.17,469,196.56,0.009044092595755185,3.504,10.67,0.0027395414745847533,0.0007057983494919217,2625,0.367,831,1020,4004,3,0,1088,5,26111,226,Data_Exfiltration,1,NF-BoT-IoT-v2
Device_3069,Router,153.41,329,143.37,0.0010630855466339357,4.609,65.36,0.003229086704128598,0.0009015433759274984,2117,0.267,30,1235,2555,0,8,34260,28,2617,331,Normal,0,NF-ToN-IoT-v2
Device_3070,Router,366.55,317,104.26,0.0026107593513502707,2.466,35.18,0.003183224568337408,0.0006219449178630067,3478,7.072,309,769,3268,0,0,48784,15,74678,331,DoS,1,NF-ToN-IoT-v2
Device_3071,Actuator,373.35,429,91.87,0.006663932039411577,1.864,60.41,0.003569793643881079,0.00039483293978423396,9343,3.732,486,2024,239,0,8,43379,15,56588,150,DDoS,1,NF-CSE-CIC-IDS2018-v2
Device_3072,Camera,151.41,460,191.33,0.006769773191927051,1.718,50.97,0.0032373969879337617,0.0007168674825216484,8378,2.374,46,937,3222,3,8,47643,5,80158,331,DDoS,1,NF-BoT-IoT-v2
Device_3073,Router,798.45,334,49.09,0.003201913206378166,0.607,36.7,0.003386456450472306,0.0006228458672630558,3197,5.138,359,359,824,3,8,46673,15,81853,200,Normal,0,NF-CSE-CIC-IDS2018-v2
Device_3074,Gateway,707.23,76,69.22,0.0070450457934069675,2.841,14.01,0.003656882913940711,0.0006204480508726284,7624,2.74,137,1758,3593,11,8,5596,1,56753,530,Normal,0,NF-CSE-CIC-IDS2018-v2
Device_3075,Camera,190.38,258,68.48,0.0039405123227832335,4.947,58.15,0.004064586225372949,0.000851339379457939,6548,3.981,775,963,280,11,0,17737,1,42059,530,Normal,0,NF-CSE-CIC-IDS2018-v2
Device_3076,Actuator,366.72,184,64.91,0.0001017376069934407,4.169,15.72,0.00207496934938872,0.0009113638533594833,1377,7.182,575,2047,1493,0,8,18440,28,4777,530,Botnet,1,NF-CSE-CIC-IDS2018-v2
Device_3077,Camera,105.81,348,99.02,0.001709800709645097,4.539,19.83,0.003754586522876833,0.00018843924777747043,6866,1.257,431,332,2974,8,8,14497,2,70117,200,Normal,0,NF-ToN-IoT-v2
Device_3078,Sensor,628.21,11,197.94,0.008837920924659926,3.295,98.31,0.0005909984198544153,0.00032090972197508294,8811,9.601,556,1306,1494,0,0,1427,5,72388,150,Normal,0,NF-BoT-IoT-v2
Device_3079,Sensor,121.37,181,178.87,0.0023046707161212465,2.667,35.09,0.00439332184798349,0.000653802643957866,6170,0.521,251,549,667,11,8,15070,5,63983,530,Data_Exfiltration,1,NF-ToN-IoT-v2
Device_3080,Router,985.93,494,72.31,0.0012178123547028716,4.957,60.52,0.0015212171087550398,0.0005616490213725263,7096,8.085,433,293,1516,8,8,642,2,85234,331,Brute_Force,1,NF-CSE-CIC-IDS2018-v2
Device_3081,Router,780.68,457,90.35,0.006853785998738627,2.512,30.86,0.00207695553902769,0.0006558029078044648,7453,7.273,847,122,1806,8,0,14976,15,70073,530,Data_Exfiltration,1,NF-ToN-IoT-v2
Device_3082,Gateway,390.24,474,137.2,0.004462993779856388,4.626,87.22,0.004037691022021792,0.0004386844533339167,8678,2.893,207,225,3367,11,8,21307,1,34777,200,Normal,0,NF-CSE-CIC-IDS2018-v2
Device_3083,Camera,578.56,343,13.26,0.007986250270336679,3.928,31.92,0.003221236486645928,0.000418314623578889,7767,1.271,981,1384,883,0,0,37728,1,60414,220,Normal,0,NF-BoT-IoT-v2
Device_3084,Sensor,911.34,293,165.83,0.008628304852201302,1.989,39.85,0.0016122771502707239,0.00012647736620713696,113,8.539,446,1119,1798,11,8,56625,5,54915,220,Brute_Force,1,NF-CSE-CIC-IDS2018-v2
Device_3085,Router,554.1,484,177.16,0.008475289886133592,2.764,62.8,0.0012044556445107374,0.0006274117577034855,7497,6.828,59,1349,3565,8,8,25223,5,3572,331,DoS,1,NF-CSE-CIC-IDS2018-v2
Device_3086,Camera,174.5,63,172.87,0.0031987912700492437,2.229,87.65,0.00479280079868189,0.0001840277960393112,4286,2.98,206,2020,1125,3,0,17297,15,79725,150,Normal,0,NF-ToN-IoT-v2
Device_3087,Router,378.7,467,81.26,0.0051049047858848255,1.113,82.54,0.0005301041690547754,0.0006743113796815923,3575,0.268,971,257,2535,0,8,3869,15,47605,530,Normal,0,NF-ToN-IoT-v2
Device_3088,Router,843.14,76,97.78,0.006536403173004946,2.105,30.07,0.00012124203218577225,0.0009674015207976814,103,9.391,331,476,3534,11,0,39008,5,3211,200,DoS,1,NF-CSE-CIC-IDS2018-v2
Device_3089,Sensor,644.21,429,12.35,0.003287632564112827,4.5,83.81,0.003397381021203116,0.0002638486992015325,3390,4.102,596,365,2992,11,8,30613,15,54053,226,DoS,1,NF-CSE-CIC-IDS2018-v2
Device_3090,Sensor,650.72,111,85.89,0.0005068832219948796,3.887,71.61,0.0031109246927043402,0.0001507307822961087,8030,1.845,525,2025,3076,11,0,16208,2,6983,226,Port_Scan,1,NF-BoT-IoT-v2
Device_3091,Router,866.82,129,97.48,0.0050070773847395,1.749,99.03,0.0037143084184637406,3.3933492828124286e-05,9894,9.127,749,1118,3019,3,8,47593,1,14830,200,Port_Scan,1,NF-ToN-IoT-v2
Device_3092,Actuator,893.97,200,182.33,0.00022690150130937753,2.156,93.87,0.0036850057748843293,0.0003850389144818857,4926,3.654,158,1934,3724,3,0,45576,5,35691,331,Normal,0,NF-CSE-CIC-IDS2018-v2
Device_3093,Router,919.79,418,179.86,0.009511391684786877,3.274,55.65,0.004329969723603513,0.0002224649482683243,7640,4.686,104,528,2690,0,8,51477,2,17329,530,DDoS,1,NF-BoT-IoT-v2
Device_3094,Router,94.85,479,193.56,0.007987168096122961,2.373,76.24,0.004618332093001438,0.0004969408289124967,6260,7.016,359,1638,248,0,8,9097,2,47741,220,Port_Scan,1,NF-CSE-CIC-IDS2018-v2
Device_3095,Gateway,544.13,313,178.17,0.002000896787583586,2.764,59.17,0.003897620482463641,0.000529062967712823,4073,8.212,852,1587,3512,0,0,59893,28,36442,220,Normal,0,NF-BoT-IoT-v2
Device_3096,Gateway,740.51,432,11.56,0.002946960314030091,3.642,61.52,0.001238234727948274,0.0003558344669333307,9934,1.092,365,1514,2386,11,8,33760,5,16040,200,Normal,0,NF-CSE-CIC-IDS2018-v2
Device_3097,Gateway,756.93,56,131.88,0.009830101625392438,2.603,14.64,0.0023711312736649733,0.0007524071600553612,9781,8.997,555,1388,665,3,8,4591,28,31491,425,Normal,0,NF-ToN-IoT-v2
Device_3098,Actuator,606.72,231,22.97,0.0037981306859989137,1.359,5.21,0.003244404679213856,0.0009057586040050938,6687,9.332,179,1046,1373,0,8,52710,2,33341,530,Normal,0,NF-BoT-IoT-v2
Device_3099,Actuator,166.79,30,61.79,0.007858851338595534,2.843,9.58,0.0027428898173392354,0.00021940786681534132,6477,2.667,358,276,1435,3,0,43330,5,13217,220,DoS,1,NF-CSE-CIC-IDS2018-v2
Device_3100,Router,797.42,167,119.88,0.004523473137350619,2.103,96.83,0.000878597810929661,0.0008379347956720652,3333,5.024,264,95,2830,8,8,9424,28,17058,200,Normal,0,NF-CSE-CIC-IDS2018-v2
Device_3101,Gateway,720.11,357,143.12,0.00865454964859604,1.808,17.0,0.0029874378500578235,0.00013987602075782437,9987,8.593,755,2032,593,0,8,55304,1,80745,150,Normal,0,NF-BoT-IoT-v2
Device_3102,Actuator,86.14,168,134.38,0.0070671597307989395,1.976,9.22,0.004443990382226481,0.00023641516269806234,1486,4.925,549,836,1076,3,8,34094,5,26376,220,Botnet,1,NF-BoT-IoT-v2
Device_3103,Sensor,463.81,386,19.32,0.0003268095929224776,2.476,34.42,0.0021507343939989785,0.0005658015293714475,7643,4.872,874,1931,2867,0,0,46887,28,44868,425,Botnet,1,NF-ToN-IoT-v2
Device_3104,Router,173.98,381,29.68,0.0030144598707984483,4.49,60.88,0.0033777708397334768,0.00031351567386805434,4892,6.223,353,963,1918,3,0,27939,15,69398,331,Data_Exfiltration,1,NF-CSE-CIC-IDS2018-v2
Device_3105,Camera,337.48,419,34.43,0.0056241239174451806,3.803,95.1,0.003118078002754057,5.1293682682957506e-05,1297,7.698,858,1792,70,3,0,56978,5,24628,425,Normal,0,NF-CSE-CIC-IDS2018-v2
Device_3106,Router,18.08,244,27.37,0.009269123036290563,3.505,71.49,0.0019475113705871288,0.00030192342029268765,2385,6.69,364,1321,251,11,8,30049,15,64254,220,Normal,0,NF-ToN-IoT-v2
Device_3107,Camera,400.33,159,43.86,0.0011100959569507547,2.621,31.25,0.002869828915021441,0.0009058214867109337,9279,6.303,250,193,1687,8,8,29697,5,32941,200,Botnet,1,NF-CSE-CIC-IDS2018-v2
Device_3108,Gateway,549.88,414,140.81,0.0060515091233395634,0.508,94.21,0.001130038966104419,0.00018248093030260286,3059,3.78,120,1100,1203,0,8,36780,28,43529,226,DoS,1,NF-CSE-CIC-IDS2018-v2
Device_3109,Camera,619.58,266,167.86,0.00309154964098531,2.032,8.42,0.0027759255676064183,0.0007661133710443483,1361,6.338,192,1886,2610,3,0,54746,28,62888,220,Port_Scan,1,NF-CSE-CIC-IDS2018-v2
Device_3110,Gateway,663.49,174,87.67,0.008904345041992459,4.159,98.01,0.004014264993402858,0.0007250591859444365,9547,1.122,807,1836,126,0,0,12114,5,53861,425,Normal,0,NF-CSE-CIC-IDS2018-v2
Device_3111,Sensor,836.29,86,141.63,0.007675179135619282,2.247,10.57,0.0038188440709972047,0.00011516256790359963,8879,4.155,904,56,504,3,8,35488,2,68862,200,Normal,0,NF-ToN-IoT-v2
Device_3112,Camera,215.46,94,48.0,0.003760056947891925,3.037,76.62,0.001853977294054651,0.00033614853493802805,1640,1.965,62,1950,1431,8,0,32251,28,66637,220,Normal,0,NF-ToN-IoT-v2
Device_3113,Router,120.48,55,194.92,0.0017543213226952755,1.421,9.3,0.000649217557941893,0.00019746272624732283,7997,5.422,210,331,650,3,8,26687,5,43583,220,DoS,1,NF-BoT-IoT-v2
Device_3114,Gateway,851.54,402,76.5,0.00021382992673324796,4.621,93.5,0.004019718568695343,3.291867938133846e-05,9085,2.694,807,1280,442,3,0,18174,5,72114,220,Data_Exfiltration,1,NF-ToN-IoT-v2
Device_3115,Router,156.61,410,170.71,0.006249231061652293,4.654,15.32,0.001398691538523162,0.0001813102684835373,5763,5.109,910,105,2406,0,0,49561,1,13916,226,DDoS,1,NF-CSE-CIC-IDS2018-v2
Device_3116,Actuator,974.76,56,189.62,0.004120625695549314,1.157,9.8,0.0003599144593391318,0.0002095621622173917,6420,7.796,52,1171,1770,8,8,18038,15,29827,200,DoS,1,NF-ToN-IoT-v2
Device_3117,Gateway,842.54,222,174.3,0.0032160892793216145,3.759,89.48,0.002281445505058414,0.0001743204448313841,7767,4.397,722,183,1319,3,8,56430,1,1582,530,Port_Scan,1,NF-CSE-CIC-IDS2018-v2
Device_3118,Camera,500.88,488,22.74,0.009856472687204671,0.839,14.1,0.0037234055947780826,0.00010018623734294715,218,2.265,313,612,2551,0,8,38305,15,69902,425,Normal,0,NF-ToN-IoT-v2
Device_3119,Gateway,981.42,496,133.56,0.00471480714204712,3.193,80.8,0.0040616173683970195,0.0005310420808990876,1313,2.308,917,1769,2505,3,0,22206,15,77119,150,Normal,0,NF-CSE-CIC-IDS2018-v2
Device_3120,Router,97.38,68,32.82,0.0075234089080897,1.304,75.97,0.004912790531187476,0.0003294126512857784,8905,9.072,279,1870,3895,0,0,22427,1,58653,425,Brute_Force,1,NF-ToN-IoT-v2
Device_3121,Sensor,303.07,63,11.08,0.001856382930787239,1.156,61.89,0.0010280976517476053,0.0009091668677940383,4334,7.831,388,1146,4010,8,0,31951,2,10630,530,Data_Exfiltration,1,NF-BoT-IoT-v2
Device_3122,Gateway,638.22,351,19.84,0.0002332070516439564,0.519,40.91,0.0015395947672566105,0.0001953413333392428,7603,0.462,202,1617,800,11,0,54997,5,71776,331,Normal,0,NF-CSE-CIC-IDS2018-v2
Device_3123,Camera,350.01,21,184.07,0.004233869932535359,4.734,91.98,0.003086503442549536,0.0006068340037954817,3573,9.433,939,1939,3411,8,0,61531,28,26933,226,Normal,0,NF-ToN-IoT-v2
Device_3124,Actuator,928.37,201,182.61,0.0066900818659323515,4.232,87.75,0.0040755841158685215,0.000901614180422986,1389,1.214,139,1987,937,0,0,5197,5,70439,331,Normal,0,NF-CSE-CIC-IDS2018-v2
Device_3125,Sensor,65.63,15,52.91,0.005115327092216249,0.849,45.49,0.0012469676040882125,5.671775455522408e-05,2480,6.564,852,1344,767,8,8,52741,1,1058,331,Brute_Force,1,NF-BoT-IoT-v2
Device_3126,Actuator,549.41,318,113.94,0.008915615950481471,3.197,27.01,0.00210858080683142,0.0005211146962295836,323,5.56,19,123,3302,0,0,61322,2,64060,530,Normal,0,NF-CSE-CIC-IDS2018-v2
Device_3127,Gateway,590.87,153,191.46,0.004396395576752932,1.548,30.89,0.0021011632754172112,0.0004561621244058752,5779,0.562,321,903,162,0,0,33837,28,20491,150,Port_Scan,1,NF-BoT-IoT-v2
Device_3128,Router,652.73,355,104.37,0.003178927850215603,1.688,25.93,0.003887389992181773,0.0009294908219966349,2740,3.022,95,778,2994,8,0,46867,28,13608,220,DDoS,1,NF-CSE-CIC-IDS2018-v2
Device_3129,Router,255.67,270,84.78,0.009168881894455671,4.434,56.42,0.0012805678078267148,0.0006671271251456181,9278,7.781,130,1442,2523,11,0,38819,2,5908,150,Port_Scan,1,NF-CSE-CIC-IDS2018-v2
Device_3130,Camera,364.57,82,101.82,0.004127342558480371,1.014,87.51,0.004846916918010045,0.0003556697958525234,1123,3.138,105,1470,3363,8,0,19056,28,67947,331,Normal,0,NF-CSE-CIC-IDS2018-v2
Device_3131,Router,843.68,183,160.14,0.002769513830232155,3.207,78.49,0.0026012726819137654,0.0007144060063230673,1643,4.855,945,859,477,0,8,40463,28,30731,226,Normal,0,NF-CSE-CIC-IDS2018-v2
Device_3132,Sensor,194.94,241,100.68,0.001066844660419796,2.306,80.57,0.001482127499366039,0.0005868274805067123,7104,7.01,197,1596,377,11,0,6394,2,70180,331,Normal,0,NF-BoT-IoT-v2
Device_3133,Router,826.87,279,158.82,0.007953766754836626,1.359,47.59,0.0014929918926205842,0.00035369819905445657,9564,0.809,930,1227,2437,0,8,30149,1,24064,331,Port_Scan,1,NF-CSE-CIC-IDS2018-v2
Device_3134,Camera,562.66,437,92.02,0.008268405461898647,2.534,35.63,0.00018966993484945536,0.0007873961910570342,1879,8.343,260,716,3197,11,8,37319,1,19773,150,DDoS,1,NF-CSE-CIC-IDS2018-v2
Device_3135,Gateway,762.19,456,57.88,0.00042964805729520274,4.732,76.95,0.003492911364705821,0.0006714880622083006,1800,0.512,987,403,2240,8,0,65276,28,57715,200,Brute_Force,1,NF-CSE-CIC-IDS2018-v2
Device_3136,Gateway,713.61,371,72.03,0.003650591424175095,4.017,80.36,0.003902146683110429,1.536213535904501e-05,8099,2.698,39,1553,1849,8,0,17324,1,85299,331,Normal,0,NF-CSE-CIC-IDS2018-v2
Device_3137,Router,207.51,231,24.79,0.007523776900519802,1.095,71.06,0.000258896087326079,0.0008664832599508778,4083,7.654,501,1291,3587,0,8,21753,1,44555,200,DoS,1,NF-CSE-CIC-IDS2018-v2
Device_3138,Actuator,568.81,61,104.5,0.009469180290131734,4.322,8.05,0.0029710792417416707,0.00040312096339891905,9315,9.128,817,1097,1496,11,0,6115,28,63681,530,Port_Scan,1,NF-BoT-IoT-v2
Device_3139,Gateway,867.72,125,38.14,0.0038404010100645597,4.718,61.02,0.003930196072075067,0.0006489931245814479,7485,7.627,131,1204,486,0,0,40495,28,41274,220,Normal,0,NF-CSE-CIC-IDS2018-v2
Device_3140,Router,432.12,35,164.19,0.008733328970656986,1.746,37.97,0.001943576237115911,0.0004028006377621992,7694,2.347,154,831,2762,11,0,56944,1,72956,331,Data_Exfiltration,1,NF-BoT-IoT-v2
Device_3141,Camera,966.59,62,89.91,0.003997832024668732,2.0,23.64,0.002220433755987979,0.0008825484237915612,6258,9.859,553,1979,293,0,0,47875,15,26227,530,Port_Scan,1,NF-CSE-CIC-IDS2018-v2
Device_3142,Router,452.22,374,155.35,0.0018769968097022162,1.068,70.97,0.001871962009569487,0.000654327091727126,3939,4.192,321,756,1658,8,0,64687,2,34522,150,DDoS,1,NF-BoT-IoT-v2
Device_3143,Gateway,142.79,38,191.35,0.00013411682339100996,2.052,30.51,0.0016466885209757225,0.0005835923470092868,925,3.827,122,1742,740,3,8,35425,1,74134,425,Brute_Force,1,NF-BoT-IoT-v2
Device_3144,Camera,389.43,28,171.4,0.00336879212921351,3.529,91.72,0.0025065944458944117,0.0009804621026015222,2836,8.666,756,642,3647,0,8,26579,1,65618,220,Port_Scan,1,NF-CSE-CIC-IDS2018-v2
Device_3145,Router,951.7,312,190.78,0.003846903002200978,1.725,33.32,0.0009138932346528004,0.0002878341148600445,3506,0.755,757,1533,779,3,8,7127,15,16741,226,Normal,0,NF-CSE-CIC-IDS2018-v2
Device_3146,Sensor,319.72,401,117.91,0.009456663535984627,0.531,57.74,0.0022593696380361085,7.460174770550823e-05,2874,5.605,144,151,2012,8,8,45932,5,76146,331,Normal,0,NF-BoT-IoT-v2
Device_3147,Camera,868.1,288,41.41,0.002140095498964166,2.023,83.64,0.0047149431089338065,0.0005208503285770831,4732,9.66,186,1870,2721,3,8,43714,5,66204,150,DDoS,1,NF-CSE-CIC-IDS2018-v2
Device_3148,Sensor,881.25,126,187.73,0.0038840840093732967,2.539,43.2,0.00023427027920634497,0.00042977765547778013,8783,1.091,547,1584,401,11,0,28059,2,7315,530,Normal,0,NF-CSE-CIC-IDS2018-v2
Device_3149,Actuator,350.19,115,175.02,0.00034902588524882025,3.049,83.72,0.000907242737679841,0.0004597471485862746,8883,5.454,211,572,309,3,0,44445,28,44243,530,Brute_Force,1,NF-CSE-CIC-IDS2018-v2
Device_3150,Camera,83.26,428,174.24,0.007659043377404726,3.577,73.75,0.003910741714167463,0.000623903789902877,2834,1.411,400,79,3784,0,0,14620,1,22113,530,Normal,0,NF-CSE-CIC-IDS2018-v2
Device_3151,Sensor,724.56,488,141.72,0.009159898238924368,0.778,92.48,0.0007470797405771872,0.0006189704202378009,6987,8.911,33,1441,621,3,8,41620,15,24071,331,Normal,0,NF-ToN-IoT-v2
Device_3152,Gateway,311.51,318,128.73,0.0024544244080372695,2.614,35.95,0.0014292764075634528,0.0003983416503982157,1592,5.919,159,832,267,11,0,38697,28,21015,150,Normal,0,NF-CSE-CIC-IDS2018-v2
Device_3153,Gateway,782.92,236,12.8,0.004347051595337629,1.699,14.98,0.002328710727817343,0.0008642482537229292,9239,2.423,406,1183,3016,8,0,23002,28,21477,150,Data_Exfiltration,1,NF-ToN-IoT-v2
Device_3154,Actuator,442.65,361,152.13,0.0013089149515233406,4.766,45.88,0.004721495062441412,0.0006549439243922939,9867,3.14,829,1557,1280,11,8,2943,5,36833,200,Normal,0,NF-CSE-CIC-IDS2018-v2
Device_3155,Camera,485.27,195,27.39,0.004622670760097619,2.12,79.65,0.0009991558177874903,0.0008910125623175812,782,5.215,364,1502,3974,0,8,64511,1,74666,331,Data_Exfiltration,1,NF-CSE-CIC-IDS2018-v2
Device_3156,Camera,777.91,270,59.35,0.0014200903900765448,0.951,47.79,0.004623114510621151,0.0009140223660514213,8920,7.281,980,1635,3494,11,8,33073,2,23211,150,Port_Scan,1,NF-CSE-CIC-IDS2018-v2
Device_3157,Camera,382.36,25,114.78,0.005281150094749607,0.687,29.89,0.003620770112292977,0.00017563895510224573,4582,4.926,704,1040,1641,3,0,58200,15,54713,150,Normal,0,NF-CSE-CIC-IDS2018-v2
Device_3158,Actuator,443.13,282,95.83,0.0073727582002791085,1.694,7.62,0.003388610067541543,0.0006837562551521497,4847,1.974,966,70,737,3,8,2941,1,60458,220,Normal,0,NF-BoT-IoT-v2
Device_3159,Camera,376.19,169,13.0,0.005578093470660265,1.305,34.74,0.0036453583678451567,0.00032433674519926633,2340,7.11,163,504,799,11,8,14850,28,33074,331,Normal,0,NF-BoT-IoT-v2
Device_3160,Gateway,367.34,367,166.56,0.002527673826035022,3.424,72.77,0.0002531084329497535,0.0008380647640029944,200,1.272,764,1188,3389,3,8,16832,28,42051,425,Normal,0,NF-ToN-IoT-v2
Device_3161,Sensor,525.95,259,176.97,0.0036025802561421606,4.311,19.02,0.0005846112792406447,0.0007355230638589501,1193,8.113,551,1174,2395,3,0,15126,2,56145,425,Data_Exfiltration,1,NF-CSE-CIC-IDS2018-v2
Device_3162,Gateway,808.8,233,139.56,0.0064218701032857615,1.907,37.38,0.0017407234908271194,0.0002067602106505945,3872,4.016,131,355,2329,0,8,60266,5,83767,220,DDoS,1,NF-ToN-IoT-v2
Device_3163,Gateway,361.77,265,112.8,0.00593857863611432,3.1,6.92,0.0004624409124285205,0.0009393434588381883,8724,6.562,96,83,1699,0,8,29444,2,77814,200,Normal,0,NF-ToN-IoT-v2
Device_3164,Sensor,524.25,189,192.54,0.0014540704024012016,3.786,73.57,0.004939189576527568,0.0006866442169224993,5434,3.513,653,979,636,0,8,63710,2,38707,200,DoS,1,NF-CSE-CIC-IDS2018-v2
Device_3165,Gateway,670.73,29,32.79,0.008464999788304417,2.293,88.66,0.0029440198199113697,0.0009491467722052056,636,6.724,270,1980,3687,8,8,23832,1,82384,150,Botnet,1,NF-ToN-IoT-v2
Device_3166,Actuator,269.44,121,150.2,0.004804370231245453,0.798,59.01,0.0024879839886006215,0.0002098920604714744,700,8.903,681,964,245,8,8,60194,5,9061,150,Normal,0,NF-ToN-IoT-v2
Device_3167,Sensor,277.52,129,34.39,0.001707455322811291,1.531,7.46,0.003949007746005315,0.0008710080434546477,9958,7.044,904,167,1658,0,8,35562,28,7746,150,DDoS,1,NF-ToN-IoT-v2
Device_3168,Gateway,933.41,203,82.55,0.0013159827714898198,4.474,25.67,0.00488710011337875,0.0006713920922114789,2855,6.747,367,1459,1037,11,0,14912,5,39685,331,Port_Scan,1,NF-ToN-IoT-v2
Device_3169,Router,723.53,477,121.24,0.009658962568986788,4.21,46.65,0.004780137000415396,0.0005567637278448196,8610,7.598,787,1814,1004,11,0,17614,1,62666,331,Normal,0,NF-BoT-IoT-v2
Device_3170,Gateway,577.19,120,150.05,0.002887197600618106,0.889,60.82,0.003986017935464611,0.0008223077708624285,7616,5.052,365,200,1310,11,8,32550,1,14616,425,Brute_Force,1,NF-ToN-IoT-v2
Device_3171,Actuator,647.72,219,10.71,0.009095076520372121,1.508,52.15,0.0019481537611082949,0.0006365352479772527,5041,2.281,910,1637,271,0,0,27351,2,29333,226,Normal,0,NF-CSE-CIC-IDS2018-v2
Device_3172,Camera,29.3,10,59.51,0.004164794457812496,3.961,92.01,0.0004232015087317428,0.0006729041589465836,7608,8.174,971,1603,2534,8,0,5498,1,42355,150,Normal,0,NF-ToN-IoT-v2
Device_3173,Gateway,618.1,67,112.26,0.003920622161486584,2.687,94.17,0.0005820471908724977,0.00026113387841353,1627,6.52,434,1855,1257,3,0,49633,5,39786,425,Brute_Force,1,NF-CSE-CIC-IDS2018-v2
Device_3174,Camera,509.51,102,111.25,0.007039196799529377,3.92,15.18,0.00010564646989347866,0.0008188831517449784,8362,3.207,611,548,202,11,8,15982,2,38850,220,DoS,1,NF-CSE-CIC-IDS2018-v2
Device_3175,Router,545.75,230,131.15,0.00019784454897706823,1.45,18.15,0.00010932393180179391,0.0006537996753040415,5348,2.831,61,391,2314,0,8,39185,2,36907,425,Normal,0,NF-BoT-IoT-v2
Device_3176,Gateway,359.42,220,67.73,0.003447086264140866,4.787,39.02,0.004688466814773963,0.0008459452869137934,543,5.049,932,1715,317,0,0,6424,2,80175,226,Normal,0,NF-BoT-IoT-v2
Device_3177,Sensor,81.47,437,112.7,0.003096192550698908,4.026,45.02,0.004642383149116746,0.0003580116958879499,8678,2.152,323,1292,1253,3,0,3068,5,23564,331,DoS,1,NF-ToN-IoT-v2
Device_3178,Camera,193.34,241,46.06,0.00869417113341206,1.389,60.68,0.00337101361855353,0.0003383930211816657,5774,8.795,729,99,632,8,0,19811,2,80254,331,Normal,0,NF-ToN-IoT-v2
Device_3179,Router,950.74,271,45.51,0.005338323036305755,3.013,78.45,0.003660715948679482,3.366393495247955e-05,5295,7.907,589,1798,1722,8,0,48512,15,66724,150,Normal,0,NF-CSE-CIC-IDS2018-v2
Device_3180,Sensor,408.7,373,119.55,0.003709244556520094,1.009,17.9,0.002614721437585185,0.0007709192735265701,1969,3.152,208,1205,3531,0,8,5053,15,26329,220,Normal,0,NF-ToN-IoT-v2
Device_3181,Sensor,466.68,112,140.24,0.0027341851719672092,2.126,81.25,0.001265427054832829,0.00033701124322083417,4748,0.589,348,512,489,3,0,9352,5,49748,220,Normal,0,NF-CSE-CIC-IDS2018-v2
Device_3182,Sensor,52.71,59,32.88,0.005946047107225229,3.468,62.95,0.004580486740633165,0.0003339401866087687,379,0.613,45,1470,3582,8,8,1192,28,54079,425,Normal,0,NF-CSE-CIC-IDS2018-v2
Device_3183,Sensor,37.57,383,33.33,0.0016015640913793104,1.986,98.18,0.001460688190060815,0.0006917976703200219,870,3.041,347,1992,3641,3,0,24414,28,49308,200,Brute_Force,1,NF-BoT-IoT-v2
Device_3184,Gateway,717.18,119,117.41,0.0025374272082369378,3.455,66.86,0.003724389178653209,0.0002603402870050664,5662,1.56,714,252,1224,3,8,23829,2,54296,150,Normal,0,NF-CSE-CIC-IDS2018-v2
Device_3185,Gateway,538.09,465,61.32,0.0030067604341410224,1.602,73.03,0.0013026348551470103,0.0009099302817331448,1053,8.746,722,292,1493,0,8,37093,5,71621,331,DDoS,1,NF-CSE-CIC-IDS2018-v2
Device_3186,Gateway,508.71,97,84.56,0.006118298581308717,3.745,23.54,0.004363727248440971,0.0005426853313426646,1659,4.266,840,297,997,3,8,34285,2,36481,150,Normal,0,NF-ToN-IoT-v2
Device_3187,Router,243.12,29,86.14,0.0037952240942631067,2.118,78.04,0.003291073228684857,0.0009697824636849095,3546,3.545,647,1514,1032,3,8,34792,2,36028,425,Normal,0,NF-CSE-CIC-IDS2018-v2
Device_3188,Router,744.75,23,43.93,0.0051072546711884905,4.057,12.53,0.0032492056007279867,8.590215614355968e-05,7082,2.257,369,1681,825,3,8,63681,15,1588,150,Normal,0,NF-BoT-IoT-v2
Device_3189,Router,168.24,142,10.25,0.006539338811289209,1.115,67.37,0.0005770994600354077,0.0003434571139692459,2540,8.428,534,708,632,11,8,57832,1,49920,200,Normal,0,NF-CSE-CIC-IDS2018-v2
Device_3190,Actuator,189.93,434,172.1,0.009567088847996104,2.129,10.28,0.0021553976255290876,0.00038765563998025194,208,7.945,358,1111,2690,3,8,59052,5,76428,200,Normal,0,NF-CSE-CIC-IDS2018-v2
Device_3191,Router,460.71,305,145.85,0.007671890231317249,2.588,15.95,0.002672051686993036,0.000733116512879774,4554,3.905,495,885,294,3,0,47027,1,32876,226,Normal,0,NF-CSE-CIC-IDS2018-v2
Device_3192,Gateway,286.28,43,141.2,0.004112042127663866,2.407,15.25,0.0015407778132144393,0.0002208326353513076,9247,1.777,905,439,1058,0,8,17683,15,10002,150,Port_Scan,1,NF-CSE-CIC-IDS2018-v2
Device_3193,Gateway,247.46,389,113.84,0.007507926206532843,2.449,9.99,0.004416775597983982,0.00038159239484874543,7178,9.525,60,500,3379,8,0,20476,1,3193,331,Normal,0,NF-CSE-CIC-IDS2018-v2
Device_3194,Actuator,645.24,217,143.18,0.009501972391100203,2.502,35.51,0.004204582713404987,0.0009115361185180158,3460,3.227,298,1923,2397,8,0,23416,15,34985,425,Normal,0,NF-CSE-CIC-IDS2018-v2
Device_3195,Actuator,650.97,310,187.78,0.005043867401975837,4.95,99.46,0.0025187424704783967,0.0001234053748521387,3589,7.734,59,793,1720,3,0,62678,28,49448,425,Normal,0,NF-CSE-CIC-IDS2018-v2
Device_3196,Router,824.52,208,136.48,0.004163919637916609,1.369,38.08,0.001766152892956163,0.0007478707606520794,417,4.684,424,274,3033,0,0,3723,15,56400,200,Botnet,1,NF-BoT-IoT-v2
Device_3197,Camera,417.71,89,60.37,0.0008723851201072919,3.959,77.27,0.004027557132827658,0.0007054602605111947,440,7.838,231,1967,2165,0,0,14537,5,41218,226,Port_Scan,1,NF-ToN-IoT-v2
Device_3198,Actuator,73.09,80,118.41,0.008934466669443536,2.983,17.57,0.0010647680929520699,0.00013920002582816794,4544,4.868,797,545,1887,3,0,29563,28,34190,226,DoS,1,NF-BoT-IoT-v2
Device_3199,Sensor,273.67,164,94.04,0.0025396993798571903,2.361,48.18,0.0004504299439588005,0.0006916057804948898,2174,9.263,695,1710,853,3,0,31295,2,47583,425,Normal,0,NF-CSE-CIC-IDS2018-v2
Device_3200,Gateway,980.01,87,115.72,0.0007331831785094816,3.351,22.59,0.00032398138175254384,0.0005740859514158207,8929,8.024,448,1224,1479,8,8,10911,5,51786,226,DoS,1,NF-CSE-CIC-IDS2018-v2
Device_3201,Sensor,596.26,87,108.35,0.005418314517251723,4.341,23.25,0.0002895479784002011,0.000294647113772644,5778,2.677,613,606,1964,8,0,50237,5,38016,530,Normal,0,NF-CSE-CIC-IDS2018-v2
Device_3202,Gateway,709.74,181,173.17,0.008474406495019099,2.6,14.47,0.002495554416703874,0.0003180297831020274,5584,4.361,626,1488,2689,8,0,19588,5,44133,331,Port_Scan,1,NF-BoT-IoT-v2
Device_3203,Gateway,7.36,298,133.84,0.00412568705066822,4.392,46.04,0.001351036816886865,0.0008346623525824047,7079,1.096,368,697,1357,3,0,10359,1,44860,425,DDoS,1,NF-CSE-CIC-IDS2018-v2
Device_3204,Actuator,518.21,42,45.86,0.00785236795457426,0.922,12.18,0.0034828380946735423,0.00023870483640355951,2466,9.044,554,1917,2500,8,0,35627,1,17010,530,DoS,1,NF-CSE-CIC-IDS2018-v2
Device_3205,Actuator,37.53,309,21.97,0.008380320472111558,3.439,91.43,0.003304068712798476,0.0005176527241333976,1665,0.786,29,798,1100,0,0,42140,2,76746,530,Normal,0,NF-BoT-IoT-v2
Device_3206,Sensor,569.23,285,90.63,0.004598595232316652,1.999,47.55,0.0027558980350057215,0.0006843382399301649,9084,0.281,988,1633,406,11,0,5408,1,8950,200,Normal,0,NF-CSE-CIC-IDS2018-v2
Device_3207,Gateway,920.77,376,12.97,0.00595045515281069,2.24,84.66,0.0018289320789970185,0.00013860267739348564,3804,5.015,277,1941,3771,11,8,57174,5,30905,220,Normal,0,NF-CSE-CIC-IDS2018-v2
Device_3208,Sensor,968.42,429,70.48,0.005385731755535507,3.07,98.05,0.004267235600430078,0.0009330303325041513,8646,6.071,609,1340,1676,11,0,21859,15,13157,530,Port_Scan,1,NF-CSE-CIC-IDS2018-v2
Device_3209,Camera,540.55,16,79.92,0.009398039030181566,2.66,69.39,0.003577543491170262,0.0002680279718781017,4301,2.31,703,485,402,0,0,29708,2,35422,530,Normal,0,NF-CSE-CIC-IDS2018-v2
Device_3210,Sensor,458.2,169,81.36,0.007282506282408437,2.218,90.64,0.0014304780077551268,0.000325646573773186,8856,5.748,379,219,2135,11,0,23345,2,58290,331,Data_Exfiltration,1,NF-ToN-IoT-v2
Device_3211,Router,945.02,249,196.08,0.009260893826624119,1.887,17.86,0.0025582744453361986,0.0006694545807281649,3553,8.966,831,736,3170,3,0,46977,5,8876,425,Data_Exfiltration,1,NF-CSE-CIC-IDS2018-v2
Device_3212,Sensor,673.61,460,67.74,0.0022780987828135216,3.282,83.85,0.00086572892323889,8.740973066477214e-05,9594,6.299,986,1351,2061,3,0,19914,28,83924,150,Port_Scan,1,NF-CSE-CIC-IDS2018-v2
Device_3213,Router,64.9,432,60.39,0.003171344833143438,2.775,30.77,0.0017110038263993452,0.0006313365630194305,2690,4.612,38,1578,3971,11,8,27035,1,30085,220,Normal,0,NF-ToN-IoT-v2
Device_3214,Router,465.73,486,34.58,0.0008020433844826702,1.955,49.9,0.0049859868960313155,0.000916869660583893,7717,1.53,207,723,2009,11,0,32728,28,56691,530,Normal,0,NF-ToN-IoT-v2
Device_3215,Router,240.25,33,107.09,0.005049088771288497,1.422,66.43,0.0011968366793092603,0.00025659964974841055,357,1.773,706,1437,649,8,0,62965,5,85041,530,Normal,0,NF-BoT-IoT-v2
Device_3216,Camera,469.8,223,39.2,0.008751844425920516,3.985,90.84,0.003521681543018878,0.0003682886495167567,9887,4.895,652,1398,1573,0,8,52730,28,41322,331,Normal,0,NF-ToN-IoT-v2
Device_3217,Sensor,455.47,79,127.1,0.0033357823015940855,4.099,91.54,0.0012682513643074388,0.00024001061794604516,6321,4.685,289,633,485,8,0,63203,5,80104,200,Data_Exfiltration,1,NF-CSE-CIC-IDS2018-v2
Device_3218,Sensor,582.14,377,39.48,0.001369992858798382,1.462,13.75,0.004696859241128476,0.0008205810614238048,1146,5.272,975,1278,1377,0,8,15633,1,36540,226,DoS,1,NF-CSE-CIC-IDS2018-v2
Device_3219,Camera,356.77,225,119.57,0.0007776179237976246,1.677,39.63,0.001619650940452801,0.0001759317452694217,6746,5.128,493,366,1377,8,8,61670,1,10357,530,Normal,0,NF-BoT-IoT-v2
Device_3220,Gateway,164.27,113,166.99,0.00453025269798418,1.576,80.35,0.0017987764657688755,0.00035316195308149844,2332,3.479,769,488,1106,3,8,62408,2,10614,331,Normal,0,NF-CSE-CIC-IDS2018-v2
Device_3221,Actuator,503.72,224,18.08,0.0017238152718247568,4.481,71.8,0.003009912888024317,0.0006050116032108852,4177,6.989,225,1503,3906,0,0,9793,28,5845,150,Normal,0,NF-CSE-CIC-IDS2018-v2
Device_3222,Sensor,830.2,63,89.75,0.003526429885962525,3.984,7.5,0.00298174767846318,0.00041050888833933923,9932,2.201,452,769,1715,11,0,51427,28,3898,150,Normal,0,NF-CSE-CIC-IDS2018-v2
Device_3223,Actuator,664.01,303,97.6,0.008217800100016125,0.836,47.74,0.0029374743100061807,7.481462136200726e-05,148,8.538,28,1670,3427,0,8,20909,28,279,150,Normal,0,NF-BoT-IoT-v2
Device_3224,Camera,338.37,339,160.3,0.0039020690892994916,4.247,83.78,0.002908947875190579,0.0009482434609389417,8459,2.025,702,368,3907,0,8,32912,28,47452,425,Brute_Force,1,NF-ToN-IoT-v2
Device_3225,Gateway,935.52,345,98.9,0.006137722090737922,0.666,75.08,0.0016297157792290226,0.00034452143734098074,1953,4.217,757,386,2489,8,0,2208,15,57074,530,Port_Scan,1,NF-BoT-IoT-v2
Device_3226,Gateway,912.21,212,117.83,0.005071384552645868,1.639,44.13,0.0022286100943588543,0.00045119470063713005,3841,2.186,334,387,1241,11,0,64354,2,65038,220,Normal,0,NF-ToN-IoT-v2
Device_3227,Gateway,209.35,297,160.33,0.007213479600403361,4.635,74.84,0.003007823871390787,0.00017586988185133213,2168,6.223,373,1954,1802,8,8,8480,2,82250,425,Normal,0,NF-CSE-CIC-IDS2018-v2
Device_3228,Camera,39.42,54,116.35,0.001646033093976931,4.389,57.37,0.0033892236059688673,0.000866696736655464,8683,4.829,827,263,1730,11,8,5471,15,45634,226,DoS,1,NF-CSE-CIC-IDS2018-v2
Device_3229,Router,741.31,326,78.08,0.009212366261187826,4.016,91.7,0.0013403321662656148,0.0002985144999859655,7557,3.806,561,1322,191,8,0,20563,28,11986,530,Normal,0,NF-BoT-IoT-v2
Device_3230,Router,827.61,207,26.31,0.00647196469574535,2.559,60.78,0.0035372278023444097,2.9624812965467656e-05,5923,4.804,301,827,496,11,8,31645,15,37115,331,Normal,0,NF-ToN-IoT-v2
Device_3231,Actuator,967.86,225,148.68,0.002782441942643062,1.946,43.07,0.00462405362555192,0.00032323855676203795,9741,4.27,204,221,2888,0,8,533,28,37241,220,DDoS,1,NF-ToN-IoT-v2
Device_3232,Router,889.84,490,175.52,0.0013202117105667844,4.467,86.98,0.003813845746384564,0.000984219087687567,328,8.566,379,79,2925,3,8,6268,15,31378,331,DDoS,1,NF-CSE-CIC-IDS2018-v2
Device_3233,Router,600.53,318,194.31,0.0015822830850472842,3.457,9.74,0.0005127407338313364,0.00015537444408684524,3352,1.33,902,1339,2049,11,8,32948,2,55416,200,Data_Exfiltration,1,NF-ToN-IoT-v2
Device_3234,Gateway,530.05,393,186.05,0.007848362976271471,1.83,90.55,0.002398718478441103,4.089046310864215e-05,451,7.952,115,845,3405,8,8,3032,15,32435,530,DoS,1,NF-CSE-CIC-IDS2018-v2
Device_3235,Gateway,27.84,444,161.51,0.005922289527798285,2.584,71.15,0.0022327927941414643,0.0005823938343266929,2372,6.588,20,2015,578,0,0,28140,5,36716,530,Brute_Force,1,NF-CSE-CIC-IDS2018-v2
Device_3236,Actuator,246.66,341,132.26,0.0038695070781100153,4.467,94.36,0.0017488662288894915,0.000377949881002833,4137,3.548,597,86,3393,8,0,47533,28,83144,200,Botnet,1,NF-CSE-CIC-IDS2018-v2
Device_3237,Sensor,459.61,193,158.48,0.003395718377250112,4.566,28.8,0.0025074686855247157,0.0007970255462183471,8525,9.199,912,1394,1429,0,0,58411,15,16707,331,Normal,0,NF-ToN-IoT-v2
Device_3238,Actuator,628.5,36,92.1,0.008572004243565249,3.467,71.02,0.0022542054896594055,0.0007345688862201381,8557,1.852,396,150,565,0,0,43850,28,84189,220,Normal,0,NF-CSE-CIC-IDS2018-v2
Device_3239,Actuator,557.25,175,123.01,0.008760148985436464,3.797,81.9,0.00013023533812006602,0.0001935648378188283,957,3.172,765,1057,1052,11,8,12657,1,15938,150,Normal,0,NF-BoT-IoT-v2
Device_3240,Camera,742.64,327,76.25,0.005854494180351001,0.677,71.7,0.0012591208626511424,0.0005689859821035488,8790,3.811,52,255,480,8,0,33697,28,52035,220,DoS,1,NF-ToN-IoT-v2
Device_3241,Camera,279.77,283,72.07,0.00529298625008386,3.221,24.98,0.0011475325118835017,4.211164738152403e-05,9168,6.513,660,779,163,0,8,7963,15,44900,425,Botnet,1,NF-BoT-IoT-v2
Device_3242,Actuator,564.95,392,153.77,0.008182835616558057,3.6,31.18,0.001811371752089718,0.0004450834458531323,4294,9.469,186,234,1481,8,0,4514,28,24636,220,DDoS,1,NF-ToN-IoT-v2
Device_3243,Actuator,88.14,374,96.25,0.007518418279964315,0.592,58.84,0.0009548380344490947,0.000716912689748674,9936,5.975,685,1711,942,0,8,50115,5,62075,331,Normal,0,NF-CSE-CIC-IDS2018-v2
Device_3244,Actuator,413.67,112,50.31,0.004063219314945106,4.297,47.44,0.0004322270741864087,0.0004208092041668924,2492,8.577,353,42,1140,11,8,39688,5,21291,220,Port_Scan,1,NF-BoT-IoT-v2
Device_3245,Router,750.16,457,48.37,0.0009191129790334843,4.677,74.84,0.0010634029896715628,0.0001267746063419593,3424,9.059,114,290,2539,3,0,30058,15,22037,200,Botnet,1,NF-CSE-CIC-IDS2018-v2
Device_3246,Camera,693.4,342,173.24,0.007708151062891502,1.571,40.97,0.004285515253455378,7.091825111946053e-05,6361,4.718,514,2006,2789,3,8,52501,15,24604,331,Normal,0,NF-ToN-IoT-v2
Device_3247,Actuator,990.64,382,138.77,0.0017701401865084132,4.306,86.65,0.004005492770236193,0.0008551228552833649,5051,4.777,546,329,2260,3,8,28092,28,38015,425,Normal,0,NF-ToN-IoT-v2
Device_3248,Gateway,277.89,113,113.75,0.00026213137413693555,3.495,46.03,0.002266271367386149,0.0008924136903496223,1532,2.575,282,700,2078,3,0,40152,2,69713,331,Normal,0,NF-CSE-CIC-IDS2018-v2
Device_3249,Gateway,498.19,423,86.18,0.00844869648451951,3.113,8.8,0.0044012936664959415,0.0003496615564056218,580,6.056,673,1252,2786,11,0,35924,5,47608,331,Port_Scan,1,NF-BoT-IoT-v2
Device_3250,Router,329.53,254,91.86,0.005824713068833515,4.294,6.65,0.001240061528791841,0.0001725306013844454,8291,1.288,170,1659,514,11,8,35608,5,23924,220,Botnet,1,NF-ToN-IoT-v2
Device_3251,Router,440.6,314,20.91,0.008927493751804008,1.785,66.44,0.0029626247918762352,0.000978830050992979,3070,6.38,606,1470,1682,11,0,32232,1,63456,226,DoS,1,NF-ToN-IoT-v2
Device_3252,Sensor,856.95,178,96.43,0.004897422023656419,4.059,56.35,0.0008003318901774138,0.0005504051655651985,1765,8.94,760,364,597,8,8,7504,1,61346,425,Brute_Force,1,NF-CSE-CIC-IDS2018-v2
Device_3253,Sensor,684.21,125,161.14,0.00927216289704289,1.915,56.56,0.00418366337879201,0.0004818884932786663,428,7.632,321,184,2643,0,0,51278,2,84807,425,DDoS,1,NF-CSE-CIC-IDS2018-v2
Device_3254,Sensor,882.44,150,83.72,0.0036043203049907512,4.044,80.05,0.0007398496317100774,0.0007441916699193463,3354,6.527,366,1431,2979,0,8,31656,5,53627,530,DDoS,1,NF-CSE-CIC-IDS2018-v2
Device_3255,Router,203.51,427,82.88,0.0072727678231095,2.53,40.69,0.0002561147789943716,0.000177180646027148,8708,8.4,520,165,786,3,0,22022,15,11812,150,DoS,1,NF-CSE-CIC-IDS2018-v2
Device_3256,Router,873.36,365,12.99,0.0030797664416916566,1.026,99.57,0.001439876727334157,0.0005841898261698718,7350,7.325,833,987,1453,3,0,3898,5,29702,530,Normal,0,NF-CSE-CIC-IDS2018-v2
Device_3257,Router,59.76,487,96.99,0.00011152027684698647,2.217,94.83,0.004514581937800415,0.000891260732843513,2401,5.344,110,147,1411,0,0,50911,15,41703,425,Botnet,1,NF-CSE-CIC-IDS2018-v2
Device_3258,Gateway,888.6,134,14.81,0.0038594708920346717,1.551,6.23,0.0007343397014395719,3.283780107848001e-05,1044,5.259,906,1122,927,0,8,34247,15,7753,150,Normal,0,NF-BoT-IoT-v2
Device_3259,Router,329.07,34,118.37,0.007403878579781465,0.952,90.1,0.001720284316608144,0.0006762103097835776,2152,1.159,544,693,1607,0,0,53954,2,82559,200,Brute_Force,1,NF-CSE-CIC-IDS2018-v2
Device_3260,Gateway,314.59,203,106.29,0.001585239376520488,0.996,69.65,0.0016504334657597441,0.0005559097161938915,9271,4.401,563,1311,882,11,0,47392,5,28634,331,Brute_Force,1,NF-CSE-CIC-IDS2018-v2
Device_3261,Sensor,512.09,393,169.6,0.0050975401287531915,4.01,52.7,0.004028066743074766,0.0009512927766297066,7803,5.272,953,584,1753,11,8,7651,28,83454,150,Data_Exfiltration,1,NF-ToN-IoT-v2
Device_3262,Sensor,940.69,109,120.54,0.0022019827000220784,4.466,60.36,0.00216547445892212,0.0002661115248229918,9948,4.752,680,724,1650,11,0,17360,5,11453,220,Normal,0,NF-BoT-IoT-v2
Device_3263,Sensor,47.78,411,71.45,0.0008387788020491188,4.672,84.98,0.003096678543111948,0.0008603027255071092,1551,7.783,578,219,2357,3,8,25536,5,62332,425,Data_Exfiltration,1,NF-CSE-CIC-IDS2018-v2
Device_3264,Actuator,352.23,14,108.08,0.006212774621248732,4.343,95.35,0.0020814767285810896,0.00031589584486445206,8018,1.694,543,70,1536,11,0,3427,1,39329,530,Normal,0,NF-CSE-CIC-IDS2018-v2
Device_3265,Actuator,856.57,28,142.94,0.009524479460803691,4.236,58.23,0.0028021393741706575,0.00043556494030227874,4103,7.969,959,1878,2265,0,0,29543,2,25260,220,Normal,0,NF-ToN-IoT-v2
Device_3266,Camera,396.05,179,27.85,0.003175971765307379,0.81,22.22,0.0004059595476854154,0.0002211546891168501,1686,7.442,324,511,309,3,0,28475,28,22559,220,Port_Scan,1,NF-BoT-IoT-v2
Device_3267,Camera,199.16,283,128.0,0.005848393423563509,4.056,65.78,0.001932744246886661,0.0008649551056276542,489,9.018,952,957,878,3,8,16464,28,180,425,Normal,0,NF-CSE-CIC-IDS2018-v2
Device_3268,Camera,424.79,263,184.16,0.009540673340732865,4.025,12.24,0.004290018604925773,0.00020345556404707376,3828,3.797,12,1382,3178,11,0,7289,28,10200,200,Normal,0,NF-BoT-IoT-v2
Device_3269,Actuator,385.55,130,66.83,0.006539785164947407,1.091,65.34,0.003486231059592984,0.0008604228633319001,9141,1.848,799,760,456,3,8,4665,15,60980,331,Port_Scan,1,NF-BoT-IoT-v2
Device_3270,Actuator,915.42,41,129.06,0.006763821692868548,3.479,81.82,0.004910962316318438,0.0004610572487448422,8107,7.61,23,1185,226,0,0,52011,2,28416,150,Data_Exfiltration,1,NF-CSE-CIC-IDS2018-v2
Device_3271,Camera,761.93,158,166.05,0.0018713922644522756,2.536,38.57,0.003960805733143101,0.0008367346388786526,9110,5.925,161,807,529,3,0,42616,1,26423,331,Port_Scan,1,NF-ToN-IoT-v2
Device_3272,Camera,505.12,275,107.24,0.004976835820642985,4.55,11.76,0.0023123976029696927,0.0002718436735187664,3735,7.154,264,1681,575,8,8,27125,15,45713,331,Brute_Force,1,NF-CSE-CIC-IDS2018-v2
Device_3273,Router,988.37,46,146.42,0.003734119196163742,3.629,70.76,0.0034137742427277594,0.00014140283995749445,6580,9.968,702,94,1234,0,8,33839,28,43984,220,Normal,0,NF-CSE-CIC-IDS2018-v2
Device_3274,Camera,465.28,186,69.09,0.004762472838671198,4.779,37.24,0.0039019770108726162,0.0005594116523103029,2754,2.026,380,986,2031,0,0,59004,15,5025,150,DoS,1,NF-CSE-CIC-IDS2018-v2
Device_3275,Router,58.24,351,68.15,0.008028183106774583,0.972,28.66,0.0014214499336145715,0.0005143426963851594,4206,4.169,753,128,911,11,8,15268,15,36207,200,Botnet,1,NF-BoT-IoT-v2
Device_3276,Gateway,262.27,22,136.84,0.004660919978686374,0.683,70.47,0.0003940876640163629,0.0003630413042234973,8781,2.008,80,1467,3291,0,8,10904,28,18304,331,DDoS,1,NF-ToN-IoT-v2
Device_3277,Actuator,436.07,192,144.03,0.0007222217147525673,4.881,97.11,0.0020886516131928866,0.0006661932043530302,2419,8.62,271,1897,2626,0,0,51608,28,55505,425,DDoS,1,NF-CSE-CIC-IDS2018-v2
Device_3278,Camera,156.9,154,188.03,0.009064862445393543,0.861,75.81,0.0008088984943023247,0.00010419140046993645,6252,0.268,425,1989,2257,3,8,9016,1,50158,226,Normal,0,NF-CSE-CIC-IDS2018-v2
Device_3279,Actuator,947.57,274,52.72,0.00549367728577451,2.238,51.68,0.0014584814868362592,0.0006257810641659781,3034,1.439,616,561,3647,8,8,3084,2,42424,220,Brute_Force,1,NF-ToN-IoT-v2
Device_3280,Actuator,766.85,97,98.96,0.00925249414944989,3.425,62.05,0.0047395429278232525,0.00021963853256523456,9438,2.554,436,1501,3404,3,0,51020,5,7973,226,Brute_Force,1,NF-BoT-IoT-v2
Device_3281,Actuator,268.29,437,57.6,0.005766309669073483,4.46,18.52,0.004250704706790341,0.00013766501046108415,2923,7.736,922,1772,3546,8,0,3851,5,53458,530,DDoS,1,NF-CSE-CIC-IDS2018-v2
Device_3282,Gateway,590.8,471,25.22,0.0007893995281531,1.646,82.26,0.0030030727893815353,0.0009105120983241024,2605,6.322,78,756,3379,0,8,39135,5,29068,200,Normal,0,NF-ToN-IoT-v2
Device_3283,Sensor,721.45,55,86.61,0.005573406995905136,0.631,62.41,0.002066157862008624,0.00046519780354229627,7179,3.947,524,1664,2407,3,8,20706,1,63018,530,Brute_Force,1,NF-ToN-IoT-v2
Device_3284,Camera,941.28,401,81.08,0.005799815431677539,2.846,96.75,0.0013952187650184723,0.0007657827028721442,7898,1.671,795,1846,2918,3,8,987,15,75979,200,Normal,0,NF-BoT-IoT-v2
Device_3285,Sensor,881.64,128,61.38,0.0022219648054954584,2.62,98.05,0.0029001455706214666,9.822575916403197e-05,7969,3.284,111,1052,2425,11,0,5483,28,67699,200,Brute_Force,1,NF-ToN-IoT-v2
Device_3286,Sensor,515.19,430,66.43,0.00476318793263333,1.881,38.69,0.0027124852233971733,6.689022922602253e-05,7034,7.46,991,2016,2680,3,8,41150,2,80449,200,Normal,0,NF-ToN-IoT-v2
Device_3287,Sensor,774.65,28,78.48,0.004648470967549149,4.433,98.91,0.003925825961069511,0.0004999036907918543,9103,3.881,452,267,2391,8,0,24567,5,14272,530,DoS,1,NF-CSE-CIC-IDS2018-v2
Device_3288,Actuator,562.14,456,197.88,0.006266473875303977,3.872,95.9,0.00464729892494388,0.00032239564002967954,155,4.68,414,1947,2588,8,0,64249,2,21456,150,Port_Scan,1,NF-ToN-IoT-v2
Device_3289,Router,552.7,229,158.76,0.002670179576871812,4.362,65.78,0.001711792776517093,1.4858219584387805e-05,8999,6.125,260,1735,1206,0,8,39613,2,81802,530,Normal,0,NF-CSE-CIC-IDS2018-v2
Device_3290,Actuator,114.74,439,23.57,0.005859309337687119,1.228,36.68,0.0011108558427082912,0.00019146169844987826,1109,9.138,822,1627,2645,11,8,24435,28,40545,530,Normal,0,NF-CSE-CIC-IDS2018-v2
Device_3291,Actuator,126.14,242,175.76,0.002485425222105734,3.616,76.57,0.002073718118133955,0.00022658776033555335,4218,2.576,351,1140,3698,11,8,1023,1,52906,530,DDoS,1,NF-CSE-CIC-IDS2018-v2
Device_3292,Sensor,529.53,103,130.33,0.004519808194818676,4.888,30.77,0.0022439523818247,0.0002956212909857829,3416,4.535,930,1828,537,3,8,12755,28,12748,226,Data_Exfiltration,1,NF-CSE-CIC-IDS2018-v2
Device_3293,Actuator,268.86,464,179.21,0.0013147864234393397,3.254,64.84,0.00029536441847337596,0.0008787602212729177,3589,3.172,708,386,2323,0,8,12315,1,38563,220,Normal,0,NF-CSE-CIC-IDS2018-v2
Device_3294,Sensor,21.04,260,74.92,0.00046927542382863404,1.271,7.34,0.004322313007777662,0.000426396505820649,4426,4.715,852,1457,791,8,0,7606,15,45743,530,Botnet,1,NF-BoT-IoT-v2
Device_3295,Router,722.84,259,98.26,0.003273814329318166,4.981,64.72,0.004978402459470727,0.0006826380665723159,4405,6.995,184,1221,651,11,8,36062,2,13715,226,DoS,1,NF-BoT-IoT-v2
Device_3296,Camera,32.49,291,180.28,0.002818260331432441,2.877,95.4,0.004623722594286461,2.821213173491764e-05,5381,4.872,658,1283,1553,0,8,23511,5,69830,150,Data_Exfiltration,1,NF-CSE-CIC-IDS2018-v2
Device_3297,Sensor,595.28,241,61.79,0.004128665529110333,4.28,27.34,0.004317258399485861,0.0008157864211040391,9692,8.362,175,1422,3851,3,0,40819,2,4442,331,Port_Scan,1,NF-ToN-IoT-v2
Device_3298,Router,539.19,55,183.95,0.009623627938003363,1.172,78.93,0.004963741486951751,0.0002479256547544531,1293,5.577,712,956,1253,11,0,14026,28,49394,200,Brute_Force,1,NF-CSE-CIC-IDS2018-v2
Device_3299,Camera,968.81,383,167.41,0.005270070018226252,3.497,32.88,0.004548261316676943,0.0003159489356213303,5094,3.919,700,1465,543,3,0,19497,1,79445,331,DDoS,1,NF-CSE-CIC-IDS2018-v2
Device_3300,Gateway,484.21,55,196.31,0.00557644939075389,4.607,72.25,0.0034730013416422543,5.480386766716816e-05,7606,7.845,618,1115,1470,8,0,31932,15,82583,530,Brute_Force,1,NF-CSE-CIC-IDS2018-v2
Device_3301,Sensor,63.6,468,71.61,0.009421850283995005,2.894,71.5,0.0009171075789836216,0.00041559597691387927,8069,4.37,955,195,124,8,0,36431,15,32637,200,DoS,1,NF-BoT-IoT-v2
Device_3302,Sensor,551.69,23,54.79,0.009219356662159148,1.799,22.55,0.0008661156043506523,0.0008540510050126446,1597,5.204,386,1285,1904,0,8,43045,1,71583,220,DoS,1,NF-BoT-IoT-v2
Device_3303,Gateway,841.1,94,72.86,0.008852708343614136,1.073,61.73,0.00033902075816042825,0.00038494691553908627,9542,9.947,889,913,1366,3,0,64848,1,40711,200,Brute_Force,1,NF-CSE-CIC-IDS2018-v2
Device_3304,Gateway,996.85,328,191.38,0.0010701479460941592,1.832,86.62,0.0021179712492193203,0.0009095192180488285,9164,7.886,585,625,2883,0,0,29804,1,9606,530,Normal,0,NF-CSE-CIC-IDS2018-v2
Device_3305,Sensor,430.34,337,73.28,0.006379544364151272,2.097,41.34,0.004063237977741017,0.0008687731271607551,2510,8.566,272,1212,651,8,0,38513,15,2200,200,Normal,0,NF-BoT-IoT-v2
Device_3306,Gateway,320.3,12,117.39,0.008100179906885767,3.695,72.48,0.002502450129514661,7.134133356438272e-05,9870,5.969,726,1049,272,11,8,40299,2,17459,425,Brute_Force,1,NF-CSE-CIC-IDS2018-v2
Device_3307,Actuator,906.65,37,86.7,0.00837218942681324,1.304,69.07,0.0018949763579867538,0.0003122192243439946,8766,3.547,186,958,100,8,0,50308,2,85239,331,Normal,0,NF-BoT-IoT-v2
Device_3308,Camera,191.24,390,85.28,0.005821280710768773,0.977,29.46,0.0006352557345738738,0.000911313134442286,5231,9.914,652,1758,2716,0,8,46419,15,17290,425,Data_Exfiltration,1,NF-BoT-IoT-v2
Device_3309,Camera,615.43,166,46.74,0.00027320592011307416,2.241,92.27,0.000353591214543882,3.951085304992311e-05,3666,2.516,901,905,1221,3,8,42671,5,33191,331,Port_Scan,1,NF-BoT-IoT-v2
Device_3310,Camera,405.71,352,112.05,0.009739757726253177,2.564,58.53,0.0020559778027756754,0.0007681502017626719,4148,8.741,167,940,3886,8,8,12797,28,23114,331,Port_Scan,1,NF-BoT-IoT-v2
Device_3311,Actuator,41.08,411,171.39,0.0047747473573054025,3.328,38.75,0.0005896343629002889,0.0009073636993597544,7027,9.122,143,1811,2523,0,8,8354,15,47394,150,DDoS,1,NF-ToN-IoT-v2
Device_3312,Gateway,347.29,428,19.4,0.003996599363208622,3.684,20.61,0.0006073860464161156,0.0007727864843524685,4724,8.194,493,1429,2759,3,8,37167,5,33030,200,Normal,0,NF-CSE-CIC-IDS2018-v2
Device_3313,Router,265.23,342,178.95,0.004009992265404904,4.502,49.98,0.0020372072823561667,0.0007463761738358487,8562,1.229,72,1297,798,0,0,19178,28,36367,331,Normal,0,NF-CSE-CIC-IDS2018-v2
Device_3314,Gateway,686.09,341,136.44,0.004299093712576839,1.8,74.36,0.002563932936863309,0.0008449222178609783,6781,8.556,344,1789,3283,8,8,29453,2,38703,150,Brute_Force,1,NF-BoT-IoT-v2
Device_3315,Sensor,948.79,184,127.18,0.0024975891099102547,2.879,64.25,0.0010147461461751238,0.0006691316654216912,6117,6.671,499,2022,3023,3,8,57397,1,62183,425,Normal,0,NF-BoT-IoT-v2
Device_3316,Camera,268.05,123,128.92,0.0033406028949233154,2.147,74.07,0.003454714862676141,0.0004288652268951419,6900,6.84,147,922,1484,8,0,62617,28,82781,425,DoS,1,NF-BoT-IoT-v2
Device_3317,Gateway,811.47,398,66.29,0.009855040336769918,0.506,80.22,0.0021515908033457732,7.212799582170462e-05,7105,7.887,613,1223,3387,8,0,57717,1,41076,220,Normal,0,NF-CSE-CIC-IDS2018-v2
Device_3318,Router,55.36,496,88.88,0.003744863202535333,3.107,46.9,0.0005504204349197087,0.0007900877705643015,3651,4.956,501,152,1590,8,8,9068,5,39838,220,Data_Exfiltration,1,NF-CSE-CIC-IDS2018-v2
Device_3319,Sensor,538.12,340,161.87,0.005314577663090512,4.171,54.42,0.0032214672103573045,0.0009062011026504827,4685,2.745,338,997,570,8,0,38314,15,59282,200,Normal,0,NF-CSE-CIC-IDS2018-v2
Device_3320,Actuator,70.55,259,68.21,0.008498113233154664,0.664,98.71,0.0018490296116061803,0.0005164705969376682,4557,5.792,85,33,1678,8,8,39661,15,56018,331,Normal,0,NF-CSE-CIC-IDS2018-v2
Device_3321,Actuator,934.03,68,99.3,0.00532153532997775,0.516,96.96,0.0003563752376737045,0.0005371853697112321,3983,1.176,817,149,1331,0,0,5161,1,75975,200,Data_Exfiltration,1,NF-BoT-IoT-v2
Device_3322,Router,766.35,212,13.73,0.0033120888740198594,3.775,44.41,0.004745109740369242,0.000409254114304607,9286,6.781,891,1703,893,11,8,60119,28,7791,200,DoS,1,NF-CSE-CIC-IDS2018-v2
Device_3323,Sensor,657.95,324,149.38,0.005285134671493449,3.577,70.09,0.002898865089817781,0.0008583137847255204,868,4.881,807,1897,1036,11,8,64094,28,16251,530,Normal,0,NF-BoT-IoT-v2
Device_3324,Camera,823.9,248,89.36,0.001229454473347065,2.326,30.42,0.0024408298082501225,2.4655270923944297e-05,8836,5.073,846,670,1454,8,8,44689,5,9456,530,Normal,0,NF-CSE-CIC-IDS2018-v2
Device_3325,Gateway,647.52,243,109.82,0.0013870688568044214,3.477,19.51,0.00430977323478379,0.0006283030641190333,5174,1.94,143,1808,513,8,0,40550,15,25098,200,Normal,0,NF-ToN-IoT-v2
Device_3326,Sensor,968.94,312,31.79,0.006971664569083623,4.79,78.0,0.004690028103637251,0.0009083389667811504,9223,0.509,891,1562,183,8,0,24502,1,24627,150,Botnet,1,NF-ToN-IoT-v2
Device_3327,Actuator,713.96,104,198.43,0.009182860506871482,1.615,46.44,0.0011795771540144355,0.00011219010227694472,8382,6.152,311,405,3444,3,0,52017,2,3907,200,DDoS,1,NF-CSE-CIC-IDS2018-v2
Device_3328,Router,924.66,488,67.47,0.007284213521536332,1.607,21.82,0.004069708058207633,0.000959572892024008,4433,6.622,369,1163,697,8,0,27260,15,12349,425,Normal,0,NF-BoT-IoT-v2
Device_3329,Router,517.13,150,130.65,0.0008386710825078363,1.338,77.09,0.004172291641193899,0.000968001382394763,7291,5.033,707,1354,275,3,8,22869,15,52564,220,DoS,1,NF-BoT-IoT-v2
Device_3330,Gateway,117.06,343,120.43,0.004088666549206957,3.758,91.94,0.0003665736939202351,0.0009304910755045926,9142,7.681,696,1488,2395,0,0,51860,5,33142,331,Normal,0,NF-CSE-CIC-IDS2018-v2
Device_3331,Router,528.18,122,159.17,0.00012528052385383097,2.089,93.66,0.003588526164373536,0.00046792063501220334,7648,5.681,813,143,3389,11,0,30881,15,22413,530,DDoS,1,NF-CSE-CIC-IDS2018-v2
Device_3332,Router,126.87,118,65.83,0.005160946758923766,4.949,61.65,0.00040854262081792736,0.00038914030300197437,3068,8.497,971,1461,3665,8,8,52440,5,66726,226,Port_Scan,1,NF-ToN-IoT-v2
Device_3333,Sensor,592.49,371,153.63,0.002012724400330329,3.716,50.57,0.0030138989073105133,0.0007088882591568168,2759,2.952,441,2025,3398,11,8,24615,5,513,226,DoS,1,NF-BoT-IoT-v2
Device_3334,Camera,482.49,354,82.68,0.0086946518224137,2.153,18.48,0.0033792602079795024,0.0003255033157646508,733,2.507,67,531,2388,0,0,1654,2,53199,226,Data_Exfiltration,1,NF-CSE-CIC-IDS2018-v2
Device_3335,Gateway,622.58,298,88.12,0.001132917023403916,1.171,80.32,0.001898587572919752,7.766071156443565e-05,3328,2.685,734,706,1128,11,8,63086,28,67394,331,Botnet,1,NF-BoT-IoT-v2
Device_3336,Sensor,10.05,106,137.82,0.000114190646605601,3.164,94.81,0.004415858733622525,0.0009024079417284109,9516,0.402,774,1842,1510,0,0,33565,15,26490,200,Normal,0,NF-BoT-IoT-v2
Device_3337,Camera,194.84,455,159.01,0.0045663458268262284,1.827,89.5,0.004022507364140614,0.000638507499332437,1348,9.016,838,1955,3080,8,0,8901,5,60427,425,Normal,0,NF-CSE-CIC-IDS2018-v2
Device_3338,Sensor,491.33,344,136.7,0.001638789708864818,4.575,76.42,0.004637202596744842,0.00021508295330835517,1082,9.992,927,1074,1596,0,0,29300,5,16729,331,DDoS,1,NF-ToN-IoT-v2
Device_3339,Sensor,950.5,25,180.98,0.007406065184524102,2.486,5.43,0.0016429586804918108,2.8224475734801548e-05,2610,8.184,534,1800,3499,8,8,21996,28,54044,331,Normal,0,NF-CSE-CIC-IDS2018-v2
Device_3340,Router,383.61,53,64.18,0.00920735384463581,1.817,43.74,0.00020548622030287328,0.0007262808072619949,3950,4.185,341,1075,3017,11,8,32792,28,75634,425,Normal,0,NF-BoT-IoT-v2
Device_3341,Camera,424.37,451,181.12,0.000515186341595415,3.148,44.02,0.0040761602082880054,0.0008542719235367516,4858,3.604,678,1808,2654,0,8,37828,5,46172,150,Botnet,1,NF-CSE-CIC-IDS2018-v2
Device_3342,Gateway,714.7,385,34.86,0.004016262907969358,1.116,89.96,0.0011925890443825597,0.00041159109989184387,4093,7.769,102,803,1897,3,8,56604,15,35127,425,Data_Exfiltration,1,NF-CSE-CIC-IDS2018-v2
Device_3343,Gateway,603.79,239,135.31,0.009968468263102402,3.027,11.24,0.0023890645987785725,9.008922874461363e-05,1089,5.148,314,592,2572,3,8,28629,15,9835,331,Botnet,1,NF-CSE-CIC-IDS2018-v2
Device_3344,Camera,298.93,399,114.05,0.007353452503006619,0.753,55.47,0.0041048737421337505,0.0006521350253233464,1716,9.401,966,1561,2564,3,0,26690,15,37268,530,DoS,1,NF-CSE-CIC-IDS2018-v2
Device_3345,Router,410.82,117,103.98,0.00953655767268749,3.231,17.93,0.0011590623755089247,0.00030395976171254966,7121,2.868,925,185,3450,8,0,43704,28,13604,150,Port_Scan,1,NF-CSE-CIC-IDS2018-v2
Device_3346,Actuator,217.7,226,69.07,0.0017244245236399402,2.886,67.92,0.0016283529376529863,0.00015250725770077418,8716,3.306,952,1570,1717,0,8,26926,15,47072,530,Normal,0,NF-CSE-CIC-IDS2018-v2
Device_3347,Sensor,966.02,408,105.71,0.0022915487389703402,2.843,80.26,0.0022514919330551665,0.000515292589654172,9722,9.988,110,851,2471,3,0,5114,15,34898,530,Data_Exfiltration,1,NF-ToN-IoT-v2
Device_3348,Router,130.63,269,40.74,0.001632631281908577,3.579,65.99,0.001431941765810661,0.00048702528764333535,1735,9.784,907,1533,3369,8,0,29149,15,66374,530,Normal,0,NF-ToN-IoT-v2
Device_3349,Camera,371.84,321,80.17,0.003093453434381789,0.7,80.49,0.00236047497271386,0.0005216027049865864,6495,8.863,432,415,3045,3,8,56535,28,70177,530,Normal,0,NF-CSE-CIC-IDS2018-v2
Device_3350,Sensor,25.84,329,28.75,0.007271402276457614,2.569,62.71,0.00014702355802318076,0.0008256930003236071,5318,4.106,342,835,1130,11,8,45160,1,84288,530,Normal,0,NF-BoT-IoT-v2
Device_3351,Gateway,221.78,205,118.65,0.0017329719415060635,2.498,23.03,0.0011397210664815037,0.0004897004236529087,277,8.392,828,712,1315,11,8,27280,1,40984,530,DoS,1,NF-CSE-CIC-IDS2018-v2
Device_3352,Actuator,780.47,487,28.2,0.005289916975044557,2.569,41.35,0.00417951146234858,0.0009015351739484045,5351,2.906,179,1253,4033,11,0,42416,15,70590,220,Botnet,1,NF-BoT-IoT-v2
Device_3353,Gateway,201.18,427,40.47,0.0027651781992325407,4.91,95.9,0.0021260615967137035,0.0008433925134259441,819,2.622,679,210,709,3,8,63084,1,53762,150,Normal,0,NF-CSE-CIC-IDS2018-v2
Device_3354,Camera,80.06,484,26.24,0.008309038213455461,1.127,32.38,0.003218388261935504,0.0006546047897903701,3228,5.51,134,646,1420,8,0,25649,15,67462,226,Normal,0,NF-CSE-CIC-IDS2018-v2
Device_3355,Sensor,474.45,104,82.45,0.00016526481285549622,3.607,10.97,0.0012382108454141577,6.628333902925292e-05,7135,8.617,30,1786,2780,3,8,42195,28,40399,150,Normal,0,NF-CSE-CIC-IDS2018-v2
Device_3356,Camera,9.97,65,169.97,0.0023088380895328014,2.309,41.56,0.0032844054557984634,0.000866294945568207,2889,1.065,875,1583,3627,8,8,21081,15,19114,530,DDoS,1,NF-CSE-CIC-IDS2018-v2
Device_3357,Sensor,84.77,41,182.31,0.006091883499964602,2.803,39.8,0.004999871951466658,0.0009065163091522736,8945,5.697,473,78,2317,3,8,4484,2,66704,530,DoS,1,NF-CSE-CIC-IDS2018-v2
Device_3358,Router,807.63,240,23.66,0.0010574339695410414,3.931,49.68,0.0030169094330443442,0.0003812966631651899,6361,6.136,996,1903,4061,8,8,40204,5,47908,220,Normal,0,NF-ToN-IoT-v2
Device_3359,Actuator,771.47,381,130.56,0.004716490937865298,1.208,58.23,0.003178956956945353,0.0005308902420600423,8781,5.84,385,589,2200,3,8,13502,28,16537,331,Normal,0,NF-CSE-CIC-IDS2018-v2
Device_3360,Router,915.14,18,140.03,0.0044184522351754605,3.936,99.28,0.0006464471398637877,0.00028821046393214195,9636,2.263,598,1667,999,0,0,36134,2,26508,226,Normal,0,NF-ToN-IoT-v2
Device_3361,Router,854.52,200,111.42,0.00853997776753546,0.816,76.84,0.002076569211163324,2.4569170667318e-05,7000,0.735,9,214,1186,0,0,13251,2,18040,150,Brute_Force,1,NF-CSE-CIC-IDS2018-v2
Device_3362,Camera,683.18,370,136.73,0.006291432212351453,2.675,8.41,0.004317552002566159,0.00048465655070593954,7623,8.96,941,385,1124,8,8,20908,5,34382,425,Normal,0,NF-CSE-CIC-IDS2018-v2
Device_3363,Actuator,52.33,209,54.4,0.006433050415375117,3.839,72.71,0.004187932670925828,0.00013806538364385493,707,5.788,136,518,2485,11,8,34832,2,19872,200,Normal,0,NF-BoT-IoT-v2
Device_3364,Sensor,782.85,343,103.03,0.009522895257712742,1.366,83.3,0.0026597556407704772,0.00019149146312431677,3691,7.702,290,247,3526,11,0,31975,5,53550,425,DoS,1,NF-BoT-IoT-v2
Device_3365,Sensor,845.51,170,84.27,0.009825367715701413,3.969,90.08,0.004526925333715085,0.000485903703506039,5745,3.708,976,923,3569,11,8,4538,15,11515,331,DoS,1,NF-CSE-CIC-IDS2018-v2
Device_3366,Gateway,799.08,96,27.04,0.006568607848313103,1.251,45.28,0.0008003913892080184,0.000868367957570222,4219,0.521,979,1478,1573,8,8,19810,28,26644,226,DDoS,1,NF-ToN-IoT-v2
Device_3367,Sensor,508.48,30,128.86,0.005267814356505337,4.097,34.79,0.0033251280828414734,0.0008461863450367397,5411,2.67,648,1701,2001,0,0,1016,28,31915,226,Port_Scan,1,NF-CSE-CIC-IDS2018-v2
Device_3368,Camera,232.9,320,104.09,0.006118408578802311,2.61,84.74,0.0013195295248607573,0.0009654177372157335,9044,0.826,652,883,2503,8,0,47070,28,1274,150,Normal,0,NF-ToN-IoT-v2
Device_3369,Router,845.33,85,62.28,0.0038861926800361876,3.581,78.87,0.0032632508850156594,0.00048785381233820355,3148,0.875,43,860,774,3,0,63055,5,71458,331,Normal,0,NF-ToN-IoT-v2
Device_3370,Router,727.16,450,100.0,0.009875820507904766,4.628,55.92,0.0005282584766154594,0.0005564888206173176,4544,2.223,105,1064,1057,3,0,51169,5,49380,331,DDoS,1,NF-CSE-CIC-IDS2018-v2
Device_3371,Router,980.76,395,157.31,0.007079710469018903,2.338,16.2,0.0047236845660142,0.0008238950719669087,4220,6.372,824,1040,1443,3,0,5690,2,77840,530,Normal,0,NF-BoT-IoT-v2
Device_3372,Actuator,155.69,150,162.31,0.00298096726435373,1.548,66.92,0.003953026993993414,0.0007026766762956758,1114,8.196,31,1268,118,3,8,11615,28,84080,200,Brute_Force,1,NF-CSE-CIC-IDS2018-v2
Device_3373,Sensor,225.66,135,133.41,0.0006718863598234774,4.402,11.24,0.001084711667989865,0.00019099388583331586,4996,8.231,682,1194,1704,3,0,24032,2,60658,200,DDoS,1,NF-ToN-IoT-v2
Device_3374,Camera,211.8,260,98.87,0.0005427470986044815,1.227,14.53,0.0032226551860029826,0.0004041930045690567,7153,9.384,673,1039,3055,3,0,35193,15,38420,226,Data_Exfiltration,1,NF-BoT-IoT-v2
Device_3375,Actuator,792.54,397,119.39,0.002128638507212738,3.342,36.46,0.0038198136386336083,0.0009298676991557249,9250,6.598,787,765,2866,11,0,61831,2,17744,425,Port_Scan,1,NF-ToN-IoT-v2
Device_3376,Gateway,186.91,93,83.15,0.002405839237105805,4.655,40.26,0.0011262845269638683,0.00015466587185985494,1691,0.297,765,352,2697,11,0,28701,28,61170,226,Normal,0,NF-CSE-CIC-IDS2018-v2
Device_3377,Camera,66.66,443,34.05,0.004208950390143613,3.535,48.89,0.0005573185077984878,0.0002172628102861364,2688,3.836,219,122,2425,3,0,20610,5,52526,220,Normal,0,NF-CSE-CIC-IDS2018-v2
Device_3378,Camera,998.56,380,83.27,0.002226975515198913,1.381,37.22,0.0018237208538689292,0.00040665344150184744,2638,1.203,984,1945,3239,8,8,37264,2,41972,226,Normal,0,NF-ToN-IoT-v2
Device_3379,Camera,24.82,57,110.76,0.0063460132655312725,1.185,8.21,0.0007651962718566368,0.0009404753914384425,9082,7.797,113,346,1820,0,8,36986,2,86392,530,Port_Scan,1,NF-BoT-IoT-v2
Device_3380,Router,835.24,388,123.78,0.0021914218350247597,1.635,19.95,0.0028719873550107234,0.00012267996020117326,6281,1.285,732,143,2127,3,0,30770,5,20012,200,Normal,0,NF-ToN-IoT-v2
Device_3381,Camera,365.37,87,187.8,0.0019599777355173453,2.261,15.94,0.0021781630569097333,0.0006762129430261309,4494,1.149,695,1168,1496,3,8,58263,5,79237,530,DDoS,1,NF-CSE-CIC-IDS2018-v2
Device_3382,Sensor,841.62,39,157.69,0.004765246228723662,1.216,45.96,0.0023658792566944365,0.00014080129867294504,3198,0.379,260,1765,2140,8,8,30287,28,83294,150,DoS,1,NF-ToN-IoT-v2
Device_3383,Camera,554.62,294,38.88,0.008897819133305807,4.09,25.15,0.002760031038971916,0.000529256025227949,8939,9.559,12,405,839,11,8,36602,15,47409,220,DDoS,1,NF-CSE-CIC-IDS2018-v2
Device_3384,Router,901.63,145,43.09,0.004736224325048479,2.107,32.89,0.004912055515118747,0.0005411978781077314,5976,7.879,471,1318,2067,8,8,23743,28,70406,226,DoS,1,NF-ToN-IoT-v2
Device_3385,Camera,926.19,149,29.09,0.0041971025712644544,4.712,49.8,0.003983914765365434,5.2199845468852575e-05,1575,3.4,340,399,419,0,8,61395,2,59839,200,Normal,0,NF-CSE-CIC-IDS2018-v2
Device_3386,Gateway,9.1,50,150.25,0.005823139583851118,4.291,27.38,0.0031844103254159684,0.0009545766128638572,5304,3.827,872,409,3514,0,0,20553,28,55101,425,Normal,0,NF-BoT-IoT-v2
Device_3387,Gateway,75.41,495,144.16,0.002646415419641122,4.59,28.36,0.001882157510948747,0.0008085564039334931,7837,0.688,924,860,2806,8,8,40314,28,19725,220,Botnet,1,NF-ToN-IoT-v2
Device_3388,Router,250.36,291,197.41,0.003599021889455301,1.825,84.15,0.0002326398303711291,0.00030982565951099346,5175,1.663,246,856,627,3,0,30198,5,5299,150,Botnet,1,NF-ToN-IoT-v2
Device_3389,Sensor,669.32,59,109.18,0.0022169690311045925,3.082,57.07,0.0006709852925218835,0.00013931804889163798,9415,3.183,250,1909,2622,11,0,36311,15,60507,150,Normal,0,NF-CSE-CIC-IDS2018-v2
Device_3390,Sensor,888.27,267,167.02,0.005760918946616069,1.947,86.39,0.00368124952764298,0.0003521704458938082,8907,3.94,570,705,2458,3,8,41070,15,65994,425,Data_Exfiltration,1,NF-CSE-CIC-IDS2018-v2
Device_3391,Actuator,459.94,320,119.52,0.007004136859535232,1.656,53.88,0.0019090992483854219,0.0008953337807817912,9576,6.238,509,1651,2956,3,0,11974,28,51480,200,DDoS,1,NF-BoT-IoT-v2
Device_3392,Router,606.97,369,176.08,0.006769616545806662,3.232,91.38,0.0017387434356289598,0.000141356760874867,3772,3.568,304,588,985,3,0,48495,5,38952,530,Botnet,1,NF-CSE-CIC-IDS2018-v2
Device_3393,Camera,188.5,449,146.99,0.0026226963978511417,4.181,29.2,0.004455993957095161,0.00035582392734152823,2955,9.551,888,1100,3753,3,8,18608,5,35262,331,Normal,0,NF-CSE-CIC-IDS2018-v2
Device_3394,Router,804.97,279,132.15,0.007818517236904873,0.921,63.58,0.002474093563517478,0.0004993613804181808,1723,3.494,892,1326,1590,11,0,19475,2,59971,530,Normal,0,NF-ToN-IoT-v2
Device_3395,Actuator,967.33,143,117.37,0.0026339412859743092,1.741,52.81,0.004507927581324237,4.255547361878981e-05,5736,9.422,513,526,88,8,8,35020,1,49758,425,Normal,0,NF-ToN-IoT-v2
Device_3396,Router,268.6,243,147.36,0.0015880843575508535,1.423,92.28,0.0044445287009707785,0.0002753533755247886,9432,7.326,361,1960,155,0,8,64028,2,11484,530,DDoS,1,NF-ToN-IoT-v2
Device_3397,Router,494.83,137,89.73,0.0035631066120032245,4.093,44.76,0.0004928883294013169,0.0005996775546320408,2930,9.009,715,753,2440,0,0,60937,2,74307,200,Port_Scan,1,NF-CSE-CIC-IDS2018-v2
Device_3398,Actuator,86.12,113,28.35,0.006017666482791742,4.7,86.21,0.0047322785943243245,0.00033072493540369375,8790,7.061,44,717,1976,11,8,44040,2,45852,200,Normal,0,NF-BoT-IoT-v2
Device_3399,Sensor,559.14,263,17.6,0.0015058180061635403,0.86,58.57,0.00047707892967703135,0.0008718201859497267,4782,5.729,319,278,1625,8,8,34758,1,20966,530,Normal,0,NF-CSE-CIC-IDS2018-v2
Device_3400,Camera,502.78,104,101.01,0.006516062409873718,2.206,72.31,0.004821179964711342,0.0009373977645320233,9395,5.14,607,205,3083,11,8,44907,5,42282,530,Normal,0,NF-CSE-CIC-IDS2018-v2
Device_3401,Actuator,144.44,346,123.87,0.008644373162909561,4.615,89.25,0.0023178130962370124,0.0004471274367952265,3189,2.984,489,67,665,3,8,60990,5,54221,200,Brute_Force,1,NF-CSE-CIC-IDS2018-v2
Device_3402,Gateway,442.07,226,24.98,0.0030020910515548985,2.051,99.71,0.0038282173111974234,0.00053670027066206,1852,3.052,294,333,1774,11,8,5152,15,15890,331,Normal,0,NF-BoT-IoT-v2
Device_3403,Sensor,334.1,70,64.51,0.004557045499539683,3.707,74.46,0.0035601073992302815,0.0006345001856278999,4114,2.31,509,1865,405,8,8,63639,15,43281,226,Botnet,1,NF-CSE-CIC-IDS2018-v2
Device_3404,Gateway,521.83,489,71.19,0.0023602732136892633,0.953,34.88,0.0026406253741901894,0.0006678896164338419,713,3.917,521,1213,3008,0,8,18511,28,58177,226,Normal,0,NF-CSE-CIC-IDS2018-v2
Device_3405,Sensor,585.65,277,116.93,0.0036764911177969094,2.5,33.41,0.0031353286122946518,7.262536495647975e-05,743,1.357,774,1706,1535,11,0,58911,28,19633,150,Normal,0,NF-BoT-IoT-v2
Device_3406,Camera,8.5,250,62.91,0.00031750865094482347,2.765,34.36,0.004754599089346054,6.314263596349791e-05,1235,3.937,326,917,2507,0,8,28163,28,24136,226,DDoS,1,NF-ToN-IoT-v2
Device_3407,Camera,761.01,22,28.17,0.009542317022506987,3.909,14.3,0.004644022304249877,0.0008669317975052765,3799,8.354,253,64,4055,0,8,16061,15,9354,200,Normal,0,NF-BoT-IoT-v2
Device_3408,Router,713.01,156,41.32,0.004217313110800732,1.8,10.09,0.003306197646269525,0.0002276733263247619,261,8.716,308,1818,605,0,8,47949,15,76254,530,Brute_Force,1,NF-CSE-CIC-IDS2018-v2
Device_3409,Gateway,366.29,437,43.05,0.007909814087198996,1.689,60.18,0.003322821526779173,0.0005882644479143702,6169,6.464,323,413,2637,8,0,18557,2,43993,425,Data_Exfiltration,1,NF-CSE-CIC-IDS2018-v2
Device_3410,Sensor,52.94,249,170.11,0.0015121700298294455,1.863,82.01,0.0013099995976200065,0.0006284250963684725,3502,2.642,608,1933,3637,3,0,37371,5,53376,226,Normal,0,NF-CSE-CIC-IDS2018-v2
Device_3411,Camera,754.93,98,64.02,0.008142314936593948,3.001,8.43,0.004160255124118807,0.0001728196346262383,4093,2.479,867,455,1494,3,8,18806,15,75336,331,Normal,0,NF-CSE-CIC-IDS2018-v2
Device_3412,Actuator,955.18,104,145.79,0.00861545837852579,4.442,58.83,0.003199756331710176,0.0007639806605019533,4955,2.851,912,1893,1217,8,8,23516,1,66417,425,Data_Exfiltration,1,NF-ToN-IoT-v2
Device_3413,Camera,240.15,324,117.89,0.007183223574008025,4.239,40.32,0.004148619080792309,0.0008672861621146943,156,5.05,642,1738,3266,3,8,37397,2,61515,226,Normal,0,NF-ToN-IoT-v2
Device_3414,Actuator,323.52,302,195.64,0.009041762417335713,0.761,89.79,0.003323476810411085,0.00029252390450452097,5384,9.767,36,1677,3653,3,0,28822,1,6937,200,DoS,1,NF-BoT-IoT-v2
Device_3415,Sensor,183.81,34,61.84,0.0017552515817345503,4.455,18.81,0.0015666681275549135,0.0008790617791142028,3337,1.181,617,1734,1810,3,0,37081,1,53175,226,Port_Scan,1,NF-CSE-CIC-IDS2018-v2
Device_3416,Camera,576.94,281,40.09,0.004817170105007339,0.928,58.53,0.001028458873380985,9.022679707691893e-05,5002,5.055,711,1692,1236,11,8,37145,5,12346,425,Normal,0,NF-ToN-IoT-v2
Device_3417,Camera,154.84,175,19.89,0.006239084366959958,2.369,97.24,0.00047713263669346164,0.0008024592869451645,6096,6.854,291,757,2092,3,0,37168,1,45254,150,Normal,0,NF-CSE-CIC-IDS2018-v2
Device_3418,Sensor,356.19,436,55.78,0.006002310409905126,3.944,37.78,0.0029713751680746216,0.0006437100493342564,719,2.532,888,1350,1363,11,8,61099,1,17964,226,Normal,0,NF-BoT-IoT-v2
Device_3419,Camera,697.01,259,139.97,0.008624305251810353,0.867,75.47,0.0014918516517928016,0.0005872796814914642,4974,9.694,542,724,3796,0,8,30446,1,74626,150,Port_Scan,1,NF-CSE-CIC-IDS2018-v2
Device_3420,Actuator,560.12,96,26.2,0.0022353445429315684,0.682,88.83,0.0031894966214949896,0.0002378314173766987,2713,3.555,941,626,3687,11,8,53909,1,73264,530,Normal,0,NF-CSE-CIC-IDS2018-v2
Device_3421,Camera,386.46,151,56.49,0.0018388739421347775,1.985,22.69,0.0003874165799304805,0.00036822338475218507,7241,9.33,942,1013,3331,3,0,32363,2,6630,220,Normal,0,NF-CSE-CIC-IDS2018-v2
Device_3422,Gateway,420.25,143,172.51,0.002608448089093719,3.785,99.29,0.0019407490185275726,0.0009112013404275071,5473,6.014,605,446,472,8,0,33986,2,48646,331,Normal,0,NF-CSE-CIC-IDS2018-v2
Device_3423,Router,562.11,482,120.76,0.00892634548918742,2.848,81.89,0.0013767107553119004,0.00047108367556149326,2935,0.14,489,905,946,0,0,34217,5,6616,150,Port_Scan,1,NF-CSE-CIC-IDS2018-v2
Device_3424,Actuator,5.86,288,23.21,0.00941616811830999,2.377,18.07,0.001914636982205454,0.0005984362835191674,8957,3.18,961,350,1723,0,8,34355,5,75118,425,Botnet,1,NF-BoT-IoT-v2
Device_3425,Gateway,78.51,135,19.06,0.0057393380322729734,4.159,34.53,0.0003659888058072766,0.0009364930174680617,8419,0.313,236,1080,134,11,8,20368,1,15997,220,Normal,0,NF-CSE-CIC-IDS2018-v2
Device_3426,Sensor,881.26,325,21.61,0.005063582152248146,3.95,64.37,0.0036484889522838877,0.0004718235559200097,3657,3.877,385,789,1286,8,0,21133,28,29497,220,Normal,0,NF-CSE-CIC-IDS2018-v2
Device_3427,Actuator,77.88,405,188.96,0.006093317519325299,4.037,89.07,0.000671816932400569,0.0003943865460094747,4271,9.332,361,1608,608,3,8,60479,1,55724,200,Normal,0,NF-CSE-CIC-IDS2018-v2
Device_3428,Router,706.8,150,171.48,0.006201445733482272,2.569,23.51,0.00017057286910595096,0.0008942700899376397,5082,7.812,953,1489,882,11,0,10412,1,36434,220,Normal,0,NF-ToN-IoT-v2
Device_3429,Router,920.04,365,170.54,0.0017860165789406086,0.588,74.46,0.004736816596807735,0.000911779074960555,7025,6.239,967,90,665,11,0,23231,5,53177,331,DDoS,1,NF-ToN-IoT-v2
Device_3430,Sensor,270.68,112,185.6,0.00689546772806899,1.275,30.71,0.0010450942735887444,0.0003610918767089687,734,5.432,707,208,1552,0,8,40605,15,32376,331,Normal,0,NF-CSE-CIC-IDS2018-v2
Device_3431,Sensor,370.49,235,106.0,0.004578275913249414,3.836,81.51,0.004157500362382758,0.0005960697857247049,3708,3.789,256,1597,2055,11,0,33164,5,9700,331,Brute_Force,1,NF-ToN-IoT-v2
Device_3432,Actuator,568.92,399,57.0,0.005222081392595648,3.889,69.93,0.004825905938809909,0.0009640904951049056,7706,2.194,868,1100,3225,8,8,11929,2,28150,331,DoS,1,NF-BoT-IoT-v2
Device_3433,Camera,881.71,72,86.26,0.0004001343829180393,4.875,54.68,0.002717193877886933,6.491598818800233e-05,5837,0.719,359,1507,948,11,8,17127,5,83963,200,DoS,1,NF-ToN-IoT-v2
Device_3434,Sensor,941.91,303,146.58,0.007669110662057201,1.356,66.74,0.0026779789842329774,4.9404395325377993e-05,9277,1.982,543,340,2958,11,8,21663,15,44138,226,Normal,0,NF-BoT-IoT-v2
Device_3435,Camera,739.56,393,176.45,0.00837073681655203,1.053,88.26,0.0019003445004187073,0.000521414703780291,8045,3.58,25,185,1875,8,0,42413,1,39583,530,Normal,0,NF-CSE-CIC-IDS2018-v2
Device_3436,Gateway,86.62,315,92.67,0.006232273383952012,1.125,41.71,0.0021854148373994346,0.0002983277421903226,2673,5.248,815,998,2898,11,0,2017,15,17071,425,Normal,0,NF-BoT-IoT-v2
Device_3437,Router,669.15,263,111.72,0.007512363989436961,1.332,78.08,0.002462169445071366,0.0005860313860848087,1256,2.124,952,1607,1798,3,0,28722,5,60869,425,Port_Scan,1,NF-CSE-CIC-IDS2018-v2
Device_3438,Camera,410.3,189,187.04,0.00527478943140381,2.878,20.1,0.0008452625782310832,0.0007270523994042587,5753,9.746,984,1195,1015,11,0,60630,28,20178,150,DDoS,1,NF-ToN-IoT-v2
Device_3439,Router,470.7,49,30.42,0.006221698451887701,4.888,71.61,0.00188720994730776,7.838359414576264e-05,3968,0.861,1,800,1655,3,8,59169,2,24741,200,Data_Exfiltration,1,NF-CSE-CIC-IDS2018-v2
Device_3440,Camera,49.15,273,173.84,0.004006259814786062,3.152,76.31,0.004098931368786282,0.0008835438010441729,6634,1.038,358,1637,1836,8,0,10859,15,63217,425,Normal,0,NF-ToN-IoT-v2
Device_3441,Gateway,191.06,198,40.27,0.007939555224118874,2.852,47.08,0.000993750785949215,0.00028411813122458646,8535,6.858,118,416,64,3,0,29555,5,79014,200,DDoS,1,NF-CSE-CIC-IDS2018-v2
Device_3442,Sensor,790.51,17,101.93,0.004735882209618477,3.53,80.39,0.003676280910075165,0.0003875340073583923,867,7.575,479,1703,1254,8,8,46795,1,9105,150,Botnet,1,NF-BoT-IoT-v2
Device_3443,Gateway,453.96,113,51.5,0.006834107753746939,0.833,57.92,0.003292774341314134,0.00034366638444440975,8706,9.727,677,779,612,3,8,30422,5,3762,425,Port_Scan,1,NF-CSE-CIC-IDS2018-v2
Device_3444,Sensor,301.66,234,124.56,0.006252150848333097,4.169,93.95,0.00038075909888502966,0.0008414365095083068,6670,5.351,459,655,1873,3,8,52763,1,55161,150,Normal,0,NF-CSE-CIC-IDS2018-v2
Device_3445,Sensor,384.02,43,116.13,0.007052913732018924,3.411,15.68,0.00020990145534463414,0.0001789456781604798,2986,1.743,113,1088,1031,8,8,18706,28,53833,226,DDoS,1,NF-CSE-CIC-IDS2018-v2
Device_3446,Router,854.4,245,82.2,0.00787363716373971,1.27,17.43,0.0018273894666339101,3.838648612853079e-05,961,9.385,195,1763,2702,8,0,45743,2,30809,226,DoS,1,NF-CSE-CIC-IDS2018-v2
Device_3447,Gateway,749.0,472,174.03,0.005175863467770652,3.338,85.03,0.003491634357946021,0.0009720835956020369,5014,9.804,652,1426,1329,3,8,64353,15,55574,331,Normal,0,NF-CSE-CIC-IDS2018-v2
Device_3448,Camera,272.32,237,135.36,0.008149352897631119,3.183,85.02,0.0017190478440672417,0.000980826150468893,5057,9.243,20,1233,2245,8,0,51783,5,30140,530,DoS,1,NF-ToN-IoT-v2
Device_3449,Gateway,117.5,197,147.03,0.0050228466489889295,0.792,49.77,0.0033718931729424194,0.000265115901581384,4033,8.729,286,1415,3387,0,0,42913,5,25490,425,Normal,0,NF-ToN-IoT-v2
Device_3450,Router,252.0,322,38.63,0.009570679796352975,1.701,96.58,0.0033607449008371095,1.9259108753212775e-05,309,0.868,458,1701,932,11,0,49513,15,9204,226,DDoS,1,NF-BoT-IoT-v2
Device_3451,Sensor,920.76,492,177.8,0.007551450311286464,2.259,69.54,0.004052117650858917,0.0006494579311714003,6222,8.563,743,2011,3157,3,8,33167,1,76202,226,Normal,0,NF-CSE-CIC-IDS2018-v2
Device_3452,Router,581.59,439,41.74,0.0017943023324860355,1.602,98.37,0.0005874795120488393,0.0006519786499371218,2257,9.537,448,1758,1866,0,8,3654,2,79946,150,Normal,0,NF-BoT-IoT-v2
Device_3453,Actuator,533.48,31,52.33,0.00831288626649797,1.594,55.58,0.0029279315668185716,0.000940953147321063,2477,5.568,591,1491,2841,0,0,41754,28,70847,530,Normal,0,NF-CSE-CIC-IDS2018-v2
Device_3454,Actuator,596.39,352,34.33,0.005560717841985679,3.078,24.15,0.000406235885909241,0.0003054858056351347,2289,7.749,640,1954,1159,0,0,16946,15,50402,530,Normal,0,NF-CSE-CIC-IDS2018-v2
Device_3455,Camera,366.03,49,93.67,0.009846163483941267,2.619,47.22,0.0009621409873393552,0.00019760913611752257,8967,6.643,85,1902,584,8,8,60499,2,61275,220,Normal,0,NF-BoT-IoT-v2
Device_3456,Router,807.11,182,178.66,0.007216308532367922,3.503,98.15,0.0016949544239950984,0.0006202185237112272,6330,2.952,576,2021,972,11,8,65077,5,2636,331,Brute_Force,1,NF-ToN-IoT-v2
Device_3457,Camera,523.29,448,57.97,0.0009354683910448917,4.804,40.19,0.003566207278104383,0.0005680343549028451,6383,5.916,274,37,1986,3,0,40570,2,26879,331,Botnet,1,NF-CSE-CIC-IDS2018-v2
Device_3458,Camera,116.75,188,81.01,0.004010108233342453,3.473,95.92,0.004872002077519999,0.0007205594257695501,1455,8.905,800,1860,2050,11,0,26850,28,42015,200,Port_Scan,1,NF-CSE-CIC-IDS2018-v2
Device_3459,Actuator,129.07,95,170.75,0.0052210264864653395,3.119,80.72,0.001778351990490962,0.0008862761292575411,8317,5.014,403,722,3782,3,8,34832,2,34114,226,Botnet,1,NF-CSE-CIC-IDS2018-v2
Device_3460,Camera,536.86,142,127.38,0.008406234671282039,4.314,47.0,0.0026536079784731524,0.0005641477356051896,1750,5.942,253,826,1794,11,8,41179,5,35949,226,Port_Scan,1,NF-BoT-IoT-v2
Device_3461,Actuator,936.57,360,152.81,0.0073205207898647505,3.344,56.48,0.0013693724175699335,0.00015857450719585384,3058,5.361,606,1673,1901,11,0,19015,28,70259,150,Normal,0,NF-CSE-CIC-IDS2018-v2
Device_3462,Sensor,308.35,22,50.66,0.003756664699055225,1.245,62.71,0.003409899140987112,0.0006021476539280265,4557,2.896,801,1997,3705,0,8,10691,28,59228,226,Normal,0,NF-ToN-IoT-v2
Device_3463,Router,869.54,37,146.13,0.006568983606276027,1.916,68.25,0.0018962707529571875,0.00038036055175694547,6090,6.472,958,1813,2907,8,8,2016,28,80469,200,Normal,0,NF-CSE-CIC-IDS2018-v2
Device_3464,Camera,764.1,93,53.25,0.005811417988193956,3.8,12.29,0.00245982124984756,0.00045820767832301253,1782,5.144,662,1892,564,3,8,33393,5,12325,150,Normal,0,NF-BoT-IoT-v2
Device_3465,Actuator,247.81,490,197.59,0.0013479208286288284,3.823,93.69,0.002882283091668081,0.0009598895469802745,2066,2.402,365,922,2089,3,0,31189,1,34706,530,Normal,0,NF-BoT-IoT-v2
Device_3466,Gateway,36.34,473,116.38,0.002425101060686145,4.942,61.71,0.003462587416545655,0.0005593975837001123,3386,8.964,669,1286,1886,3,8,63838,5,86035,331,DoS,1,NF-CSE-CIC-IDS2018-v2
Device_3467,Camera,101.85,327,142.17,0.003477110895871712,3.321,93.46,0.00039425314031979095,0.000158150687290153,1095,9.505,728,1456,1395,0,8,9856,1,76407,226,Normal,0,NF-CSE-CIC-IDS2018-v2
Device_3468,Sensor,728.49,358,32.5,0.002035285722998679,4.548,65.03,0.002819015359554309,0.0004487270210532709,8368,0.648,260,758,314,0,8,48232,1,71301,226,Data_Exfiltration,1,NF-BoT-IoT-v2
Device_3469,Sensor,199.67,352,57.62,0.001586325073717253,0.746,45.95,0.002212704079290736,0.0002361461975900013,2242,6.261,434,816,3016,0,8,36109,5,26932,200,Normal,0,NF-ToN-IoT-v2
Device_3470,Gateway,371.27,289,36.55,0.0006761579242898418,3.048,58.86,0.0007554489237503689,0.0001441276693896007,1056,4.209,972,648,1690,0,8,58246,2,48045,425,Brute_Force,1,NF-ToN-IoT-v2
Device_3471,Actuator,501.7,363,84.13,0.008743715399528408,4.639,83.8,0.0011193796748236724,0.0007151117712116827,317,5.307,612,917,1291,0,8,16447,5,71447,530,Brute_Force,1,NF-CSE-CIC-IDS2018-v2
Device_3472,Camera,725.47,272,63.99,0.0029605398378520515,1.793,35.98,0.004431061446390674,0.000632283378447511,4046,3.801,122,54,2119,11,8,42951,28,74961,530,Normal,0,NF-CSE-CIC-IDS2018-v2
Device_3473,Actuator,113.23,175,149.26,0.0029741739789423054,1.197,95.86,0.004371702444591161,0.0005028109778525841,2515,4.796,644,838,2219,3,8,51079,2,45690,530,Port_Scan,1,NF-CSE-CIC-IDS2018-v2
Device_3474,Sensor,406.37,302,30.65,0.002141658560558539,2.077,49.27,0.0002633182466760069,0.0004290059128329378,6295,3.302,517,192,1832,11,0,25525,15,35561,200,Brute_Force,1,NF-BoT-IoT-v2
Device_3475,Actuator,485.07,77,152.89,0.0048064339814524425,4.065,95.84,0.003478067307057636,0.00032899555351266935,1567,1.264,979,1249,1941,0,0,48279,15,39490,150,Botnet,1,NF-CSE-CIC-IDS2018-v2
Device_3476,Sensor,540.83,235,18.68,0.0051909954824314875,0.881,88.67,0.002815517834373035,9.712862509631723e-05,2972,3.09,745,297,3921,8,8,57782,15,26871,331,Data_Exfiltration,1,NF-CSE-CIC-IDS2018-v2
Device_3477,Actuator,818.36,179,48.38,0.002161985450388292,3.202,77.93,0.004705097631421518,0.00030627695105489154,132,6.736,679,114,3767,0,0,17280,28,65711,425,Botnet,1,NF-BoT-IoT-v2
Device_3478,Gateway,171.68,95,160.47,0.006124846344850141,1.11,49.41,0.0045492279840098375,0.000840010676732168,3587,0.599,569,199,2928,0,8,22242,28,85080,425,Normal,0,NF-CSE-CIC-IDS2018-v2
Device_3479,Router,807.83,142,151.13,0.007257699599978117,2.46,60.76,0.0029398533729765738,0.0007858386406414388,6887,3.889,543,1896,2634,0,8,48616,1,56752,200,Normal,0,NF-CSE-CIC-IDS2018-v2
Device_3480,Gateway,692.88,457,100.5,0.003801016851057974,4.847,84.61,0.0007808791144606678,0.000972594546701829,8716,0.519,519,686,1460,3,0,7367,28,81416,200,Normal,0,NF-BoT-IoT-v2
Device_3481,Gateway,555.87,187,19.5,0.0058959717988886435,1.378,56.69,0.0023530936159795704,0.0006595064410097282,4982,3.627,12,586,449,3,0,62020,1,9278,331,Normal,0,NF-BoT-IoT-v2
Device_3482,Router,699.53,499,125.88,0.005072788861128019,0.653,75.13,0.0036533053979521278,0.000558103359992709,3178,0.967,10,375,2012,8,8,18463,15,7163,220,Normal,0,NF-ToN-IoT-v2
Device_3483,Router,412.02,352,87.28,0.0020359291437254115,2.422,80.11,0.00476350951194037,0.00030308403841044135,6738,3.462,157,43,246,3,8,16384,5,15923,150,Normal,0,NF-BoT-IoT-v2
Device_3484,Camera,138.4,261,70.14,0.007327108788868321,3.1,53.74,0.0018827640881876548,8.609164008842456e-05,4962,8.397,725,1589,3444,0,8,37569,5,63193,425,DDoS,1,NF-CSE-CIC-IDS2018-v2
Device_3485,Camera,665.77,24,131.68,0.008034384975458069,1.839,55.94,0.003944890232172404,0.0006218381551013197,1917,6.173,141,1585,3033,8,0,20393,28,17487,220,Normal,0,NF-ToN-IoT-v2
Device_3486,Gateway,524.67,232,92.96,0.00652305184431296,2.938,23.79,0.003448369691080446,0.0004932805697590143,5967,6.855,983,481,1266,8,0,27629,15,43359,331,Botnet,1,NF-CSE-CIC-IDS2018-v2
Device_3487,Gateway,639.37,388,27.56,0.003306570674933408,4.79,28.25,0.0004836346079970844,0.0007614837682636345,5573,5.088,639,605,3853,8,8,32718,15,27760,425,Normal,0,NF-BoT-IoT-v2
Device_3488,Sensor,338.0,210,184.03,0.009275245694652082,1.903,90.97,0.002834086566402811,0.00041773934913147973,4394,9.232,710,1756,1078,0,8,16105,1,33333,425,Normal,0,NF-ToN-IoT-v2
Device_3489,Sensor,906.87,116,157.91,0.004608048041151731,1.892,84.83,0.0009991932843429906,0.0009856958442857262,814,5.457,927,2011,1691,3,8,38792,1,55394,226,Normal,0,NF-BoT-IoT-v2
Device_3490,Camera,587.37,259,20.71,0.002732197005312469,2.672,5.96,0.0034493915316710457,0.0004036359343147996,3307,1.133,137,622,3362,11,0,51915,15,52261,425,Normal,0,NF-BoT-IoT-v2
Device_3491,Camera,85.4,446,109.76,0.00414152274613737,2.819,87.59,0.003089415750009132,0.00033974091856246497,4080,9.338,691,521,3653,3,8,19017,28,33558,150,DDoS,1,NF-ToN-IoT-v2
Device_3492,Sensor,449.8,418,25.84,0.006951543409891278,0.506,7.4,0.004867935649005783,0.0008722765129830747,4483,1.417,600,1222,1955,11,8,28823,28,78976,331,Data_Exfiltration,1,NF-CSE-CIC-IDS2018-v2
Device_3493,Sensor,756.36,98,169.09,0.008474724678026567,3.271,48.54,0.004683375059111566,0.0004015513587887458,2124,9.992,400,2024,1099,0,8,52584,15,48991,331,Normal,0,NF-BoT-IoT-v2
Device_3494,Actuator,794.13,134,126.47,0.0036300974429004386,4.988,11.41,0.00014592688463451785,0.0008721883459294734,6962,4.41,443,693,1337,3,0,26993,5,47843,425,DoS,1,NF-CSE-CIC-IDS2018-v2
Device_3495,Actuator,494.6,122,42.77,0.0024029820154928094,1.814,97.04,0.0004921442078413282,3.708074276761172e-05,2714,0.828,442,496,3553,0,8,1682,5,47960,150,Brute_Force,1,NF-CSE-CIC-IDS2018-v2
Device_3496,Sensor,894.75,478,13.94,0.006302282005168529,3.339,97.37,0.0038687581260048497,0.0006956673779549319,910,8.655,267,941,3512,0,8,33330,1,62284,220,Normal,0,NF-CSE-CIC-IDS2018-v2
Device_3497,Actuator,267.67,146,16.0,0.009220029491052226,0.521,63.03,0.0034596510575827764,8.113434476410633e-05,2130,1.02,676,1790,2309,8,0,39760,15,73665,226,Normal,0,NF-BoT-IoT-v2
Device_3498,Router,410.6,256,106.4,0.001914604299238274,3.219,42.26,0.004024633432732768,0.00015675013845410234,6133,1.827,761,648,3774,3,0,49409,5,45983,220,Normal,0,NF-CSE-CIC-IDS2018-v2
Device_3499,Camera,898.6,175,149.53,0.00804989188476373,2.512,53.64,0.0014073931210747859,0.0007030742696708954,2072,4.232,513,1821,1535,8,0,6665,28,3293,200,Normal,0,NF-ToN-IoT-v2
Device_3500,Camera,896.26,159,32.96,0.004818411096726094,2.886,77.42,0.004261681566936135,0.0002968261078013895,8054,6.794,277,38,100,3,0,58308,2,67563,220,Brute_Force,1,NF-ToN-IoT-v2
Device_3501,Sensor,685.71,372,52.04,0.008015173789224709,2.948,26.2,0.002267855412741866,0.00021832906726660547,9008,1.299,684,1038,3004,0,8,31846,2,85955,200,Data_Exfiltration,1,NF-CSE-CIC-IDS2018-v2
Device_3502,Gateway,858.98,352,72.18,0.005104857382755581,1.296,46.96,0.0013833515749047645,0.0008035108762530508,924,6.264,356,1218,484,8,0,53893,15,55,150,DDoS,1,NF-BoT-IoT-v2
Device_3503,Sensor,88.77,442,51.43,0.003835544965591971,3.965,75.04,0.00015197796316597257,0.0009467843955319602,1827,7.826,933,833,3143,0,0,12477,1,74264,425,DDoS,1,NF-CSE-CIC-IDS2018-v2
Device_3504,Actuator,864.99,77,84.35,0.006997735902075543,3.0,42.56,0.0043696837706160094,0.0002400568420529183,7603,1.323,774,1250,2276,11,8,21057,2,30897,200,Port_Scan,1,NF-BoT-IoT-v2
Device_3505,Gateway,320.62,230,116.33,0.009016210216489483,1.716,8.04,0.0027231848612768446,0.0003240239966733285,5221,6.511,654,350,183,0,0,29959,28,7713,331,Normal,0,NF-BoT-IoT-v2
Device_3506,Actuator,178.33,280,140.14,0.0032704921306647926,4.718,53.2,0.004879372210384764,0.0007169325729463461,2332,9.593,93,161,807,11,0,54083,28,73717,425,DDoS,1,NF-BoT-IoT-v2
Device_3507,Router,239.37,330,193.12,0.004661406536444282,0.557,75.05,0.0036019388088795712,0.0008171399418503174,5780,9.677,641,140,3872,11,8,64698,28,20574,425,Normal,0,NF-CSE-CIC-IDS2018-v2
Device_3508,Actuator,417.97,319,186.86,0.002371066204295573,3.767,97.8,0.000494044003099915,0.0009991706773240198,6845,1.7,136,250,2483,8,8,26417,2,31478,530,Normal,0,NF-CSE-CIC-IDS2018-v2
Device_3509,Router,251.19,423,118.32,0.0019157536898117729,2.216,8.52,0.0029821368133704975,0.00028063701602106325,7705,7.621,111,537,2344,8,8,39774,5,12113,425,Normal,0,NF-BoT-IoT-v2
Device_3510,Router,320.57,358,149.49,0.007801112409682535,2.851,56.29,0.00018391024513440273,0.0005610524028659853,862,8.482,44,460,1517,3,8,20259,28,12683,530,Normal,0,NF-CSE-CIC-IDS2018-v2
Device_3511,Actuator,134.98,29,190.67,0.00208657475521558,1.812,47.74,0.0028331310856433674,0.00014267875204015701,121,8.901,891,1886,2398,3,0,47751,1,22321,200,DoS,1,NF-BoT-IoT-v2
Device_3512,Actuator,296.18,298,25.86,0.007953849896211054,1.946,28.03,0.0018159881491854957,0.0003375317040475124,2359,3.304,211,673,801,8,8,36861,15,61968,331,Normal,0,NF-CSE-CIC-IDS2018-v2
Device_3513,Router,572.28,498,11.07,0.004349248813218619,0.568,65.59,0.003252149590121951,5.451888551235682e-05,4661,2.774,343,275,1482,3,8,19038,15,44856,331,DoS,1,NF-BoT-IoT-v2
Device_3514,Gateway,441.85,109,15.66,0.009950982361736386,3.784,20.54,0.0027537136106067263,0.000218730157407987,7232,0.574,359,469,1507,0,8,20368,15,65734,220,DoS,1,NF-CSE-CIC-IDS2018-v2
Device_3515,Router,346.72,261,117.04,0.0020536800400937634,3.699,31.97,0.001380616584730993,0.0005114795270167466,3405,4.055,361,338,515,0,0,65210,5,47553,425,Normal,0,NF-BoT-IoT-v2
Device_3516,Camera,746.45,479,154.94,0.0010204821258769775,3.445,79.27,0.0008955179846185376,0.00017212153161857253,7870,1.327,331,1864,2768,0,8,12792,15,34721,425,DoS,1,NF-ToN-IoT-v2
Device_3517,Router,893.51,86,79.74,0.0008467873890746066,4.451,48.74,0.0020830862830745725,0.0008904894770708831,4992,7.884,411,932,2105,0,0,59373,15,13193,226,Normal,0,NF-CSE-CIC-IDS2018-v2
Device_3518,Gateway,756.79,144,113.6,0.008370638246769587,4.556,99.4,0.0049354979427630626,0.0007132059213153516,9833,1.515,759,1652,1849,0,0,52967,2,61509,425,Botnet,1,NF-BoT-IoT-v2
Device_3519,Camera,332.0,401,108.11,0.0044339854794776,3.004,41.71,0.002234923338691431,3.745864251403678e-05,8712,8.207,508,1310,1359,11,8,18253,5,81433,220,Normal,0,NF-CSE-CIC-IDS2018-v2
Device_3520,Sensor,744.44,421,28.01,0.0001309310615089791,3.582,49.01,0.003769056975329228,0.0008779345401679617,4536,1.165,232,1382,1373,0,0,63367,5,65261,530,Normal,0,NF-BoT-IoT-v2
Device_3521,Sensor,151.98,182,71.1,0.008760236488783026,0.549,33.52,0.00037917027546631655,0.0009775477842535142,7197,4.858,804,440,1126,3,8,16761,2,40452,530,Port_Scan,1,NF-CSE-CIC-IDS2018-v2
Device_3522,Gateway,130.32,372,13.69,0.008781517968412015,4.309,27.45,0.0019564422456452776,0.0005068429540693336,6914,3.908,170,780,1643,8,0,18776,1,22641,530,Data_Exfiltration,1,NF-ToN-IoT-v2
Device_3523,Router,345.63,210,31.03,0.00808352507278603,4.174,92.62,0.0029435828822751186,0.00032146457077408195,8414,6.055,404,32,3632,8,8,13517,15,52491,220,Normal,0,NF-CSE-CIC-IDS2018-v2
Device_3524,Actuator,807.7,226,164.25,0.0025583529819459406,0.591,76.14,0.0037808629153095624,0.00027082980490604887,5067,5.236,234,808,1028,3,8,64470,1,7655,530,Data_Exfiltration,1,NF-ToN-IoT-v2
Device_3525,Gateway,246.35,385,167.59,0.0037902519286650135,2.943,36.67,0.002689079920853594,9.654529927636318e-05,8725,6.026,520,225,1575,3,8,60202,2,57882,331,DDoS,1,NF-CSE-CIC-IDS2018-v2
Device_3526,Camera,63.25,217,162.37,0.0074747696294352895,4.58,71.51,0.002624948174423828,0.0004966932842883406,6431,0.11,302,994,435,3,0,31976,2,7014,226,Brute_Force,1,NF-BoT-IoT-v2
Device_3527,Camera,131.71,83,148.1,0.004944595941535094,1.316,96.75,0.003843143871726128,5.9638621881708686e-05,4265,1.362,100,1419,2660,8,8,55358,2,80239,331,Normal,0,NF-CSE-CIC-IDS2018-v2
Device_3528,Sensor,858.74,20,160.73,0.0016228831095631698,2.087,12.03,0.0016351098148626112,0.0005087988194142432,3582,5.219,253,1924,1066,3,0,50000,2,70683,425,DDoS,1,NF-CSE-CIC-IDS2018-v2
Device_3529,Camera,633.78,296,137.49,0.0025037028188239566,1.99,30.13,0.0005439915522698235,0.0002600229563178422,8137,2.374,308,153,3545,3,0,62832,28,80763,226,Brute_Force,1,NF-ToN-IoT-v2
Device_3530,Gateway,253.2,265,137.27,0.009728636413840417,2.102,24.05,0.001801037307985288,0.0004816676360224017,2984,0.856,794,395,1343,11,8,33547,2,38621,200,Data_Exfiltration,1,NF-ToN-IoT-v2
Device_3531,Camera,555.3,21,136.8,0.0015950298625283517,0.688,87.63,0.0008790815537022298,0.00042420028508100927,2738,2.255,803,1059,2587,11,0,36179,1,63290,530,Normal,0,NF-CSE-CIC-IDS2018-v2
Device_3532,Gateway,527.58,389,107.67,0.007288199491114067,1.756,22.02,0.004833126600253823,0.0003120631094842582,3977,7.821,700,180,2322,11,0,865,2,37558,331,Botnet,1,NF-ToN-IoT-v2
Device_3533,Actuator,655.44,488,79.04,0.004832381235929436,1.827,34.27,0.0029298065826357887,0.0004541518571215062,1715,5.463,387,1116,468,8,8,36407,1,437,220,DDoS,1,NF-ToN-IoT-v2
Device_3534,Sensor,233.19,87,148.74,0.007511156429566382,4.396,56.67,0.002288342113505331,0.0004792935503531959,6104,1.982,123,825,2715,3,0,15920,2,46408,331,Botnet,1,NF-ToN-IoT-v2
Device_3535,Camera,864.4,444,66.74,0.006645021087329492,2.085,64.0,0.00456905420296718,0.0008353548439594862,3908,0.258,132,1172,1618,0,0,7091,2,26028,150,Normal,0,NF-ToN-IoT-v2
Device_3536,Gateway,309.37,181,113.15,0.004447755186487827,2.512,81.78,0.004511770798098806,0.0006691255099979475,326,3.64,236,1739,2723,8,8,51082,28,42604,150,Normal,0,NF-CSE-CIC-IDS2018-v2
Device_3537,Router,694.13,105,92.34,0.0036037171643623646,2.213,43.7,0.002136916667463627,0.00043882503170453846,635,3.639,221,1988,1482,11,8,33306,2,46661,150,Normal,0,NF-BoT-IoT-v2
Device_3538,Sensor,16.12,315,62.56,0.007568156618125643,1.043,55.75,0.004386164075024071,0.000906189518199979,1222,7.378,62,877,3794,11,8,36797,15,10744,220,Botnet,1,NF-BoT-IoT-v2
Device_3539,Actuator,372.66,382,195.19,0.003299097941972282,4.957,96.72,0.00041372707240076026,0.0007581833687382751,4465,9.202,832,269,644,8,8,64392,28,72922,220,Normal,0,NF-ToN-IoT-v2
Device_3540,Gateway,351.71,282,59.16,0.007898937652876829,4.216,33.25,0.0044400238121294795,8.495972813720687e-05,7189,3.783,690,1193,3265,8,0,42065,28,24472,530,Data_Exfiltration,1,NF-CSE-CIC-IDS2018-v2
Device_3541,Actuator,543.48,428,68.77,0.006830446356691275,2.934,28.57,0.0016218592899216154,0.0001622083709732314,5313,6.913,732,761,2136,3,0,42725,15,63794,150,Normal,0,NF-CSE-CIC-IDS2018-v2
Device_3542,Actuator,72.74,394,40.7,0.005818924785308373,2.644,72.51,0.002869099193269044,9.085120477476785e-05,3634,6.386,403,489,690,8,8,64035,28,48919,425,Normal,0,NF-CSE-CIC-IDS2018-v2
Device_3543,Camera,790.13,422,166.37,0.003751128760532744,3.422,78.26,0.0014214740580347157,0.0003256747261811891,758,4.279,171,516,3225,0,0,55213,2,54922,530,DDoS,1,NF-CSE-CIC-IDS2018-v2
Device_3544,Camera,217.78,188,121.45,0.002130305441887112,1.969,44.4,0.0049255178301297635,0.0004412901545951417,7318,0.752,476,1137,1885,0,8,59099,15,15899,220,Normal,0,NF-CSE-CIC-IDS2018-v2
Device_3545,Gateway,677.04,73,126.48,0.007133156032282573,0.726,25.23,0.000451721918347773,0.0005092034635322757,9458,4.787,594,1786,1360,8,8,47571,2,49277,425,Normal,0,NF-CSE-CIC-IDS2018-v2
Device_3546,Router,803.21,141,165.91,0.001004357348988751,2.319,79.0,0.0022900809052251903,0.0008528980767098112,5091,3.606,14,880,404,0,0,56693,28,27709,220,Normal,0,NF-BoT-IoT-v2
Device_3547,Gateway,561.88,352,75.15,0.009708368335942021,4.928,68.7,0.00314284195868445,2.7776722925283777e-05,8308,5.547,270,745,275,3,8,57577,5,44329,220,Normal,0,NF-BoT-IoT-v2
Device_3548,Router,740.88,421,46.79,0.009789604354693327,1.321,88.24,0.0031165000364527227,0.0004340055216876723,2003,1.341,54,1642,3025,8,0,13468,15,76198,150,Normal,0,NF-BoT-IoT-v2
Device_3549,Actuator,661.86,281,47.7,0.001389203897985573,2.875,85.21,0.003719916109847735,0.00041688838994534167,1712,7.27,413,1102,1710,0,0,14275,1,60977,200,Normal,0,NF-BoT-IoT-v2
Device_3550,Sensor,355.53,328,149.2,0.0011289596974257922,0.538,24.49,0.0036496350989780107,0.0009480011772927092,5497,7.899,131,375,2063,11,0,6222,28,8620,425,Data_Exfiltration,1,NF-ToN-IoT-v2
Device_3551,Gateway,808.86,341,126.68,0.004185895598121998,1.049,84.07,0.003986399255481487,0.00024862654844795096,8727,3.946,610,1394,3483,3,8,21800,5,66827,425,Brute_Force,1,NF-ToN-IoT-v2
Device_3552,Gateway,294.7,446,49.2,0.00964046439537897,3.142,21.64,0.0012480083064994889,0.00013118175378641427,3555,1.835,713,267,2699,8,0,64747,28,38821,530,Brute_Force,1,NF-CSE-CIC-IDS2018-v2
Device_3553,Router,571.21,350,37.56,0.0040630779023880185,1.838,87.05,0.0019154818176692833,0.00015083761006213624,2104,6.273,872,1519,2407,8,0,40475,2,7730,200,Normal,0,NF-CSE-CIC-IDS2018-v2
Device_3554,Actuator,745.4,118,32.93,0.003701640873480115,4.576,78.18,0.001971962268303336,0.0005249412966885506,2833,9.563,773,694,1477,8,0,11455,2,8010,226,Brute_Force,1,NF-CSE-CIC-IDS2018-v2
Device_3555,Actuator,378.96,282,129.28,0.007065492084087836,2.328,59.14,0.004783614338459696,0.00039699476547041173,5351,7.035,733,407,3223,11,8,7143,2,41718,331,DoS,1,NF-ToN-IoT-v2
Device_3556,Router,302.77,177,10.02,0.001869439242292748,1.436,66.01,0.0021056280997175203,0.0007566006080803496,8554,1.322,517,1178,1073,0,0,61079,5,21504,200,Normal,0,NF-CSE-CIC-IDS2018-v2
Device_3557,Actuator,459.35,406,13.48,0.0036969024873801395,2.955,14.89,0.0011871591324529168,0.00032995054843200746,2541,4.032,629,1003,2538,8,8,11876,2,34454,226,Normal,0,NF-BoT-IoT-v2
Device_3558,Camera,817.96,189,84.02,0.002983943718117429,4.077,8.79,0.0031984876893195783,0.00013668213448233128,8050,9.162,301,277,3077,0,0,24463,28,5500,200,Normal,0,NF-CSE-CIC-IDS2018-v2
Device_3559,Sensor,929.92,67,141.36,0.0060551927640432,0.587,36.41,0.002193607882643618,0.00039300703182382365,6141,6.381,704,1309,976,3,0,29461,28,44835,150,Normal,0,NF-BoT-IoT-v2
Device_3560,Gateway,545.08,489,142.06,0.0017112535735202222,2.775,83.03,0.0013253923092671665,0.0008842052611493296,6451,1.557,960,597,3305,11,0,7214,28,21544,530,Port_Scan,1,NF-CSE-CIC-IDS2018-v2
Device_3561,Sensor,661.47,430,91.72,0.00553214243050174,3.98,49.25,0.0036041638248451853,0.0004114712878868521,907,7.273,939,730,3282,11,8,29200,15,77767,226,Brute_Force,1,NF-CSE-CIC-IDS2018-v2
Device_3562,Gateway,903.27,88,141.3,0.008589711240374763,0.966,26.22,0.0010404339045738695,0.0008352914452503965,2612,3.6,427,946,1966,3,8,50048,28,38039,150,Brute_Force,1,NF-BoT-IoT-v2
Device_3563,Camera,98.55,469,109.01,0.00519028841240526,4.563,84.28,0.0032034347992308068,0.0003778147849950453,457,4.946,116,312,3375,3,8,56734,2,43224,150,Normal,0,NF-CSE-CIC-IDS2018-v2
Device_3564,Actuator,232.08,70,195.62,0.0068666165092710445,1.69,26.72,0.0022096004777116774,0.00028857176767729017,7411,4.209,236,98,118,8,0,6488,15,63909,226,DDoS,1,NF-CSE-CIC-IDS2018-v2
Device_3565,Router,708.9,378,40.87,0.0008449553750115356,1.268,82.47,0.0016639191052202937,0.0007771141026062923,2501,7.284,563,1708,1691,3,0,36363,15,26853,425,Normal,0,NF-CSE-CIC-IDS2018-v2
Device_3566,Camera,823.74,130,124.13,0.004545155234545726,3.152,48.03,0.004735313110687776,0.00021714218239466285,1374,2.257,13,1588,2876,11,0,57619,15,63572,425,Botnet,1,NF-CSE-CIC-IDS2018-v2
Device_3567,Sensor,857.03,216,103.34,0.0010394423576149346,1.288,49.03,0.0016895967882924214,0.00023951239910811339,1088,3.945,218,1589,3804,0,8,8594,15,65860,226,Botnet,1,NF-BoT-IoT-v2
Device_3568,Router,415.11,43,46.95,0.006034670590287903,3.559,30.91,0.0018027861333348443,5.9314709695206704e-05,117,7.471,329,206,944,0,8,64772,5,65620,200,Normal,0,NF-ToN-IoT-v2
Device_3569,Actuator,89.34,79,152.5,0.002882438274620803,2.705,90.52,0.004366127984252538,0.00019596725416917452,1838,7.077,68,1246,2037,0,8,35069,28,38344,200,DoS,1,NF-ToN-IoT-v2
Device_3570,Camera,437.78,26,62.35,0.002943931726818305,0.995,13.43,0.0007323124780899169,0.00038502723967370067,2863,2.097,743,316,2066,0,0,46094,5,82029,331,DoS,1,NF-BoT-IoT-v2
Device_3571,Router,230.73,29,82.52,0.0008599906977353092,4.606,18.72,0.0006295368732656992,0.00040557697172775473,6728,3.572,991,336,3898,0,8,35816,1,58013,530,Port_Scan,1,NF-CSE-CIC-IDS2018-v2
Device_3572,Camera,291.2,466,81.22,0.0031713548282632704,3.529,65.41,0.001485268142014062,0.0004264218060622576,5221,0.242,837,906,1863,0,0,35352,5,75270,530,Normal,0,NF-ToN-IoT-v2
Device_3573,Camera,772.27,324,56.4,0.005116104053360265,2.957,85.76,0.0029990160240448527,0.00048489601677302065,1013,5.349,391,824,3655,11,0,37026,15,12024,200,DDoS,1,NF-CSE-CIC-IDS2018-v2
Device_3574,Actuator,75.53,78,91.83,0.005888135021400439,2.185,14.07,0.0019830707845396763,0.0005761915096015594,8857,2.881,92,438,2948,3,0,54379,28,48418,425,Port_Scan,1,NF-CSE-CIC-IDS2018-v2
Device_3575,Gateway,827.58,224,99.94,0.0007599889576306507,1.107,74.71,0.0030819169560948076,0.00019753473434950262,7433,0.217,104,363,1386,11,0,32566,28,70936,226,Normal,0,NF-ToN-IoT-v2
Device_3576,Router,427.67,170,151.4,0.006549445938589095,3.684,75.54,0.0008827780921177299,0.0006178047412453052,3012,4.305,590,336,1697,8,0,43070,2,67909,200,Normal,0,NF-BoT-IoT-v2
Device_3577,Actuator,596.06,111,155.36,0.004939870031459597,4.161,60.24,0.0013811091589600005,0.0003431890415945957,9644,9.276,984,950,2673,0,8,49394,5,45033,226,Data_Exfiltration,1,NF-ToN-IoT-v2
Device_3578,Camera,89.65,385,40.13,0.005415389278350925,1.066,51.24,0.0028692954356811106,0.0007366706277877372,1571,9.242,426,1828,788,3,8,2350,28,69472,530,Normal,0,NF-CSE-CIC-IDS2018-v2
Device_3579,Actuator,337.36,215,122.63,0.008344687070301168,2.726,35.5,0.0011640310910677886,0.0005616324056844543,3263,3.784,614,700,2115,3,0,25538,1,37632,331,Botnet,1,NF-BoT-IoT-v2
Device_3580,Gateway,89.7,154,180.28,0.003488041808518179,2.682,38.39,0.00217174268940318,0.000558725940569725,5471,4.547,773,804,2475,0,8,9331,1,82848,226,DoS,1,NF-ToN-IoT-v2
Device_3581,Router,961.54,66,30.67,0.0018231060025138439,2.075,69.07,0.002905974597259279,0.0006886321187069445,8903,2.503,943,582,1379,3,0,30673,5,11546,331,Normal,0,NF-ToN-IoT-v2
Device_3582,Gateway,807.26,92,99.85,0.0055629207394988466,4.052,11.2,0.004870889421176481,0.0003396888010440317,9354,0.776,304,1026,1476,0,0,10559,2,4028,530,Brute_Force,1,NF-ToN-IoT-v2
Device_3583,Sensor,459.63,490,152.57,0.009455716983598865,0.948,60.57,0.0004914446236002067,0.0004349406111558607,8727,6.97,379,1986,816,8,8,50197,1,34310,331,Data_Exfiltration,1,NF-CSE-CIC-IDS2018-v2
Device_3584,Router,223.6,394,126.18,0.005226909229893199,1.423,31.48,0.002356028494997434,0.0005870688897485531,8939,8.021,738,1392,3134,0,0,13775,2,34618,530,Port_Scan,1,NF-CSE-CIC-IDS2018-v2
Device_3585,Gateway,933.46,278,29.11,0.008335930523783114,0.507,49.33,0.002041727707636441,0.0004273400643105684,4117,8.813,348,1085,3606,8,8,9678,5,35613,331,Normal,0,NF-CSE-CIC-IDS2018-v2
Device_3586,Camera,344.6,420,85.36,0.0075946173391642285,2.178,58.1,0.004138782122310772,0.0004498148996894158,2709,9.359,175,471,1618,3,0,41924,28,36048,150,Normal,0,NF-ToN-IoT-v2
Device_3587,Router,160.98,463,106.38,0.005231474791397332,1.81,89.14,0.004511455883239328,0.00027976220206115277,182,9.168,392,289,489,11,8,55785,2,21613,425,Normal,0,NF-CSE-CIC-IDS2018-v2
Device_3588,Router,563.16,196,199.21,0.006510792298768883,4.401,60.01,0.004544364525803688,0.00029451117599401007,1889,0.371,405,814,4013,3,0,2665,1,81979,530,Normal,0,NF-BoT-IoT-v2
Device_3589,Actuator,943.77,15,43.94,0.00412613382255692,3.856,26.58,0.0019381826339038093,0.0007019678329347383,9342,9.783,88,594,462,11,0,65356,2,33791,220,DDoS,1,NF-CSE-CIC-IDS2018-v2
Device_3590,Camera,3.83,362,196.66,0.0053532240220622185,0.88,12.55,0.0015928102197878618,1.4238330606537682e-05,5808,3.857,630,1846,3065,0,8,47089,28,30298,425,Normal,0,NF-CSE-CIC-IDS2018-v2
Device_3591,Sensor,238.12,359,81.47,0.005122128977377284,3.834,64.56,0.0023007725272299146,0.00010433751798625511,8073,8.872,792,265,3917,3,0,51163,28,46553,226,Data_Exfiltration,1,NF-ToN-IoT-v2
Device_3592,Gateway,938.45,119,48.06,0.007120192593281953,3.539,56.78,0.0017855328992618347,0.0009493217906094606,4216,4.464,653,57,367,3,0,13129,1,62883,425,Botnet,1,NF-CSE-CIC-IDS2018-v2
Device_3593,Actuator,171.09,492,88.68,0.004158815061627199,1.768,68.82,0.003622369804784148,0.00019514790104437676,5626,4.28,625,554,2951,8,8,44367,2,54367,530,Brute_Force,1,NF-BoT-IoT-v2
Device_3594,Gateway,113.24,416,126.66,0.0010876945139591866,0.57,48.64,0.0011464981382849544,0.00042393968295612527,2841,0.211,911,415,1800,0,8,6526,2,23293,530,Brute_Force,1,NF-CSE-CIC-IDS2018-v2
Device_3595,Sensor,570.19,147,50.56,0.007908224275854867,1.018,83.39,0.003327552011962018,0.000851188284761772,897,0.619,249,1591,167,11,8,23681,15,44793,200,Brute_Force,1,NF-ToN-IoT-v2
Device_3596,Sensor,861.84,60,65.37,0.006880044732949255,1.625,92.42,0.004642238912212054,1.0101348800588415e-05,2626,6.746,366,424,3466,0,0,5245,1,59952,220,Normal,0,NF-CSE-CIC-IDS2018-v2
Device_3597,Router,477.11,412,172.36,0.009506222209027918,4.175,8.8,0.0014715764915109386,0.0009259273975761413,4851,9.383,89,493,427,8,0,57713,2,73003,425,Port_Scan,1,NF-ToN-IoT-v2
Device_3598,Sensor,994.56,60,199.81,0.004344290140893842,2.594,75.69,0.003416764021285239,6.295373765740497e-05,7831,2.322,877,1783,3501,8,8,47843,5,15438,220,Normal,0,NF-CSE-CIC-IDS2018-v2
Device_3599,Gateway,679.17,485,70.45,0.0008742360034198378,4.633,8.34,0.0008034494956311538,0.00017916035902877062,862,1.03,821,870,1169,8,0,34162,15,32592,425,Brute_Force,1,NF-ToN-IoT-v2
Device_3600,Camera,74.07,96,38.28,0.0013040279649961055,4.051,47.28,0.0006947813162765697,3.881250789908529e-05,8909,2.217,732,1193,1918,0,8,47512,1,76045,530,DDoS,1,NF-CSE-CIC-IDS2018-v2
Device_3601,Camera,992.83,77,160.7,0.007755863477710473,1.792,48.85,0.0006666579425178434,0.0005243248457722525,4906,2.202,999,768,630,8,8,41788,28,25201,530,Normal,0,NF-BoT-IoT-v2
Device_3602,Router,407.89,93,124.09,0.0007707970995081592,4.304,71.14,0.0007787880322422095,0.0009436633669846473,3963,3.002,456,1920,2911,0,0,55556,1,6861,150,Port_Scan,1,NF-BoT-IoT-v2
Device_3603,Gateway,287.4,476,29.08,0.009087478834799925,1.025,38.48,0.0011592078645162656,0.0008406462454780962,3786,1.038,415,141,1835,8,0,51227,5,18775,226,Normal,0,NF-CSE-CIC-IDS2018-v2
Device_3604,Gateway,557.88,51,189.89,0.002888336101822335,0.663,82.99,0.002857869428448792,0.000643351060802032,867,2.432,455,1530,2787,3,0,35664,5,64363,530,Data_Exfiltration,1,NF-BoT-IoT-v2
Device_3605,Sensor,304.31,228,24.83,0.008998902501735316,3.238,37.57,0.003858229678216133,0.00019363375119786104,5701,9.221,563,1383,4012,11,8,12737,28,60594,226,DDoS,1,NF-ToN-IoT-v2
Device_3606,Gateway,86.46,66,128.82,0.007757717803129368,2.038,37.54,0.0007215994161834874,0.0008709011275417144,3285,8.913,511,237,1172,0,0,12814,28,59192,200,Normal,0,NF-CSE-CIC-IDS2018-v2
Device_3607,Actuator,1.43,235,90.55,0.008724890259287731,1.982,26.16,0.004363073208894551,0.0007572276372253518,9312,3.231,175,1126,1306,11,0,57526,28,186,150,DoS,1,NF-CSE-CIC-IDS2018-v2
Device_3608,Sensor,449.58,205,115.76,0.002218992948522661,3.592,69.97,0.004229309793708108,0.00027417928591200836,7529,9.969,935,241,2479,0,8,375,15,27909,425,Port_Scan,1,NF-CSE-CIC-IDS2018-v2
Device_3609,Actuator,836.86,257,50.51,0.005997365608554326,4.325,12.28,0.003664201329864168,0.0008070382717618981,1177,3.054,209,216,1961,0,0,26405,5,83180,425,Port_Scan,1,NF-ToN-IoT-v2
Device_3610,Router,572.32,175,140.74,0.0010265324075169836,1.95,39.49,0.002187232417361218,0.0008783798246515304,1990,7.246,629,633,788,3,8,47068,28,23993,425,Data_Exfiltration,1,NF-ToN-IoT-v2
Device_3611,Camera,999.21,71,192.35,0.002102579598639822,1.963,30.35,0.00010763045064507659,0.0007012437523053746,1726,6.476,313,790,778,3,0,36758,5,33987,425,Normal,0,NF-CSE-CIC-IDS2018-v2
Device_3612,Router,286.85,272,97.1,0.0031680320506389578,2.902,26.79,0.003700348212371454,0.00010938030946082293,6746,0.739,946,1438,2936,0,8,57553,15,79660,220,DoS,1,NF-ToN-IoT-v2
Device_3613,Camera,280.46,121,109.36,0.00743404465594923,3.439,10.79,0.0044070321089145536,0.0009844043748965022,1671,3.489,371,776,1899,8,0,14861,15,7724,425,Normal,0,NF-BoT-IoT-v2
Device_3614,Router,159.75,262,55.56,0.0003446723559459848,1.413,23.09,0.0017429032432421236,8.524097907632642e-05,3775,9.52,313,922,1329,0,0,28703,5,53782,226,Normal,0,NF-CSE-CIC-IDS2018-v2
Device_3615,Gateway,164.06,208,179.45,0.009040861100434151,4.607,47.39,0.0036181390499834816,0.0006579292482687314,9883,0.604,803,430,3297,0,8,10283,28,58473,150,Normal,0,NF-BoT-IoT-v2
Device_3616,Actuator,285.19,187,194.52,0.000800954785757925,3.445,52.86,0.0004040333103702803,0.00011942000265373829,5532,1.831,504,576,1266,3,0,48581,1,80504,331,Normal,0,NF-ToN-IoT-v2
Device_3617,Camera,792.84,445,159.4,0.0038272529339118087,3.313,30.6,0.003576524870211049,0.0009063592250346137,9484,9.712,86,938,2052,3,0,30043,2,55071,226,DDoS,1,NF-CSE-CIC-IDS2018-v2
Device_3618,Sensor,905.76,35,113.13,0.000902787320452983,4.569,66.77,0.00043471175215957595,0.00035647790658815503,4873,0.494,647,1714,155,11,0,41845,5,55046,425,Brute_Force,1,NF-ToN-IoT-v2
Device_3619,Actuator,975.09,419,191.79,0.007712781646723401,4.583,36.9,0.0029772130458545418,0.0005163879921639277,5144,4.521,821,713,1587,11,8,39027,15,46131,220,Normal,0,NF-BoT-IoT-v2
Device_3620,Sensor,232.29,255,39.23,0.0014990182366872923,1.11,39.89,0.0030280111008869387,0.00018697396852037046,9420,9.192,266,1009,1737,8,0,36474,28,80325,331,DoS,1,NF-CSE-CIC-IDS2018-v2
Device_3621,Actuator,881.3,28,100.91,0.00885909341159833,1.153,79.35,0.0015805671166767156,0.0005510965678853064,9407,9.442,220,1781,1593,11,8,20851,2,24897,530,Normal,0,NF-ToN-IoT-v2
Device_3622,Actuator,328.26,274,112.15,0.005349197667256109,3.929,57.44,0.0004877013626759844,0.0009394515061865995,4908,9.795,295,345,687,11,0,64977,5,17026,331,Port_Scan,1,NF-ToN-IoT-v2
Device_3623,Router,112.84,326,103.46,0.009489880912608422,4.806,95.55,0.004751740396090942,0.0009026167399268253,3852,4.865,698,259,4043,11,8,994,1,56470,425,Botnet,1,NF-CSE-CIC-IDS2018-v2
Device_3624,Camera,870.02,29,162.46,0.0029745730368011336,3.499,39.13,0.002724329279681404,7.325696100021353e-05,1428,0.956,506,689,232,8,8,35257,1,40476,331,Normal,0,NF-CSE-CIC-IDS2018-v2
Device_3625,Camera,636.11,115,137.38,0.004597729903596072,2.351,83.64,0.0029408148131069263,0.000384475921409594,4223,7.75,989,1201,2498,0,0,2661,15,14750,425,Normal,0,NF-CSE-CIC-IDS2018-v2
Device_3626,Actuator,164.73,246,34.07,0.006973044927062823,3.576,75.14,0.003113602356249321,0.00027475704941174465,1411,7.119,163,1077,3456,0,8,48131,15,74488,220,Normal,0,NF-BoT-IoT-v2
Device_3627,Gateway,429.83,315,75.83,0.00833594179445251,1.53,89.57,0.00446613484193816,0.000486547862341958,4550,5.838,127,1656,2212,8,8,54642,15,6407,150,DoS,1,NF-CSE-CIC-IDS2018-v2
Device_3628,Gateway,287.26,473,74.42,0.004271435168681508,4.991,95.9,0.0003952526582791121,0.0008353918707117191,2825,8.894,827,1941,1383,0,8,30397,5,73072,226,Normal,0,NF-ToN-IoT-v2
Device_3629,Sensor,736.79,255,117.47,0.008935082129438925,2.44,5.73,0.004477110062477411,0.0007414632677929364,7671,9.125,117,723,3120,11,0,15344,1,13912,150,Botnet,1,NF-BoT-IoT-v2
Device_3630,Sensor,453.42,90,65.38,0.0012680733624115131,4.693,13.39,0.001274414892195243,0.0003505384102422089,2283,6.864,406,331,2304,11,8,3515,1,54878,425,Normal,0,NF-CSE-CIC-IDS2018-v2
Device_3631,Router,989.28,159,32.28,0.0071159787162199456,2.439,69.06,0.00048195622302210243,0.000388839171266575,253,1.21,649,958,1548,11,8,20446,15,24851,220,Normal,0,NF-ToN-IoT-v2
Device_3632,Actuator,54.74,406,134.2,0.0035471699239152383,4.677,42.07,0.0033206026754435234,0.0006577124420881578,5682,1.046,768,1320,933,11,0,22218,15,13211,200,Normal,0,NF-CSE-CIC-IDS2018-v2
Device_3633,Sensor,355.02,405,171.7,0.00110322129291271,2.011,82.82,0.00488718065685775,0.00020228291714432137,915,4.145,356,1105,2830,0,8,61677,28,65969,425,DoS,1,NF-CSE-CIC-IDS2018-v2
Device_3634,Sensor,481.9,19,187.01,0.003927979112339839,3.922,6.14,0.00038048612490231985,0.00011170073994304643,1219,2.998,776,773,3421,8,0,63546,1,61134,226,Normal,0,NF-ToN-IoT-v2
Device_3635,Actuator,503.13,330,194.79,0.008814134682407122,4.78,81.66,0.002187996908383093,0.0002501625795688131,2255,1.417,990,1430,3351,8,8,25930,15,55294,226,Normal,0,NF-CSE-CIC-IDS2018-v2
Device_3636,Router,315.94,233,158.41,0.009807285325757536,3.407,17.85,0.0026959441741845496,0.0001327921070389055,5265,6.151,222,92,1543,8,0,31644,15,2110,530,DoS,1,NF-CSE-CIC-IDS2018-v2
Device_3637,Sensor,729.24,423,36.54,0.003988718585294778,3.549,32.57,0.0013353829241071016,0.0003584644008148531,1309,6.867,376,1074,3074,3,0,37778,15,75206,425,Normal,0,NF-ToN-IoT-v2
Device_3638,Router,874.75,273,172.09,0.008875522239283114,0.963,97.06,0.004916073530849544,0.000938190126218832,8745,7.01,314,339,1038,8,8,24208,28,43694,200,Data_Exfiltration,1,NF-CSE-CIC-IDS2018-v2
Device_3639,Camera,938.72,158,85.99,0.0051455787207945955,2.634,9.9,0.003240719751558754,0.0001290964812649161,6528,1.835,895,1878,2339,3,8,54787,1,12181,530,Brute_Force,1,NF-ToN-IoT-v2
Device_3640,Router,805.09,287,148.68,0.007198448872873022,4.49,38.16,0.004237318296948886,0.0008201389221729761,1206,3.128,863,568,424,8,8,63403,1,24874,331,Normal,0,NF-CSE-CIC-IDS2018-v2
Device_3641,Gateway,850.58,283,110.94,0.0005491770805108496,1.584,13.03,0.0021373106416613962,0.0005393015511237711,4516,2.071,150,1262,106,11,0,27395,1,26382,226,Normal,0,NF-BoT-IoT-v2
Device_3642,Gateway,550.55,203,167.44,0.005617388522641832,4.048,86.09,0.001834383847009607,0.0006365740457357892,5364,6.053,236,1380,2292,8,0,31674,28,8334,530,Normal,0,NF-CSE-CIC-IDS2018-v2
Device_3643,Router,825.89,441,90.85,0.0007946031684888053,3.541,71.79,0.0028104736849173515,0.00017838154433790114,1137,5.714,863,106,2622,3,0,5515,5,53094,226,Botnet,1,NF-ToN-IoT-v2
Device_3644,Gateway,303.5,181,21.74,0.0027593177752286134,1.503,81.03,0.0022328643688705346,0.00015985957835717554,3433,5.083,168,1708,2573,11,0,7920,28,54805,530,DDoS,1,NF-BoT-IoT-v2
Device_3645,Camera,398.48,274,115.8,0.0057114618260999195,1.773,55.09,0.0036032454701702926,0.00017111624004369246,513,3.031,495,1473,1946,3,8,28974,2,37899,530,DoS,1,NF-CSE-CIC-IDS2018-v2
Device_3646,Actuator,316.91,460,42.55,0.008090921287574637,2.424,38.98,0.001402508642037794,0.0006703922476278305,8004,2.447,412,1383,2397,0,0,51078,28,9566,425,DoS,1,NF-ToN-IoT-v2
Device_3647,Gateway,467.39,319,193.45,0.005652847073658715,1.063,5.22,0.002302996052352758,0.0007503103840743118,2039,8.915,942,1336,1384,0,0,5076,2,15284,226,Normal,0,NF-ToN-IoT-v2
Device_3648,Gateway,285.58,35,110.12,0.00936829625704058,4.61,31.4,0.004486150461740893,0.0009210424950545238,755,0.584,69,1658,1643,0,8,63968,15,11333,220,Data_Exfiltration,1,NF-CSE-CIC-IDS2018-v2
Device_3649,Router,961.61,478,115.18,0.008122291825000771,3.827,53.88,0.0038049287116823137,0.00040421042914046417,7557,6.598,721,1130,3172,11,0,16612,2,80575,200,Botnet,1,NF-ToN-IoT-v2
Device_3650,Camera,312.84,359,182.38,0.0016467774464405162,2.142,68.11,0.0009235438085876826,0.00046734969025913873,2579,0.294,564,1631,1972,11,8,44171,28,64463,530,Data_Exfiltration,1,NF-ToN-IoT-v2
Device_3651,Actuator,98.04,485,128.67,0.00395068900771658,1.848,26.75,0.0044456376640188274,0.00047489906583585433,5739,2.019,267,625,1848,3,8,12102,5,61834,226,Normal,0,NF-CSE-CIC-IDS2018-v2
Device_3652,Router,526.82,365,67.52,0.006718005730337111,3.603,18.2,0.002986181293181421,0.00027719892375870146,9639,2.966,150,1817,1989,11,8,28725,1,235,530,Normal,0,NF-ToN-IoT-v2
Device_3653,Router,57.1,35,66.26,0.009390219712931972,2.409,24.15,0.003428507198035167,0.0003349503280975567,6021,8.876,815,1705,3218,8,8,39353,28,1939,425,DoS,1,NF-CSE-CIC-IDS2018-v2
Device_3654,Camera,110.54,43,105.3,0.009878387100572242,1.532,38.64,0.0015418571726614038,0.0008483520337159886,9608,1.464,857,640,1979,3,0,47678,1,9202,200,Normal,0,NF-BoT-IoT-v2
Device_3655,Actuator,219.39,273,174.66,0.007655545735831792,2.436,19.1,0.0022635668918147213,0.00035028496274006244,6620,9.384,525,643,3044,8,8,31886,2,61576,331,Normal,0,NF-CSE-CIC-IDS2018-v2
Device_3656,Camera,464.35,147,161.0,0.0057803161252357035,4.421,19.9,0.00405338114664063,0.0008704051409042504,3706,8.173,382,1052,320,11,8,55204,15,51826,226,Brute_Force,1,NF-ToN-IoT-v2
Device_3657,Actuator,433.25,313,192.92,0.007590435928406121,0.809,9.16,0.0017203134719395922,0.0003122150343682226,5303,6.823,612,816,1304,8,0,54839,15,75517,150,Port_Scan,1,NF-BoT-IoT-v2
Device_3658,Camera,799.69,192,23.66,0.0028050405526930827,2.158,86.39,0.000908801915999947,0.0003464843309172238,4158,4.176,374,272,2633,11,0,64072,28,44475,425,Normal,0,NF-BoT-IoT-v2
Device_3659,Router,739.47,372,60.98,0.002907669969870364,4.831,25.88,0.0019536940736190546,0.0005646780630611222,5104,9.062,685,36,813,11,0,29792,2,49221,150,Normal,0,NF-ToN-IoT-v2
Device_3660,Router,426.32,251,25.24,0.006578058527007001,0.567,83.08,0.00043917147030600164,0.00011209557867179358,6568,5.327,506,1270,3161,8,0,57189,2,72105,425,DDoS,1,NF-CSE-CIC-IDS2018-v2
Device_3661,Sensor,333.7,63,152.71,0.008731172206359113,4.508,46.64,0.003617496646576168,0.0009228416444945469,8115,3.775,237,1634,3386,0,8,51791,1,36474,150,Normal,0,NF-ToN-IoT-v2
Device_3662,Gateway,316.47,471,36.76,0.009701113942845901,2.187,65.08,0.0008239549529935693,0.0008221958402521341,415,5.898,587,518,3350,11,0,24350,2,36766,150,Data_Exfiltration,1,NF-CSE-CIC-IDS2018-v2
Device_3663,Camera,774.0,177,28.98,0.003479212548229061,1.353,12.19,0.0014971169445981392,0.0006737987892325016,6163,2.399,325,388,720,3,0,34062,5,65007,425,Normal,0,NF-ToN-IoT-v2
Device_3664,Sensor,52.07,128,116.72,0.00798588086870307,0.567,60.44,0.004417296927214071,0.0009882437635611457,8512,2.801,889,425,2431,3,8,20609,15,75527,220,Normal,0,NF-BoT-IoT-v2
Device_3665,Gateway,12.82,152,88.18,0.008530154972346188,0.817,32.55,0.002748438523988178,2.5839367733433034e-05,6141,9.201,250,1210,797,0,8,50700,5,26696,425,DDoS,1,NF-ToN-IoT-v2
Device_3666,Camera,795.54,90,145.87,0.006269415106010789,1.273,14.04,0.0016745583589227308,0.0004169497132679997,2361,7.96,590,2007,2522,8,8,55031,5,50189,331,Normal,0,NF-ToN-IoT-v2
Device_3667,Actuator,477.15,254,102.53,0.003541159634074653,0.614,91.28,0.00278356776107294,0.0008597596277483575,7739,5.184,790,1446,2570,0,0,16900,1,4057,226,Port_Scan,1,NF-CSE-CIC-IDS2018-v2
Device_3668,Gateway,130.88,411,90.81,0.006228976796210631,2.011,62.34,0.001169560532196258,0.00043868710697625153,944,4.224,451,400,3459,8,0,45999,2,40098,331,Normal,0,NF-BoT-IoT-v2
Device_3669,Router,235.57,361,90.85,0.005886044152683977,0.702,27.96,0.00022334833555748968,1.518892344117793e-05,1614,8.095,754,60,3665,0,8,19872,1,36786,425,Normal,0,NF-ToN-IoT-v2
Device_3670,Sensor,932.5,367,175.66,0.00610460250738526,3.615,44.87,0.0030582891469226343,0.00016617657443999444,1208,5.749,931,1872,2450,11,0,48671,15,34415,150,DoS,1,NF-BoT-IoT-v2
Device_3671,Gateway,859.5,416,85.09,0.006230676116498443,4.185,38.91,0.003599217070645173,0.00043973168826288495,5223,4.209,928,1478,291,3,0,47284,1,18532,425,Normal,0,NF-CSE-CIC-IDS2018-v2
Device_3672,Gateway,709.79,71,73.35,0.00848587608962978,4.494,71.56,0.0044109306506852995,0.0006712683823431963,1830,5.203,422,997,1323,0,0,31337,5,2398,331,DoS,1,NF-ToN-IoT-v2
Device_3673,Router,482.23,55,74.32,0.0017838069813465706,2.971,62.71,0.0038822284692171458,0.00017102772570097433,3285,2.404,826,40,2477,3,8,44015,1,71288,331,Normal,0,NF-ToN-IoT-v2
Device_3674,Camera,520.32,96,47.35,0.0037362100813901644,4.759,6.88,0.004640720732428024,0.00045356262969538613,1338,2.1,936,1255,2545,8,0,63724,2,10143,220,DoS,1,NF-BoT-IoT-v2
Device_3675,Actuator,975.24,108,173.53,0.005901417100772044,0.525,23.79,0.004931172030160065,2.2660652358188783e-05,5555,9.892,216,1500,2969,0,0,20991,1,27420,425,DoS,1,NF-BoT-IoT-v2
Device_3676,Router,965.77,304,37.86,0.0029049446122551017,1.103,50.42,0.003750183693954411,0.00048272551701195434,3024,9.699,732,365,2560,0,8,14868,2,13503,530,Botnet,1,NF-BoT-IoT-v2
Device_3677,Actuator,215.27,408,182.64,0.00978371590863199,1.819,47.32,0.004352824174068637,0.000896965231476784,6896,4.266,21,981,2618,0,0,3009,5,38277,530,DoS,1,NF-BoT-IoT-v2
Device_3678,Camera,811.1,62,63.86,0.0027051875700630588,4.051,54.08,0.003401284365818105,0.0006008003512083541,9482,5.201,305,261,3411,0,8,8163,2,82407,150,DoS,1,NF-CSE-CIC-IDS2018-v2
Device_3679,Gateway,197.24,481,180.89,0.004749325918359416,4.484,72.91,0.0009375951769205188,0.00044624907491489744,6139,8.289,353,424,3768,3,8,51132,2,74445,200,Brute_Force,1,NF-BoT-IoT-v2
Device_3680,Actuator,213.54,201,160.26,0.008785913952559376,3.282,69.79,0.0009903418889791963,0.00017063674233738112,3666,7.286,604,1883,2173,11,0,38325,2,70454,331,Normal,0,NF-ToN-IoT-v2
Device_3681,Sensor,676.09,456,120.58,0.0008926302603362399,2.225,40.42,0.0006402713359447893,0.00021039437788134655,1556,1.086,807,1363,3466,3,0,8416,2,23741,425,DDoS,1,NF-ToN-IoT-v2
Device_3682,Sensor,405.0,485,137.2,0.008224811220733094,3.496,88.37,0.004720576127968266,8.574485056937831e-05,1209,3.809,445,1944,250,11,0,35018,15,32279,530,Brute_Force,1,NF-CSE-CIC-IDS2018-v2
Device_3683,Router,931.54,89,71.91,0.005752982852849233,1.314,10.98,0.0033964833194129627,0.0007449869331249939,2030,2.576,612,1386,1624,0,0,48168,28,64330,331,Normal,0,NF-BoT-IoT-v2
Device_3684,Camera,89.01,25,119.1,0.00041484020411473714,2.56,60.53,0.003970557777281071,8.636392479905924e-05,7803,9.927,266,810,3003,11,0,60246,15,36985,150,Brute_Force,1,NF-BoT-IoT-v2
Device_3685,Router,511.53,369,65.56,0.009038837630471015,2.784,95.22,0.0017226709504393847,0.0003901093404468597,722,7.512,997,1415,1592,3,0,11173,1,80554,530,Port_Scan,1,NF-BoT-IoT-v2
Device_3686,Router,918.52,496,86.43,0.0004880486710118561,0.972,57.16,0.002356066379376113,0.0007523462465776273,2437,0.573,168,1730,914,0,8,65184,15,14626,220,Normal,0,NF-BoT-IoT-v2
Device_3687,Router,904.11,335,155.29,0.0052006561830858,0.652,48.24,0.00029491970599979474,0.0007156944724193602,1358,9.01,58,1642,2719,3,0,24295,15,50276,425,Normal,0,NF-BoT-IoT-v2
Device_3688,Sensor,156.53,203,56.35,0.0005854093390202431,3.875,17.72,0.004456136262131977,0.0005817568449194222,6400,9.287,601,1859,1408,3,0,8327,2,28152,226,Normal,0,NF-ToN-IoT-v2
Device_3689,Sensor,366.64,150,169.38,0.0008048809748975318,2.906,81.97,0.00427971680411688,0.0005755946567848074,4601,3.399,685,1238,1280,3,8,13795,1,7896,150,DoS,1,NF-CSE-CIC-IDS2018-v2
Device_3690,Router,619.12,117,81.42,0.00888332271115313,1.995,40.51,0.0039455755408350415,9.942479948898702e-05,7940,6.456,657,418,2365,11,0,61219,1,60340,530,Botnet,1,NF-CSE-CIC-IDS2018-v2
Device_3691,Sensor,159.39,312,111.11,0.007681672914928192,2.468,71.62,0.00038568013163783833,0.00018316611903694506,7389,6.852,633,140,642,0,8,37920,5,32469,425,DDoS,1,NF-BoT-IoT-v2
Device_3692,Camera,968.02,274,188.97,0.0020497176151244257,4.81,23.77,0.0009538237043294253,0.0005393970125361387,2123,7.323,757,370,377,0,0,42012,2,45741,226,DDoS,1,NF-BoT-IoT-v2
Device_3693,Router,914.75,456,139.44,0.0062426329348211134,2.232,8.98,0.001737436222996861,0.000354599524973024,976,6.966,324,1255,3117,3,8,58718,15,45393,200,Normal,0,NF-BoT-IoT-v2
Device_3694,Sensor,166.95,299,132.66,0.007967327727469034,0.966,34.02,0.0013890071091741914,2.8747730082405624e-05,7290,5.641,266,1236,3687,8,0,64568,5,7596,530,DDoS,1,NF-BoT-IoT-v2
Device_3695,Actuator,121.16,218,145.21,0.00890694734953196,2.586,31.73,0.004208453208802237,0.0008001850655503719,2626,9.543,885,1595,3359,3,0,52189,5,20187,226,Botnet,1,NF-CSE-CIC-IDS2018-v2
Device_3696,Router,85.41,484,184.44,0.00473623857570755,3.416,87.98,0.0010546952151830376,0.0006572751344364218,8636,5.173,62,596,494,11,0,25927,15,58147,331,Normal,0,NF-CSE-CIC-IDS2018-v2
Device_3697,Router,909.44,422,57.22,0.008985248786271922,0.555,87.14,0.002707409880160975,0.0003325276120024057,3772,1.198,89,1815,1443,11,8,39356,1,42116,220,DDoS,1,NF-ToN-IoT-v2
Device_3698,Camera,193.62,174,126.52,0.00512771571990386,1.996,55.72,0.0028997673793146298,0.00010722314531945024,2013,0.896,416,1877,3562,0,8,53081,2,69941,530,Normal,0,NF-CSE-CIC-IDS2018-v2
Device_3699,Gateway,416.28,436,86.07,0.006913457617559142,2.271,6.8,0.0021825580510964324,0.0005952887530356146,2545,0.282,584,1492,1479,8,8,62934,2,6306,425,Normal,0,NF-BoT-IoT-v2
Device_3700,Gateway,448.85,351,12.25,0.009792390658308878,2.587,26.69,0.00127937086547925,0.0003550640728809787,9076,4.336,682,864,2333,11,8,50545,15,12922,425,Normal,0,NF-BoT-IoT-v2
Device_3701,Camera,599.01,380,33.81,0.0024359227130258147,1.858,65.71,0.004805442025317544,0.0002628354436380612,1587,2.805,685,1876,3238,0,8,16310,2,79548,200,Normal,0,NF-ToN-IoT-v2
Device_3702,Camera,71.74,329,71.75,0.0017683606332165337,3.501,14.63,0.00212565628711821,0.0007242545604859973,4991,8.963,76,1095,2429,8,0,57011,28,1559,220,Normal,0,NF-CSE-CIC-IDS2018-v2
Device_3703,Camera,226.76,161,117.35,0.003485986367280915,4.751,71.56,0.0036638189781296577,0.00033486856043894145,5334,8.685,405,253,2871,8,8,370,5,25215,425,DoS,1,NF-CSE-CIC-IDS2018-v2
Device_3704,Gateway,931.49,464,177.48,0.001727550324931063,4.613,6.14,0.0010018277895155216,0.00014468800668094366,549,8.395,365,328,1761,0,0,31658,5,61104,530,Port_Scan,1,NF-ToN-IoT-v2
Device_3705,Camera,908.41,299,160.31,0.0029132117764782543,3.49,69.84,0.004131774725827518,0.0004868372103512976,1527,8.686,923,1733,1863,11,8,53885,28,79935,220,Normal,0,NF-BoT-IoT-v2
Device_3706,Sensor,781.29,441,115.13,0.00745555470136898,2.781,85.23,0.001157869933844967,0.0008301811303670118,2695,3.046,896,1898,3672,3,0,18043,2,4603,425,Normal,0,NF-CSE-CIC-IDS2018-v2
Device_3707,Router,19.4,277,24.04,0.004827487955620744,4.216,49.58,0.003409002455507828,0.0008511621963576311,2376,4.319,670,1084,3801,11,8,41881,1,49647,226,Normal,0,NF-ToN-IoT-v2
Device_3708,Router,327.01,160,64.32,0.0038129088154995284,4.262,83.76,0.0025818304072153567,0.0008508497331523451,5865,3.186,842,958,1306,11,0,52595,28,51614,530,Port_Scan,1,NF-BoT-IoT-v2
Device_3709,Actuator,627.96,216,79.67,0.0037503676522303514,4.233,79.25,0.0008181299908089898,0.0004267106410074669,8535,0.952,725,1756,3573,11,0,7657,28,24262,425,Normal,0,NF-BoT-IoT-v2
Device_3710,Actuator,275.19,264,128.13,0.0020258467515105265,1.21,68.78,0.00022225106116477862,0.0007930248691270404,2212,9.248,385,1257,2877,0,8,50428,5,25938,220,Botnet,1,NF-BoT-IoT-v2
Device_3711,Router,909.59,362,22.34,0.004529373397441253,0.614,47.29,0.004660666500370848,0.0008517284602858055,9237,6.198,9,1026,2066,0,0,6629,1,40173,530,Normal,0,NF-ToN-IoT-v2
Device_3712,Sensor,633.89,386,110.74,0.006283892031012945,4.924,30.83,0.0007158835164662454,0.00046494282809072005,1126,1.412,515,1863,2838,3,8,61286,1,58523,200,Port_Scan,1,NF-ToN-IoT-v2
Device_3713,Gateway,71.91,150,181.28,0.0014776328617304153,4.818,86.78,0.0035542620005658823,0.00032555199503117566,9815,2.14,369,1020,3304,11,0,63745,2,11997,530,Normal,0,NF-ToN-IoT-v2
Device_3714,Gateway,909.01,352,144.03,0.009730847328555125,3.04,66.62,0.0032981562988402217,0.0007049449013424878,3792,4.562,309,516,1679,11,0,43446,1,51141,220,Normal,0,NF-BoT-IoT-v2
Device_3715,Sensor,957.77,367,161.44,0.004488483646624663,4.969,80.81,0.0017744282079977798,0.000905424579632435,3149,0.614,170,161,2183,3,8,41561,2,54363,200,Normal,0,NF-ToN-IoT-v2
Device_3716,Gateway,77.71,105,139.52,0.009484813075838807,3.967,57.44,0.0010083762078181699,0.0009724309602732672,6246,2.793,147,79,1662,8,0,10257,15,60500,331,Brute_Force,1,NF-BoT-IoT-v2
Device_3717,Camera,532.36,438,49.25,0.0014331233735794338,2.828,21.33,0.0009738084223315326,0.00029732255762038393,7684,7.064,518,1824,1053,8,0,57562,28,54649,425,Normal,0,NF-CSE-CIC-IDS2018-v2
Device_3718,Router,303.36,379,30.99,0.007695437936409535,2.252,98.05,0.002968106479946171,0.0009566093455704001,7198,9.212,903,858,519,3,8,29183,28,69160,331,Port_Scan,1,NF-CSE-CIC-IDS2018-v2
Device_3719,Router,392.84,236,167.6,0.006214616700381095,3.168,22.36,0.0027799143436578228,0.0005042894242404184,5979,9.294,683,1471,3210,11,8,25777,2,16653,530,Brute_Force,1,NF-CSE-CIC-IDS2018-v2
Device_3720,Sensor,179.65,202,142.15,0.00821863478347937,2.821,91.57,0.004392081599716137,0.0003129743572579707,8352,5.248,80,631,1350,0,8,49360,2,82769,226,Normal,0,NF-CSE-CIC-IDS2018-v2
Device_3721,Gateway,578.07,312,119.26,0.006046711437256532,4.972,24.77,0.0032360150842184873,0.0009885141291212938,5153,3.19,804,801,1556,11,8,26412,2,11517,150,Data_Exfiltration,1,NF-CSE-CIC-IDS2018-v2
Device_3722,Actuator,957.98,323,45.96,0.009632082669103781,2.707,40.51,0.0041144473827945715,0.0008790298953726055,3706,9.215,452,602,673,3,0,14862,28,43575,425,Brute_Force,1,NF-ToN-IoT-v2
Device_3723,Actuator,503.07,398,124.64,0.006306625126205591,4.262,46.81,0.000258824006017783,0.0006954924233825376,6769,7.888,466,1954,2708,3,8,47338,2,52189,530,Normal,0,NF-CSE-CIC-IDS2018-v2
Device_3724,Gateway,82.91,386,15.95,0.007867580840910235,4.161,92.53,0.003387866420440116,0.0008959928078204233,489,5.912,736,488,2948,3,8,35974,28,1643,331,Normal,0,NF-BoT-IoT-v2
Device_3725,Actuator,620.0,470,32.58,0.008788059548080337,0.821,89.38,0.0012451723283051427,0.0006846729939778676,4716,8.362,864,1104,1905,0,8,29904,28,38438,425,Brute_Force,1,NF-CSE-CIC-IDS2018-v2
Device_3726,Sensor,340.22,127,69.26,0.007174376364983555,0.892,83.21,0.0013389109038319798,0.000445999760457674,9967,4.642,978,759,1002,11,0,210,5,79124,150,DoS,1,NF-ToN-IoT-v2
Device_3727,Sensor,855.93,14,94.31,0.005289942899975288,3.469,40.78,0.0036308249925377707,0.000948569061483465,352,1.211,807,1131,3001,0,8,61082,5,5663,200,Botnet,1,NF-CSE-CIC-IDS2018-v2
Device_3728,Gateway,434.68,453,32.91,0.0028008890797578613,1.666,5.43,0.00398782149824221,0.0009636152009389321,8152,9.389,555,1601,2896,8,0,44583,15,73242,530,Data_Exfiltration,1,NF-BoT-IoT-v2
Device_3729,Actuator,192.84,361,32.79,0.008559476872617126,3.459,69.75,0.001921503828178908,0.000321033346316841,3266,5.387,933,1303,1748,11,8,16656,15,78741,425,Normal,0,NF-CSE-CIC-IDS2018-v2
Device_3730,Sensor,191.11,252,147.92,0.0048577247016179164,1.151,44.04,0.003971376402654701,0.0003608513812176973,795,6.983,757,1885,2629,3,0,23711,1,75240,150,Normal,0,NF-BoT-IoT-v2
Device_3731,Sensor,768.76,30,118.25,0.006245011440717085,2.287,76.92,0.0022743489092265424,0.00038889323635775056,6023,3.984,412,321,1708,11,0,39055,2,46481,220,Port_Scan,1,NF-ToN-IoT-v2
Device_3732,Camera,265.59,161,111.41,0.0008843427250211064,0.961,80.51,0.004302462207014866,0.000823924492200069,4848,1.444,562,566,1286,3,0,42686,28,55083,530,Botnet,1,NF-BoT-IoT-v2
Device_3733,Camera,767.23,137,95.96,0.005023778098955814,1.769,46.77,0.0002220284836751039,0.0007932341943346714,7965,2.792,295,1586,2954,0,8,36347,1,81984,200,Normal,0,NF-CSE-CIC-IDS2018-v2
Device_3734,Sensor,205.89,133,195.54,0.007011760675796467,0.897,76.07,0.0005091258469927682,0.0009832839537085667,1605,0.532,130,467,3473,11,8,43741,5,75357,220,Data_Exfiltration,1,NF-CSE-CIC-IDS2018-v2
Device_3735,Gateway,321.69,155,19.46,0.005882311908344324,4.868,84.79,0.0039041238556116395,0.0004705615402620365,2843,0.967,893,859,2149,3,8,7501,28,73142,150,Normal,0,NF-BoT-IoT-v2
Device_3736,Router,465.49,286,44.32,0.00454069307485248,2.278,93.21,0.003158039176368628,0.0007393994231269191,4754,2.129,764,1438,2430,0,0,41461,1,35710,220,Normal,0,NF-CSE-CIC-IDS2018-v2
Device_3737,Router,943.2,319,133.03,0.0023119304358217253,4.555,60.33,0.0028391992428140394,0.0008581532651470201,7989,5.654,165,1151,2751,11,8,22971,5,1574,200,Normal,0,NF-BoT-IoT-v2
Device_3738,Sensor,931.73,403,35.91,0.0031657349808925797,4.87,78.96,0.0031084961559590093,0.00022901813375263692,1398,9.93,613,282,203,11,0,3825,15,71463,425,Brute_Force,1,NF-CSE-CIC-IDS2018-v2
Device_3739,Sensor,206.87,161,121.98,0.0070361811458067814,4.593,51.98,0.004657934074368539,0.0006243498732365161,4790,8.453,883,272,3383,8,8,53096,2,70206,220,Normal,0,NF-CSE-CIC-IDS2018-v2
Device_3740,Sensor,358.22,369,117.87,0.002319487918510049,2.547,8.96,0.003312131454046524,0.0005522305996332269,3968,0.95,450,955,3029,11,8,10065,2,5642,150,Normal,0,NF-CSE-CIC-IDS2018-v2
Device_3741,Gateway,149.4,120,194.49,0.006255093491557931,4.005,19.75,0.003272632971633196,0.000745398734950396,7700,8.439,787,1913,1858,8,8,17493,1,82854,220,Normal,0,NF-CSE-CIC-IDS2018-v2
Device_3742,Camera,509.99,478,177.84,0.005938402364306412,1.192,17.18,0.0038214073105605154,0.0006984737027914926,7300,5.409,507,336,1746,11,8,59571,5,34387,220,Data_Exfiltration,1,NF-CSE-CIC-IDS2018-v2
Device_3743,Sensor,460.58,482,189.66,0.00970713304592995,0.927,21.32,0.0043464414576351515,0.000814664684743121,315,6.637,69,588,490,8,8,35832,1,60714,226,Normal,0,NF-CSE-CIC-IDS2018-v2
Device_3744,Sensor,900.76,125,31.58,0.000701740240598232,4.446,5.97,0.0013833711433679393,0.00031803373844794934,6344,1.385,556,1643,2966,0,0,3151,5,30917,200,DDoS,1,NF-CSE-CIC-IDS2018-v2
Device_3745,Actuator,930.01,197,174.95,0.001170413812231009,0.64,86.58,0.0031220694102431896,0.00022419282775685816,279,4.015,909,1674,2081,11,0,46896,5,7581,226,Normal,0,NF-CSE-CIC-IDS2018-v2
Device_3746,Gateway,383.57,66,34.53,0.005110226309892995,4.875,58.21,0.0029614773214071285,0.0008071467435983509,2786,8.853,662,1049,1282,0,8,30256,2,21845,530,Normal,0,NF-BoT-IoT-v2
Device_3747,Sensor,491.74,260,130.26,0.005318387271000983,3.525,41.4,0.0007607624593418784,0.0003669577967169577,7755,4.311,500,1022,278,11,0,8143,15,57433,150,Port_Scan,1,NF-CSE-CIC-IDS2018-v2
Device_3748,Actuator,896.24,393,146.81,0.0004952838221711953,2.388,43.93,0.0026495531721624885,0.0002946978223473127,5679,1.358,135,1627,1976,11,8,13465,15,32750,331,Data_Exfiltration,1,NF-BoT-IoT-v2
Device_3749,Router,806.71,416,40.56,0.008275968666508576,1.136,49.02,0.00044079752222828025,0.00034345034027160085,476,3.18,898,2026,3888,11,8,63666,28,52920,150,Normal,0,NF-CSE-CIC-IDS2018-v2
Device_3750,Sensor,3.66,159,130.21,0.004997762631218669,3.755,12.02,0.0010063019782714643,7.569045114051718e-05,7060,2.293,830,1495,2756,11,8,14634,5,20105,150,Normal,0,NF-BoT-IoT-v2
Device_3751,Sensor,320.06,461,19.97,0.003531773091741235,3.034,31.09,0.004573519101399084,0.000775412902695695,8145,6.9,502,1543,604,11,8,17733,2,78170,150,Data_Exfiltration,1,NF-CSE-CIC-IDS2018-v2
Device_3752,Actuator,421.77,171,65.72,0.003256652329087271,3.7,85.9,0.0006842915895574831,0.0007180080619546791,1927,9.119,974,1553,3745,11,0,45810,5,19785,530,DoS,1,NF-BoT-IoT-v2
Device_3753,Gateway,229.72,129,185.02,0.008627931097386394,2.381,75.65,0.002936689869249293,0.0005571655292904526,7872,7.362,345,163,2987,3,0,65350,28,40534,150,Normal,0,NF-ToN-IoT-v2
Device_3754,Sensor,199.57,79,42.63,0.0020476553776389854,0.798,58.52,0.0016850554103660608,0.0007189241301081373,5952,8.452,730,1457,2500,11,0,8200,2,79944,226,Data_Exfiltration,1,NF-BoT-IoT-v2
Device_3755,Router,37.78,421,22.4,0.0016881352837828318,1.917,50.67,0.002821035124560401,0.0003794018350808123,7677,8.078,901,1724,1516,8,0,3499,5,81243,150,Normal,0,NF-CSE-CIC-IDS2018-v2
Device_3756,Sensor,643.37,360,94.3,0.0022104674393105036,1.918,29.6,0.0012513703580167752,0.00030241538534927576,2427,0.245,660,1038,1781,11,0,53439,15,43959,220,Normal,0,NF-CSE-CIC-IDS2018-v2
Device_3757,Router,262.51,108,171.62,0.006287723221754441,0.539,49.77,0.0022774593279205344,0.0008636779794546644,9794,1.331,638,407,2263,0,8,42073,15,67573,530,Brute_Force,1,NF-CSE-CIC-IDS2018-v2
Device_3758,Camera,52.35,176,24.57,0.008128215470721251,0.543,61.8,0.004349933822426477,0.00042823002458631414,9044,4.291,761,1990,3238,8,8,31745,28,38778,150,Normal,0,NF-ToN-IoT-v2
Device_3759,Camera,230.98,307,77.55,0.003376689068502978,1.988,72.7,0.0019434631913148462,0.0002039530500668432,7684,1.21,54,1622,1492,8,0,44451,15,22493,331,Normal,0,NF-ToN-IoT-v2
Device_3760,Router,801.91,160,180.96,0.0018172737813366478,3.774,20.83,0.0018298515962045848,0.000751553476456218,8541,7.376,332,1753,1375,8,0,46082,5,28642,200,Normal,0,NF-CSE-CIC-IDS2018-v2
Device_3761,Gateway,851.49,335,32.45,0.0021710222595233432,3.308,82.25,0.0022859785884213595,0.0003425131357433307,7372,0.795,959,718,810,3,8,15285,28,43544,226,DDoS,1,NF-CSE-CIC-IDS2018-v2
Device_3762,Sensor,483.07,473,69.03,0.006229919407326726,1.576,37.85,0.0005924149367971448,0.00021973278789072986,2920,4.221,420,1598,2244,11,8,60820,1,60442,226,Brute_Force,1,NF-CSE-CIC-IDS2018-v2
Device_3763,Sensor,416.07,11,157.9,0.002535748739520876,3.212,52.81,0.001998000420481469,3.69421349387331e-05,4836,3.984,735,402,3581,0,8,37355,28,3836,226,Normal,0,NF-BoT-IoT-v2
Device_3764,Camera,977.85,161,113.21,0.00878507429037853,3.413,62.75,0.0001338112280780113,0.0009708957406986432,6570,5.48,721,1467,3537,0,0,7874,15,5856,226,Normal,0,NF-BoT-IoT-v2
Device_3765,Router,200.56,410,168.14,0.0011285244087017084,2.852,51.37,0.002566646011229864,0.00047261649010828943,9181,6.331,656,186,2853,0,8,21768,2,14838,150,Normal,0,NF-ToN-IoT-v2
Device_3766,Sensor,215.36,374,31.2,0.00042044848665465,2.846,59.34,0.004254911287842004,0.00017014029429766024,5701,9.475,313,276,3170,3,0,23307,28,18130,331,Normal,0,NF-CSE-CIC-IDS2018-v2
Device_3767,Sensor,291.87,74,184.91,0.0009749446350129491,2.164,15.59,0.002805158209343396,0.0007602330479552223,4966,2.785,832,573,4005,3,8,56263,5,55685,425,DDoS,1,NF-BoT-IoT-v2
Device_3768,Gateway,172.76,335,187.63,0.008471866891824572,1.055,46.05,0.003077853373209495,0.0008887746167658336,6620,6.693,138,1616,2703,3,8,56562,28,54712,530,DoS,1,NF-BoT-IoT-v2
Device_3769,Actuator,379.37,78,39.51,0.006547172244690045,2.235,31.64,0.0002497605191728553,0.0005326883126728726,2843,0.447,355,713,2978,11,0,7161,15,13598,530,Normal,0,NF-BoT-IoT-v2
Device_3770,Camera,910.83,130,16.44,0.009581671867860778,2.054,13.17,0.004311623402568769,3.807586419669674e-05,4676,0.11,502,1130,817,3,8,17060,28,72782,530,Normal,0,NF-ToN-IoT-v2
Device_3771,Camera,615.35,118,198.07,0.0034293357585706004,3.164,23.21,0.0019865174087212666,0.00037149153178723317,7283,0.351,225,1261,2455,0,8,2772,5,23117,150,Botnet,1,NF-BoT-IoT-v2
Device_3772,Actuator,411.95,325,101.63,0.0022055134672960244,4.353,62.23,0.004876778134972863,0.00025067061927544276,6500,4.544,614,1891,547,3,8,14244,5,83437,200,DDoS,1,NF-BoT-IoT-v2
Device_3773,Sensor,934.41,256,118.69,0.005663554869206117,2.189,23.69,0.000690280310698274,0.0006400334951574048,7855,5.595,99,1923,3780,0,0,34151,15,768,200,Normal,0,NF-CSE-CIC-IDS2018-v2
Device_3774,Gateway,48.46,443,127.02,0.005424499963354812,3.694,22.2,0.004728892235447665,0.0005236692237341858,3196,0.161,307,928,3656,8,0,43202,5,13036,150,Normal,0,NF-ToN-IoT-v2
Device_3775,Gateway,210.28,102,160.04,0.005951137483133686,4.153,57.52,0.0032080254410479826,0.0003621794752953437,8121,4.024,795,1483,451,0,8,498,15,9050,150,Normal,0,NF-CSE-CIC-IDS2018-v2
Device_3776,Camera,565.89,277,164.28,0.0035405852403374532,1.453,90.95,0.0003564674714239111,0.0006520200866908221,8290,0.504,391,902,1852,8,0,39479,28,73366,150,DDoS,1,NF-ToN-IoT-v2
Device_3777,Gateway,615.55,112,46.85,0.00015837970636418892,4.557,79.93,0.004861325481399983,0.0005885849892774174,1185,6.568,91,1476,608,11,8,42600,28,57461,331,Normal,0,NF-CSE-CIC-IDS2018-v2
Device_3778,Actuator,39.56,440,54.96,0.00044681336411210663,0.817,90.98,0.00016797803391179421,0.0009074252232156594,3829,6.349,809,704,2970,3,0,56532,1,13442,226,Data_Exfiltration,1,NF-CSE-CIC-IDS2018-v2
Device_3779,Sensor,403.04,460,176.6,0.006671881968082879,4.558,60.38,0.0036804308265858563,0.0006008349227572822,4428,7.863,374,1204,3029,11,0,34622,15,51328,530,DDoS,1,NF-CSE-CIC-IDS2018-v2
Device_3780,Actuator,649.15,121,165.71,0.005280254676739266,1.236,43.94,0.004458696747101663,0.0005126347658645155,1587,5.508,204,119,2810,11,0,61593,2,44595,200,Normal,0,NF-CSE-CIC-IDS2018-v2
Device_3781,Router,698.07,330,127.35,0.008228011470547608,2.017,74.32,0.0009614766157277711,0.0008254333833125217,8640,6.267,894,1561,3146,11,8,48855,15,79493,200,Normal,0,NF-BoT-IoT-v2
Device_3782,Camera,638.14,420,198.99,0.00307405760198929,3.224,29.83,0.0017824502344192614,0.0002103954725680368,7553,2.866,750,1223,644,8,0,33837,28,59907,226,DDoS,1,NF-CSE-CIC-IDS2018-v2
Device_3783,Gateway,320.56,313,149.68,0.008173175148588634,4.576,12.42,0.002850023768640415,0.0002511289716606717,8705,0.946,609,1244,1225,3,0,20660,28,60516,425,Normal,0,NF-BoT-IoT-v2
Device_3784,Router,93.52,353,51.01,0.0043123649931702795,1.651,37.74,0.0034310655006403188,0.0007857374037569106,7437,7.399,633,1169,194,11,0,42555,5,68041,530,DDoS,1,NF-BoT-IoT-v2
Device_3785,Gateway,427.11,71,170.86,0.001057314016908739,3.936,33.43,0.004372191752193512,0.0004479267247620151,7202,6.157,909,44,3534,11,8,44787,1,81211,530,Port_Scan,1,NF-CSE-CIC-IDS2018-v2
Device_3786,Sensor,128.75,309,88.8,0.009781324469647874,3.697,69.18,0.0038292453073036988,0.000415143503471574,1109,9.389,117,912,3386,0,8,53473,2,22684,226,DoS,1,NF-ToN-IoT-v2
Device_3787,Sensor,947.62,412,16.87,0.005168165698540648,1.219,57.38,0.0018803226047127948,0.0008882071749330268,4482,9.893,66,1025,1722,0,8,60447,1,33348,200,Normal,0,NF-ToN-IoT-v2
Device_3788,Sensor,475.17,452,71.07,0.006331837288227229,2.658,18.13,0.004126427077754675,0.0006140079439501375,6805,8.488,131,1733,429,3,8,8538,15,2502,530,DoS,1,NF-CSE-CIC-IDS2018-v2
Device_3789,Gateway,317.26,145,155.07,0.006740892146246723,2.667,91.31,0.004833775933326365,0.0008048800489958201,9073,9.858,779,1212,484,0,0,39357,15,8102,530,Normal,0,NF-CSE-CIC-IDS2018-v2
Device_3790,Router,766.3,64,192.44,0.0036878812970461187,1.871,61.37,0.0012122322880840166,0.0008117404819035895,3179,6.51,901,1236,487,8,8,10414,28,56222,200,Botnet,1,NF-CSE-CIC-IDS2018-v2
Device_3791,Sensor,497.95,117,62.47,0.00750053036663516,4.01,48.48,0.00046306840792670405,0.00012882639172865094,4552,1.01,828,351,1872,8,8,17212,5,29088,331,Port_Scan,1,NF-CSE-CIC-IDS2018-v2
Device_3792,Router,310.03,312,56.84,0.00871563800697507,4.667,94.03,0.00219043668651529,0.0006571653725050066,2286,0.989,386,323,4051,8,8,58973,2,9186,200,DDoS,1,NF-BoT-IoT-v2
Device_3793,Gateway,811.97,267,117.09,0.003933151066497202,3.725,14.24,0.004418845809392,0.0009529911753190204,5730,8.09,92,1671,1842,11,8,55171,5,4257,150,Normal,0,NF-CSE-CIC-IDS2018-v2
Device_3794,Router,867.15,262,164.22,0.006604308777652328,4.878,80.01,0.0008364283739080542,0.0004852268187317964,9498,2.445,77,654,4035,3,8,60545,2,64777,530,Data_Exfiltration,1,NF-CSE-CIC-IDS2018-v2
Device_3795,Gateway,673.01,231,151.84,0.007595525857374374,0.727,39.64,0.004440411120621849,0.0007348606012671118,4618,0.704,750,804,2273,8,8,18070,1,6334,150,DoS,1,NF-BoT-IoT-v2
Device_3796,Gateway,46.96,487,116.39,0.001982246387121905,0.668,71.06,0.004961843816307217,0.0005710655709450677,404,4.776,252,1715,158,8,0,14134,28,45502,226,Normal,0,NF-BoT-IoT-v2
Device_3797,Camera,566.32,378,129.96,0.0033927012355200775,4.522,93.42,0.0003646109313274662,0.00021279751449856179,5238,3.215,739,1532,1249,8,8,40232,5,41546,226,DoS,1,NF-CSE-CIC-IDS2018-v2
Device_3798,Gateway,763.29,176,56.0,0.0011770788791714531,4.54,54.18,0.002526756231891871,0.00020324170926171975,3554,5.923,872,1706,898,8,0,53499,15,85425,150,Brute_Force,1,NF-ToN-IoT-v2
Device_3799,Gateway,136.5,438,92.19,0.006061863796057215,0.982,7.15,0.001711538924094926,0.0004394948335341128,6182,6.041,320,871,1883,8,0,42435,28,39106,226,DoS,1,NF-CSE-CIC-IDS2018-v2
Device_3800,Actuator,228.67,169,58.52,0.008029283188626475,2.109,7.74,0.002029031289163424,0.00048816066807132955,5449,6.847,653,955,3496,8,8,42404,2,55551,150,Port_Scan,1,NF-ToN-IoT-v2
Device_3801,Sensor,882.5,458,178.04,0.006147302700190844,4.259,36.4,0.0023130102864969116,0.0005081011182200065,950,5.807,54,1488,3364,3,0,2698,28,31922,331,Normal,0,NF-CSE-CIC-IDS2018-v2
Device_3802,Camera,20.12,175,31.39,0.0018798599266727355,1.078,79.26,0.00372454938661083,0.000955450749927527,5827,3.871,652,1224,1203,8,0,55203,15,50512,226,DoS,1,NF-CSE-CIC-IDS2018-v2
Device_3803,Camera,752.73,214,139.15,0.005509048061158761,1.703,32.38,0.0029973685455387637,0.0001092519986961017,8786,0.334,658,433,2332,3,0,23011,15,6909,220,Normal,0,NF-BoT-IoT-v2
Device_3804,Camera,473.77,276,59.45,0.008365848070411457,3.564,36.77,0.004809885332262224,0.0003867214669548503,3655,9.06,786,189,526,3,0,30478,2,75201,425,DoS,1,NF-BoT-IoT-v2
Device_3805,Actuator,446.77,147,100.36,0.0030969754811743695,4.919,79.52,0.0017305465362737167,0.00051940196076981,2774,3.337,145,415,4067,3,8,60772,28,53455,200,Normal,0,NF-ToN-IoT-v2
Device_3806,Gateway,7.1,377,66.89,0.00834324987230114,4.087,16.04,0.002753370004165439,0.000963481612006893,3530,5.121,679,429,994,8,0,36674,5,26984,150,DoS,1,NF-BoT-IoT-v2
Device_3807,Sensor,819.4,452,71.42,0.007867770509322882,3.998,85.45,0.004085309801575116,0.000509271668836968,7640,5.614,86,87,744,8,8,49775,28,76493,425,Data_Exfiltration,1,NF-ToN-IoT-v2
Device_3808,Router,359.82,355,59.47,0.00031523399758308124,2.042,30.25,0.0019278392432690327,0.0007775229629196852,3249,3.217,141,1128,3450,3,8,49309,15,11834,200,Port_Scan,1,NF-CSE-CIC-IDS2018-v2
Device_3809,Gateway,540.77,257,153.03,0.0024706026594464693,3.476,9.87,0.0023799660829934566,0.000751785326961797,3447,3.154,45,1001,1417,3,0,57912,2,3399,200,Normal,0,NF-CSE-CIC-IDS2018-v2
Device_3810,Actuator,677.3,64,79.49,0.005475129817397486,1.009,16.15,0.003456375308157611,0.0005707796089341874,4049,2.683,640,791,720,8,0,38589,1,20095,226,Brute_Force,1,NF-CSE-CIC-IDS2018-v2
Device_3811,Gateway,702.63,413,148.01,0.007204411963190668,4.965,95.49,0.004317646671161101,0.0001393960709661235,604,2.509,870,504,2397,0,0,45014,1,85208,200,Botnet,1,NF-BoT-IoT-v2
Device_3812,Gateway,955.98,218,96.65,0.008817252203963009,2.663,47.88,0.0021368392050767604,0.0002265711228586777,7865,0.401,117,1235,1269,0,0,60960,28,17364,220,Normal,0,NF-CSE-CIC-IDS2018-v2
Device_3813,Actuator,531.34,26,113.98,0.006446318950852154,3.375,29.36,0.002706557313519026,0.00024773885603528623,2754,9.583,147,1658,2931,0,8,44864,15,52117,226,Normal,0,NF-CSE-CIC-IDS2018-v2
Device_3814,Camera,399.72,77,113.22,0.0038654072953704373,4.443,54.52,0.0048780991979251115,4.8273051178582514e-05,3506,5.993,984,225,519,8,0,64512,28,28519,425,DoS,1,NF-BoT-IoT-v2
Device_3815,Camera,953.7,142,195.41,0.0019278093466994224,0.504,69.82,0.0003080988935403196,0.00038542582975921284,3617,1.17,659,1762,982,3,0,22146,2,10720,150,Normal,0,NF-BoT-IoT-v2
Device_3816,Sensor,642.11,197,79.74,0.007624354969078072,4.892,35.29,0.002296320711631768,0.0006144085851524725,5512,5.96,21,828,338,0,8,12296,5,63411,200,Port_Scan,1,NF-ToN-IoT-v2
Device_3817,Sensor,298.15,416,49.46,0.0021471374373087894,2.116,73.9,0.003216311070533082,0.00015282363575158932,5357,2.399,536,1439,2148,11,8,53756,1,78473,530,Normal,0,NF-CSE-CIC-IDS2018-v2
Device_3818,Camera,126.46,439,183.24,0.0069847621625356736,2.028,28.96,0.00014129454205441324,0.00018328564970067612,1679,3.176,158,791,2554,11,8,53791,28,79525,200,Normal,0,NF-CSE-CIC-IDS2018-v2
Device_3819,Router,842.55,317,43.22,0.0018939950119749532,1.153,15.67,0.003024253857675431,0.0007099164651186152,413,8.032,476,1284,938,3,8,35404,15,75919,331,Normal,0,NF-CSE-CIC-IDS2018-v2
Device_3820,Gateway,362.18,147,168.54,0.001001433118063698,4.362,57.22,0.000375379777848744,0.00017756085492443805,4415,8.869,48,826,3171,11,0,42999,1,51869,530,Normal,0,NF-BoT-IoT-v2
Device_3821,Router,660.47,183,38.54,0.0025858922146946915,4.419,19.36,0.0043020361435760985,0.00014398222184276697,2787,7.028,419,867,131,8,0,43820,1,81014,425,Normal,0,NF-CSE-CIC-IDS2018-v2
Device_3822,Gateway,470.82,421,135.16,0.0029208050746986312,0.59,94.35,0.004054721867991973,0.0009780634675918636,7410,9.333,110,706,1497,11,8,36958,5,84648,150,DoS,1,NF-CSE-CIC-IDS2018-v2
Device_3823,Camera,198.93,106,38.6,0.00650737043149961,0.751,5.04,0.0002580501703131217,2.4587927936092644e-05,5623,9.06,571,1658,2094,3,0,31416,28,44597,331,Normal,0,NF-ToN-IoT-v2
Device_3824,Sensor,601.69,180,185.39,0.0016927453406463833,4.633,76.79,0.00033913972033114284,0.0003321540876608192,4599,5.557,998,1778,423,0,8,42260,5,66487,150,Normal,0,NF-ToN-IoT-v2
Device_3825,Sensor,60.68,163,117.35,0.009310038438570194,1.053,31.55,0.0037927082646518513,4.458729477673569e-05,4674,9.088,529,297,3256,8,0,22038,15,21056,200,DoS,1,NF-BoT-IoT-v2
Device_3826,Router,413.34,192,72.56,0.005588180694788508,3.294,85.38,0.0019107699736337208,0.0008396677116586399,6965,5.495,304,1694,3802,3,8,37836,15,4101,530,Normal,0,NF-CSE-CIC-IDS2018-v2
Device_3827,Sensor,546.61,251,36.66,0.004960224135083009,3.288,10.71,0.0029176263608977912,0.0005877003571248952,7827,1.132,482,825,2828,8,8,52121,28,75692,200,Normal,0,NF-ToN-IoT-v2
Device_3828,Camera,436.05,313,80.53,0.0044034756916528405,4.414,95.54,0.0014246085218503812,5.7472334364884414e-05,9115,8.312,567,1126,4093,0,8,52184,1,41607,220,Normal,0,NF-CSE-CIC-IDS2018-v2
Device_3829,Router,748.67,294,143.95,0.005709353334806892,3.077,14.63,0.0009475474929100887,0.0006192085324869284,4415,1.399,137,122,4093,0,0,36980,2,19243,226,Normal,0,NF-BoT-IoT-v2
Device_3830,Gateway,827.92,36,83.14,0.00032222497490164473,2.453,79.85,0.0015507778759830514,0.0001318654287069539,2514,3.228,77,1661,1011,0,0,17863,5,73931,220,Normal,0,NF-BoT-IoT-v2
Device_3831,Sensor,771.24,411,56.76,0.009901855108332917,4.885,54.15,0.0013088971310975417,0.0005007752816448353,5415,3.86,270,1131,3691,8,0,53607,1,60947,150,Normal,0,NF-CSE-CIC-IDS2018-v2
Device_3832,Actuator,38.81,369,119.71,0.005619491324323234,1.53,45.89,0.002296706447372738,0.0006727187853970871,4879,8.092,922,1671,2593,11,0,54301,15,71254,150,Normal,0,NF-CSE-CIC-IDS2018-v2
Device_3833,Sensor,194.13,69,89.39,0.00044843052118776015,1.682,31.61,0.003758713209909662,0.00015702196250569068,3920,0.927,692,476,2400,8,0,61298,15,55877,150,Brute_Force,1,NF-ToN-IoT-v2
Device_3834,Gateway,536.61,211,41.5,0.005940778286526039,0.881,84.93,0.002815234098842087,0.0005020799036685095,5906,4.505,85,1252,1965,0,8,18756,1,16887,425,Normal,0,NF-BoT-IoT-v2
Device_3835,Router,934.82,259,39.26,0.0044270797070678205,4.889,23.98,0.0030849737089046203,0.0004628368197862745,2069,4.423,812,1239,2201,8,8,18327,1,30922,530,DDoS,1,NF-CSE-CIC-IDS2018-v2
Device_3836,Gateway,834.96,371,144.42,0.00033797319699744785,3.679,73.52,0.0024033851226446124,0.0009165929721540462,1859,5.863,468,108,2323,8,8,24649,15,80525,150,Normal,0,NF-CSE-CIC-IDS2018-v2
Device_3837,Actuator,842.53,78,195.19,0.009251844646358982,0.554,47.35,0.0016911948369937996,0.0009957443806295522,3225,3.603,651,1503,638,11,8,21458,5,2356,226,Brute_Force,1,NF-ToN-IoT-v2
Device_3838,Camera,303.21,467,54.29,0.0002046120335307522,3.669,99.86,0.0008031932442663909,0.0006579297021654185,6666,5.814,819,1352,1159,0,8,53055,5,70171,200,Normal,0,NF-BoT-IoT-v2
Device_3839,Sensor,429.45,379,156.9,0.0058209296010904325,2.319,63.08,0.0018373707496586046,0.0008563105640642225,7965,9.86,682,1443,2959,11,8,1442,1,37488,220,Normal,0,NF-CSE-CIC-IDS2018-v2
Device_3840,Router,470.71,30,26.65,0.009621728401499618,4.854,14.9,0.003359473219447939,0.0006504131378625642,2381,0.808,242,353,2052,0,8,36757,28,6277,530,Brute_Force,1,NF-CSE-CIC-IDS2018-v2
Device_3841,Camera,157.37,161,82.5,0.0024522845201319574,1.748,44.85,0.00369550937232672,0.000877523392876677,5329,8.759,958,452,353,3,8,37670,15,3152,200,Normal,0,NF-BoT-IoT-v2
Device_3842,Gateway,31.07,111,106.27,0.002616372835011607,3.696,11.3,0.0023989895651502463,0.0004389393313793148,1223,3.155,931,577,2478,0,0,12086,2,41758,530,Normal,0,NF-CSE-CIC-IDS2018-v2
Device_3843,Router,946.9,396,61.06,0.00010418897274550841,3.323,32.14,0.0032604866454569235,0.0006119099592552995,5931,4.711,64,1689,2138,8,0,28389,15,48161,425,DDoS,1,NF-BoT-IoT-v2
Device_3844,Camera,240.71,497,110.62,0.0007568766026810111,0.554,37.62,0.001131651301232836,0.0008467178279219125,1334,7.437,240,1361,2531,3,0,58630,5,1142,331,Botnet,1,NF-BoT-IoT-v2
Device_3845,Router,239.95,104,177.7,0.0005443952746131724,4.483,86.05,0.004314324971547386,0.0009189048630187084,6976,9.109,95,2021,3011,8,0,48573,5,55975,220,Normal,0,NF-CSE-CIC-IDS2018-v2
Device_3846,Actuator,83.38,455,189.44,0.008244297208515413,1.128,84.61,0.0043430886083144805,3.443590598401146e-05,7670,0.19,658,377,1449,3,0,33318,2,37655,425,DDoS,1,NF-CSE-CIC-IDS2018-v2
Device_3847,Actuator,928.51,370,29.11,0.008383701942454698,3.486,6.1,0.0016696068436353741,0.00011291316536466911,6056,6.656,398,746,1652,8,8,10643,5,14728,150,DDoS,1,NF-ToN-IoT-v2
Device_3848,Sensor,579.74,238,61.65,0.007294330833426775,3.99,55.57,0.002783789972545143,0.0009318603407247457,774,0.789,888,1865,1841,3,8,43111,2,67643,150,DDoS,1,NF-ToN-IoT-v2
Device_3849,Sensor,667.04,134,196.04,0.0035921756239192123,3.339,26.24,0.0030726439392345737,0.000572823682037186,5613,5.304,49,1696,1542,3,8,60855,5,18173,331,Botnet,1,NF-BoT-IoT-v2
Device_3850,Actuator,911.58,267,61.38,0.008230419053899539,0.937,35.41,0.0024149071900447356,0.0009902901729945243,2405,7.523,453,1857,868,8,8,26463,2,54459,220,Normal,0,NF-CSE-CIC-IDS2018-v2
Device_3851,Router,345.62,331,141.61,0.005443767750404532,4.888,7.06,0.004564596552433157,0.0007947067122897183,1368,1.778,145,756,675,3,0,64193,28,74274,226,DDoS,1,NF-BoT-IoT-v2
Device_3852,Actuator,621.51,496,58.16,0.0031126717371512402,1.566,76.23,0.003724613039286592,0.0008199587819057129,5197,7.661,917,681,535,8,0,10382,15,6666,226,Normal,0,NF-CSE-CIC-IDS2018-v2
Device_3853,Sensor,38.8,378,77.71,0.0044290400142324654,3.325,95.31,0.0033953014137827896,0.00039226128257449714,3321,3.164,398,1316,3726,11,0,19145,5,55596,150,Normal,0,NF-CSE-CIC-IDS2018-v2
Device_3854,Actuator,186.77,435,46.34,0.0007511009213622992,4.087,25.83,0.0026484567855249654,0.00026496597395664904,4819,6.144,771,1401,2033,8,0,13204,1,12365,150,Normal,0,NF-CSE-CIC-IDS2018-v2
Device_3855,Actuator,831.25,245,172.7,0.009454595998824146,4.727,37.47,0.0005157519166998374,0.0006022765822420614,4294,6.615,671,1739,432,11,8,28878,2,5502,150,Brute_Force,1,NF-BoT-IoT-v2
Device_3856,Router,766.77,171,177.7,0.0062292525317832175,3.218,24.61,0.0006283247503384733,0.0008802417776486492,1349,6.525,729,690,3461,3,8,10785,2,84278,425,Normal,0,NF-ToN-IoT-v2
Device_3857,Camera,350.64,51,66.41,0.007339218034812672,1.666,93.35,0.0015651434249956942,0.0007284415236212308,4129,0.284,303,180,473,0,8,24354,2,79377,530,Port_Scan,1,NF-CSE-CIC-IDS2018-v2
Device_3858,Sensor,376.81,285,166.48,0.006798175367156779,4.265,5.89,0.0011364591150076757,0.0004774533887722056,2960,1.608,428,1944,1689,11,8,46962,5,41264,331,Botnet,1,NF-BoT-IoT-v2
Device_3859,Router,533.55,362,78.07,0.0067107248467577095,1.234,60.47,0.004767401762349172,0.0007556684712806279,3613,8.576,17,449,4023,0,8,21764,15,43218,530,Normal,0,NF-CSE-CIC-IDS2018-v2
Device_3860,Actuator,0.24,77,28.81,0.0002708837564226769,0.6,87.72,0.0021080813413934868,0.0006934936469755188,3319,9.404,986,1084,3638,0,8,49975,1,4596,331,Port_Scan,1,NF-ToN-IoT-v2
Device_3861,Actuator,241.24,182,154.03,0.005301175669869982,4.587,22.7,0.004395366649427885,0.00091392091065588,8470,5.68,81,1669,3160,8,0,1106,2,28450,200,Normal,0,NF-ToN-IoT-v2
Device_3862,Camera,208.23,340,123.32,0.008234931263392788,3.089,61.05,0.004108590449964535,0.00027092165090018843,2299,6.01,184,1518,224,8,8,63750,2,26053,331,Data_Exfiltration,1,NF-CSE-CIC-IDS2018-v2
Device_3863,Sensor,250.48,134,62.13,0.0005407366289748395,0.813,9.81,0.004081594336411766,0.0001281183446644396,5030,7.575,467,1863,3330,0,0,48948,2,79831,220,Brute_Force,1,NF-CSE-CIC-IDS2018-v2
Device_3864,Sensor,805.91,179,58.07,0.009566040270493879,3.109,82.39,0.0011569668732195725,0.0004753506513425412,4777,4.12,283,2031,1800,8,8,16109,2,73857,331,DDoS,1,NF-CSE-CIC-IDS2018-v2
Device_3865,Gateway,279.67,56,195.37,0.004299180861759293,1.153,31.07,0.0022918768837039954,0.00036747000275352967,5572,3.347,71,1938,3556,0,0,18603,1,31211,220,DoS,1,NF-BoT-IoT-v2
Device_3866,Sensor,191.52,270,173.88,0.0029699653713085752,0.641,98.93,0.0016579647590709836,0.0009751125355963086,6808,7.705,90,797,2789,8,0,44729,2,61347,226,Botnet,1,NF-CSE-CIC-IDS2018-v2
Device_3867,Camera,504.26,226,163.86,0.005365031480255235,1.024,92.59,0.004855013918810707,1.7429145789591068e-05,7941,0.38,709,1841,1821,8,0,16745,1,85857,530,Normal,0,NF-ToN-IoT-v2
Device_3868,Gateway,865.65,314,34.32,0.008032020459646058,3.988,74.59,0.004396047076348783,0.0009340492313599982,7930,8.865,642,1946,3930,8,0,28713,1,29237,200,Normal,0,NF-CSE-CIC-IDS2018-v2
Device_3869,Gateway,241.35,133,153.49,0.0048000751115095126,3.9,52.2,0.001324625938768156,0.0009555284302749644,2629,4.465,592,1616,76,0,8,42723,2,47223,331,Brute_Force,1,NF-BoT-IoT-v2
Device_3870,Actuator,78.54,302,50.76,0.00648654619820528,3.219,77.83,0.0016362497679697915,6.044879300077149e-05,9227,5.092,958,1244,3542,3,0,22801,28,72199,226,Normal,0,NF-CSE-CIC-IDS2018-v2
Device_3871,Actuator,356.4,171,195.7,0.005049152439881914,1.442,17.41,0.00269165526413134,0.0008906741526342103,7570,6.379,365,96,2050,8,8,63237,1,5808,220,Brute_Force,1,NF-CSE-CIC-IDS2018-v2
Device_3872,Sensor,747.65,210,19.9,0.006349595340747477,3.825,34.47,0.001465168347143775,0.00047607105123512845,9248,2.816,203,1514,1942,8,8,20979,28,5464,200,Normal,0,NF-CSE-CIC-IDS2018-v2
Device_3873,Gateway,550.69,463,76.91,0.0014665060604467021,2.336,7.56,0.004140196836275865,0.0007684892290893277,2573,6.014,231,707,3490,0,0,12419,1,71002,226,Normal,0,NF-BoT-IoT-v2
Device_3874,Actuator,816.79,411,91.44,0.00048276752316318947,2.798,66.28,0.004114233261733575,8.846297582359796e-05,1185,6.961,599,255,3381,11,0,24004,5,56199,220,Normal,0,NF-CSE-CIC-IDS2018-v2
Device_3875,Camera,959.59,471,166.6,0.0014553239164041881,4.539,81.53,0.0036492681453634,0.0009556535381768997,7462,1.268,739,507,2199,0,8,2957,2,83530,200,Data_Exfiltration,1,NF-CSE-CIC-IDS2018-v2
Device_3876,Actuator,792.66,284,155.58,0.002929797632172895,2.56,94.9,0.0034776200033046108,0.0006114729903035237,4762,5.253,6,357,502,8,8,59816,5,68032,150,Normal,0,NF-CSE-CIC-IDS2018-v2
Device_3877,Actuator,603.8,215,81.25,0.0026082250182362576,3.319,70.22,0.0027817773867252127,0.0008997073602863484,3534,3.361,357,1574,484,8,8,39854,1,85459,331,Port_Scan,1,NF-CSE-CIC-IDS2018-v2
Device_3878,Gateway,493.34,49,117.46,0.006190235961640405,4.828,74.55,0.0018008500598307546,0.0006762334632678477,7828,5.618,449,1628,1739,3,0,14944,5,62213,150,DDoS,1,NF-CSE-CIC-IDS2018-v2
Device_3879,Gateway,40.07,282,168.76,0.004613305298928986,2.531,90.07,0.004200998418588888,0.0005414421911158441,2765,0.311,737,1247,3957,8,8,58420,2,82951,150,Normal,0,NF-BoT-IoT-v2
Device_3880,Router,984.32,197,13.46,0.0004842386121657855,3.023,93.96,0.0043082776391336845,0.00018077072748316837,9393,7.453,146,1927,3391,11,0,47892,2,44191,150,Botnet,1,NF-CSE-CIC-IDS2018-v2
Device_3881,Camera,383.48,364,162.41,0.0004451724725385532,3.13,51.67,0.0003425963974344203,0.00018617458890671245,8575,1.767,55,119,1363,8,0,9612,1,37630,226,DoS,1,NF-BoT-IoT-v2
Device_3882,Gateway,152.23,102,189.91,0.000996821220994591,1.583,15.43,0.002053235128227988,0.00047784458903349895,4571,6.925,67,1513,3793,8,0,39105,1,44007,150,Brute_Force,1,NF-ToN-IoT-v2
Device_3883,Sensor,666.71,51,16.09,0.0035955034582685736,3.816,49.31,0.00023047514420610008,0.0008717377934849635,6619,7.711,697,189,1094,3,0,32142,28,42826,530,Brute_Force,1,NF-ToN-IoT-v2
Device_3884,Camera,284.29,474,18.66,0.00016121121454092157,3.77,57.83,0.00421343923402821,0.0001240664911030377,887,7.551,147,1328,563,11,0,29678,15,41662,530,Normal,0,NF-CSE-CIC-IDS2018-v2
Device_3885,Camera,585.78,388,75.46,0.0049904739277583906,1.461,65.0,0.0009677569079580051,0.0009984012981294863,9148,8.193,586,971,309,11,0,463,5,40583,425,DDoS,1,NF-CSE-CIC-IDS2018-v2
Device_3886,Gateway,586.77,116,26.68,0.003670629676662097,0.56,98.98,0.00340194714760101,0.0008771531339364844,9990,3.147,980,2023,409,8,8,17762,28,80900,150,Port_Scan,1,NF-CSE-CIC-IDS2018-v2
Device_3887,Camera,445.73,337,101.06,0.005598868894164182,4.995,92.17,0.001851141506702413,0.000398633182958007,7005,9.674,651,1387,3339,11,8,13484,5,4706,226,Botnet,1,NF-BoT-IoT-v2
Device_3888,Gateway,836.12,74,148.46,0.007236169758019729,3.117,42.65,0.004098720720837609,0.0002605871474501875,8088,0.336,736,313,3617,3,8,40275,2,21732,331,DoS,1,NF-CSE-CIC-IDS2018-v2
Device_3889,Actuator,264.97,374,117.71,0.0025846308732505583,1.315,15.78,0.002597465811243446,0.0009227761342139976,7306,4.864,232,688,1839,0,0,43200,1,11537,530,Port_Scan,1,NF-ToN-IoT-v2
Device_3890,Router,448.63,318,47.32,0.001655128111526206,1.776,25.41,0.0016895694298126283,0.00013197950304426936,2233,2.776,468,194,543,8,8,45049,5,28566,425,Data_Exfiltration,1,NF-BoT-IoT-v2
Device_3891,Actuator,537.69,493,134.41,0.002852730204037537,3.28,21.51,0.0016869662695286282,0.0003538170360649729,2521,7.425,695,1229,1181,8,0,5549,15,48518,200,Brute_Force,1,NF-ToN-IoT-v2
Device_3892,Gateway,663.62,144,140.12,0.00011745550132386447,1.119,38.82,0.0017019434878657316,9.307322500905372e-05,4031,8.072,96,1163,3009,11,8,10626,2,61448,200,Brute_Force,1,NF-BoT-IoT-v2
Device_3893,Gateway,783.97,398,187.16,0.0012881282597052293,0.668,88.27,0.003964038162904584,0.0009539276569338983,6125,8.242,491,932,1397,8,8,29328,2,64629,331,Normal,0,NF-BoT-IoT-v2
Device_3894,Actuator,394.81,33,37.89,0.0075332206004947114,4.093,46.61,0.0035844664342506998,0.0006214467191886336,5427,3.039,933,1356,2631,8,8,24208,28,58958,226,Normal,0,NF-ToN-IoT-v2
Device_3895,Sensor,646.05,37,141.54,0.0023057877397628227,3.721,58.89,0.0016641491259980117,0.0003428178482267044,8916,2.814,854,362,2016,3,8,13288,15,24631,150,Data_Exfiltration,1,NF-CSE-CIC-IDS2018-v2
Device_3896,Sensor,150.61,71,183.17,0.009943566374659983,1.893,22.02,0.0025020196358236544,0.0002827283337166903,7226,6.802,248,175,2541,0,0,40403,2,61980,200,DDoS,1,NF-ToN-IoT-v2
Device_3897,Sensor,932.65,282,105.3,0.001761532061511611,0.763,51.82,0.00047315158909369434,0.00044965335060759455,9892,9.289,132,1113,233,0,8,14099,15,71878,331,Normal,0,NF-CSE-CIC-IDS2018-v2
Device_3898,Gateway,383.06,238,78.74,0.007908839984098385,2.688,87.99,0.004154751314961173,0.00010046469223719815,8292,2.617,525,1353,182,11,0,34563,1,80869,331,Data_Exfiltration,1,NF-BoT-IoT-v2
Device_3899,Camera,729.52,29,42.44,0.0070799402710727925,1.743,78.48,0.001403178566274355,0.0008904554409297614,4605,9.115,70,1917,821,3,0,62794,15,51202,150,Port_Scan,1,NF-CSE-CIC-IDS2018-v2
Device_3900,Gateway,20.34,12,174.69,0.0032891082138814458,2.29,12.71,0.004457203195009614,0.0005158309731812197,6981,5.955,349,1243,3775,3,0,15886,28,68744,331,Normal,0,NF-ToN-IoT-v2
Device_3901,Camera,205.19,430,84.91,0.003374317521303056,1.733,86.9,0.0030243037957633375,0.0007278471434364713,9701,7.406,442,471,1821,3,0,12088,28,65882,226,Normal,0,NF-ToN-IoT-v2
Device_3902,Actuator,487.08,227,185.73,0.005679160651574336,1.289,31.01,0.0028823187948586074,0.00024140838327748782,6623,4.455,256,519,2174,3,8,48556,5,81130,226,Brute_Force,1,NF-CSE-CIC-IDS2018-v2
Device_3903,Router,878.25,408,171.07,0.008538503565077328,2.241,68.24,0.0008973218373396857,0.0005087117682679211,898,8.088,386,1445,3252,8,8,49946,1,40886,425,Data_Exfiltration,1,NF-BoT-IoT-v2
Device_3904,Camera,527.26,316,81.56,0.003923250746782698,4.842,18.91,0.00044072326199108054,0.00021897527496368628,9234,9.708,505,1075,172,11,0,3067,1,35464,200,Normal,0,NF-CSE-CIC-IDS2018-v2
Device_3905,Sensor,929.87,441,119.04,0.0007056808210922248,1.698,69.09,0.002807821246810951,0.0008179336684743911,3562,1.789,700,1267,809,11,8,44247,15,50267,220,Normal,0,NF-BoT-IoT-v2
Device_3906,Gateway,483.8,145,15.16,0.003806749851332738,2.012,8.39,0.0023931467039505975,0.0007775222597426288,7595,3.917,601,567,1580,8,8,58643,28,56432,331,Normal,0,NF-ToN-IoT-v2
Device_3907,Actuator,490.45,406,60.01,0.0021523954651031397,1.982,62.06,0.0006864468645285869,0.00015672030095443545,1427,8.638,416,1658,2828,11,0,28779,28,36661,226,Brute_Force,1,NF-CSE-CIC-IDS2018-v2
Device_3908,Sensor,119.75,441,144.95,0.009398149468943672,2.661,66.36,0.004194379840339115,8.376183172870559e-05,7549,1.849,319,994,1687,3,0,45311,28,44042,150,Normal,0,NF-BoT-IoT-v2
Device_3909,Actuator,802.66,12,138.8,0.007003016029121881,4.296,28.23,0.0021444765839610034,0.0008259547691891724,8986,4.188,316,759,480,8,8,13390,1,21374,150,Normal,0,NF-BoT-IoT-v2
Device_3910,Router,246.97,202,77.14,0.0006032433757121517,2.31,94.01,0.001376243221915346,0.00011855142569187114,285,1.745,666,1619,1412,8,8,43397,28,74346,220,DDoS,1,NF-CSE-CIC-IDS2018-v2
Device_3911,Gateway,899.61,82,163.64,0.0030005865188998037,4.128,9.37,0.003962533256417303,0.0005529991408784821,8769,6.519,986,681,3003,0,8,15889,5,41667,220,Normal,0,NF-ToN-IoT-v2
Device_3912,Gateway,910.82,424,54.81,0.0005971380527159887,1.018,89.71,0.004574014368206991,0.0005391424249520929,7131,2.459,998,696,3375,8,8,64853,2,83799,220,DoS,1,NF-ToN-IoT-v2
Device_3913,Router,943.31,370,97.64,0.008317165036710381,4.527,41.28,0.0015992172456262969,0.0002109146274508345,6784,3.87,662,1275,773,0,0,48432,28,64048,530,Normal,0,NF-ToN-IoT-v2
Device_3914,Gateway,520.23,127,99.78,0.009072334378880893,1.334,72.82,0.003902154438468071,0.000595442901225935,9977,4.962,330,1009,3651,8,8,49876,5,50491,150,Normal,0,NF-CSE-CIC-IDS2018-v2
Device_3915,Camera,677.09,163,74.76,0.0012115680978068363,0.676,66.9,0.0032973463193417154,0.0005077276553899572,9283,3.042,983,905,681,11,8,46999,5,18004,331,Normal,0,NF-ToN-IoT-v2
Device_3916,Actuator,778.52,218,191.39,0.004458871455486092,1.213,20.98,0.00494966614039505,0.0005140973301494075,7691,6.831,132,204,3754,0,0,17616,2,11467,226,Botnet,1,NF-CSE-CIC-IDS2018-v2
Device_3917,Sensor,131.01,449,142.37,0.009325644490180616,1.358,35.3,0.001099564266315015,0.00036610297666042244,2849,1.201,144,1005,315,0,8,44042,1,28867,150,Normal,0,NF-CSE-CIC-IDS2018-v2
Device_3918,Router,600.96,43,112.45,0.0015375956984752387,2.788,55.32,0.004807327073081627,0.0008400442713559156,3045,8.81,247,32,3321,0,0,60561,28,32749,226,Port_Scan,1,NF-ToN-IoT-v2
Device_3919,Camera,34.3,146,107.0,0.0029898455474975175,2.525,85.42,0.0016448330778784594,9.35268572395669e-05,6662,4.865,63,1523,801,0,0,60450,5,64411,220,Normal,0,NF-BoT-IoT-v2
Device_3920,Sensor,497.57,327,40.27,0.0031123190367092933,3.721,95.71,0.002118576060547764,0.0004442368173701827,3498,5.771,682,1080,1500,3,8,26166,5,63960,425,Normal,0,NF-BoT-IoT-v2
Device_3921,Sensor,154.84,129,80.72,0.0003975772907997852,0.729,6.96,0.0018582464893131207,0.0002672181945828745,8486,6.259,929,1259,2615,8,8,23902,2,79700,200,DDoS,1,NF-BoT-IoT-v2
Device_3922,Router,182.92,124,137.83,0.00045910502343090757,2.74,38.49,0.001415408415733042,0.0008499489194425595,8160,0.691,909,911,3668,3,0,539,5,69539,331,Port_Scan,1,NF-CSE-CIC-IDS2018-v2
Device_3923,Camera,365.05,22,185.67,0.009532648988120838,1.996,68.47,0.003496790649008438,0.000232829679212028,178,7.594,814,1926,2265,11,8,39767,28,50018,425,DDoS,1,NF-CSE-CIC-IDS2018-v2
Device_3924,Sensor,432.44,78,165.13,0.005753816828963916,3.338,55.13,0.0029868120715566384,0.000769354575330142,1221,9.465,503,1256,2335,8,8,32419,1,9287,220,DoS,1,NF-BoT-IoT-v2
Device_3925,Sensor,623.17,434,67.07,0.003135818382143317,0.697,94.59,0.0015978905338912726,0.0006154001691682806,3321,5.247,236,1960,661,3,8,32876,5,20574,220,DoS,1,NF-CSE-CIC-IDS2018-v2
Device_3926,Camera,74.43,342,92.45,0.003848879140995187,0.657,6.61,0.0007478410369395538,0.0008760423528262291,9077,3.97,397,969,1640,8,8,34839,1,35843,226,DoS,1,NF-ToN-IoT-v2
Device_3927,Gateway,503.69,266,25.75,0.00717694499556574,2.423,46.59,0.0016551406248927131,0.0005978560034918663,2961,7.869,801,1246,2957,3,0,42656,5,4461,150,Brute_Force,1,NF-ToN-IoT-v2
Device_3928,Sensor,182.63,98,29.41,0.003728520315190742,4.151,68.54,0.001968033427250864,0.0005609195227394789,8738,7.231,123,904,1505,11,0,20978,5,46119,200,Normal,0,NF-ToN-IoT-v2
Device_3929,Actuator,573.98,56,99.34,0.002354827990623554,3.52,25.67,0.0019652018712932435,0.0008031186401856979,4318,6.545,270,440,1572,3,8,43997,28,34757,331,Normal,0,NF-ToN-IoT-v2
Device_3930,Camera,637.4,269,110.74,0.0011081896818380143,0.575,73.96,0.0018505717154366933,0.0005668616018332479,5829,9.657,8,1533,747,11,8,2419,1,50897,530,Brute_Force,1,NF-BoT-IoT-v2
Device_3931,Sensor,556.71,237,60.17,0.007316436816008569,1.303,12.72,0.0003387402804933708,0.0008460966383902378,2823,5.86,730,1359,1984,0,0,1188,15,13109,200,Normal,0,NF-ToN-IoT-v2
Device_3932,Router,738.3,456,132.13,0.001887593665084725,1.52,47.85,0.0023737622287174328,5.8824849511026416e-05,9873,2.559,342,2006,1759,3,8,39308,28,67972,220,Port_Scan,1,NF-CSE-CIC-IDS2018-v2
Device_3933,Actuator,335.61,189,143.64,0.0007895178722703461,2.404,69.24,0.0041974196765020046,0.0005001983551239189,458,0.345,686,775,2271,0,8,63759,1,32930,200,Normal,0,NF-ToN-IoT-v2
Device_3934,Sensor,765.11,19,66.83,0.0043268490104151226,3.14,30.34,0.0009837948301067406,0.0008145645982439654,2386,4.589,638,1787,1138,11,8,15983,1,74433,331,Botnet,1,NF-CSE-CIC-IDS2018-v2
Device_3935,Actuator,432.77,293,154.1,0.0004917525219324025,1.474,12.02,0.0008137209827945184,0.0008498814954463794,1865,6.558,897,609,1717,0,0,40362,1,72720,220,Normal,0,NF-ToN-IoT-v2
Device_3936,Actuator,484.18,386,49.06,0.00965348077759458,2.221,95.92,0.002412070170699575,0.0008357148236352736,904,1.804,315,2040,3415,3,8,7240,15,33587,331,Normal,0,NF-CSE-CIC-IDS2018-v2
Device_3937,Gateway,648.1,135,113.41,0.006310200378990914,3.128,91.81,0.001915954759535056,0.0006083375064154481,5749,0.355,828,2033,2283,8,0,57393,28,5541,530,Normal,0,NF-BoT-IoT-v2
Device_3938,Actuator,18.36,143,162.81,0.0016116984234209521,2.225,93.01,0.002850275139496399,0.0009940316287187006,2830,9.1,561,1591,3092,3,0,3694,15,33788,200,DDoS,1,NF-CSE-CIC-IDS2018-v2
Device_3939,Gateway,653.99,164,112.03,0.0018072954558397624,1.144,97.96,0.004740664117348648,0.0001895724447276244,6091,3.089,336,113,2443,0,8,44556,5,85406,425,Normal,0,NF-ToN-IoT-v2
Device_3940,Camera,618.59,257,182.51,0.00574130195470117,2.712,22.55,0.0038283426266307427,0.00018271300359365934,7925,4.714,748,634,1683,0,0,16454,2,13628,530,Botnet,1,NF-CSE-CIC-IDS2018-v2
Device_3941,Gateway,309.85,149,21.12,0.003630000997644157,1.958,19.99,0.003466584950588359,4.249444777926318e-05,242,1.002,861,1739,3428,3,0,26530,15,86197,220,Normal,0,NF-BoT-IoT-v2
Device_3942,Router,85.79,327,121.78,0.0077652407674583665,4.389,8.25,0.0021380910275290255,0.0009894438044930664,9415,3.878,829,2007,1939,3,8,41451,5,56603,220,Normal,0,NF-BoT-IoT-v2
Device_3943,Sensor,90.94,445,116.73,0.005503484207627276,3.99,89.72,0.001508063198270011,0.0003545403024801141,383,4.295,256,578,2177,3,0,49625,15,31050,425,Normal,0,NF-ToN-IoT-v2
Device_3944,Camera,923.22,185,135.47,0.0043900053676969196,1.356,76.51,0.002747294106149816,0.0007644336377433823,7192,9.037,116,1601,3405,3,0,45041,1,14756,331,Normal,0,NF-BoT-IoT-v2
Device_3945,Camera,689.28,332,168.35,0.009633504455846188,1.187,65.16,0.004438673285540284,6.911320964772465e-05,483,8.668,791,1317,4048,11,8,54472,2,39071,150,Normal,0,NF-CSE-CIC-IDS2018-v2
Device_3946,Router,127.1,183,147.91,0.003968217656475922,2.065,93.13,0.00439603830150572,0.0003057012252666569,1678,1.971,389,208,3479,8,0,16162,2,50780,220,Normal,0,NF-CSE-CIC-IDS2018-v2
Device_3947,Gateway,356.72,490,160.15,0.004066048145593701,2.355,59.63,0.0022830232488711636,0.0006276088679809526,3045,5.605,85,687,2077,0,8,12311,5,53104,331,Normal,0,NF-BoT-IoT-v2
Device_3948,Sensor,592.48,83,64.88,0.006691146968501812,4.694,17.32,0.0013064797308590293,0.0005295322951382724,723,7.339,632,1270,334,11,0,31712,15,72262,331,Normal,0,NF-CSE-CIC-IDS2018-v2
Device_3949,Gateway,835.57,360,83.62,0.008113837982809466,1.857,21.8,0.0012041878062292908,0.000215670757298927,644,2.989,896,1019,1148,3,8,41428,15,18446,331,Normal,0,NF-BoT-IoT-v2
Device_3950,Actuator,43.66,152,129.09,0.006299528409499599,4.404,17.56,0.00026654324212093983,0.0004669769836642561,7686,4.005,50,172,2800,3,8,17844,15,60534,150,Normal,0,NF-ToN-IoT-v2
Device_3951,Gateway,236.63,464,115.16,0.007016241198338843,2.774,34.23,0.004229054806850138,0.00011769417195312755,1013,9.85,164,299,1953,11,0,20693,5,42703,425,Brute_Force,1,NF-ToN-IoT-v2
Device_3952,Camera,889.75,301,192.61,0.0037920225288094506,4.485,41.05,0.0013977063657831111,0.0005472764375270088,2643,7.621,148,170,692,3,0,62758,15,36340,425,Normal,0,NF-BoT-IoT-v2
Device_3953,Sensor,9.17,407,45.5,0.004847018681134772,3.659,80.7,0.0018590957909302168,0.00010597202862451943,1847,4.428,555,1102,1223,0,8,53394,2,67262,226,Data_Exfiltration,1,NF-CSE-CIC-IDS2018-v2
Device_3954,Gateway,201.4,121,76.74,0.002050647356032837,3.688,23.17,0.004065159090576916,0.0006395761029839175,2263,5.387,136,1115,1065,0,8,64427,2,43080,425,Normal,0,NF-CSE-CIC-IDS2018-v2
Device_3955,Sensor,959.02,215,118.82,0.006834440257915383,2.835,73.91,0.0006881178536872611,0.00016380400229940966,9335,6.295,758,592,2370,0,8,6525,28,42480,530,Normal,0,NF-CSE-CIC-IDS2018-v2
Device_3956,Sensor,613.4,140,174.91,0.0022923742102244236,4.281,51.67,0.002360046986190067,0.0005516150333452792,9607,5.039,218,1619,1343,11,8,26285,15,35924,220,Normal,0,NF-CSE-CIC-IDS2018-v2
Device_3957,Actuator,261.67,378,186.58,0.00011244227439873071,1.645,99.97,0.0006994727616145311,0.0001378294730249872,1477,4.175,937,1116,2442,3,0,60844,15,36223,200,Botnet,1,NF-BoT-IoT-v2
Device_3958,Actuator,66.99,119,73.85,0.009344244986086837,4.583,78.78,0.00226505799060549,0.0004067033293348185,5808,3.658,506,1781,4058,11,0,17823,2,74434,331,Data_Exfiltration,1,NF-CSE-CIC-IDS2018-v2
Device_3959,Camera,28.19,379,22.75,0.0031295508880240827,3.365,97.05,0.0003309839107807906,0.00035831322933859447,8514,1.773,793,1150,3528,0,0,33796,2,24416,200,Normal,0,NF-BoT-IoT-v2
Device_3960,Router,244.75,76,90.11,0.0020466572204134227,2.474,37.52,0.0026363518474659298,0.0007588465928346891,4631,9.739,372,1687,2894,11,0,58187,1,32714,331,Normal,0,NF-BoT-IoT-v2
Device_3961,Sensor,881.49,391,84.93,0.0027546526365611816,4.92,16.69,0.003998977623449805,0.0006447500281681189,2253,1.005,234,1530,1631,3,8,58215,1,66838,331,Brute_Force,1,NF-BoT-IoT-v2
Device_3962,Router,415.91,95,197.43,0.003371432206424611,4.379,53.06,0.003413853706476637,0.0009377179321989606,2799,6.05,775,762,1341,3,0,14725,28,58504,425,Botnet,1,NF-ToN-IoT-v2
Device_3963,Camera,720.33,284,91.9,0.00479800962183692,3.974,16.8,0.0025949281469292624,0.0009226915454323457,3420,9.6,115,71,2101,8,8,52049,2,12446,220,DDoS,1,NF-BoT-IoT-v2
Device_3964,Sensor,918.29,236,68.09,0.0007865815430841067,1.733,51.78,0.004160917689530861,0.0007277460682757493,666,3.812,854,1401,2378,8,0,21510,28,69569,150,Botnet,1,NF-BoT-IoT-v2
Device_3965,Sensor,408.04,469,79.42,0.0006214642464339638,4.882,30.64,0.0012161610773000458,0.0007728798831838939,2142,2.599,189,1382,1986,8,0,722,15,25723,150,Data_Exfiltration,1,NF-CSE-CIC-IDS2018-v2
Device_3966,Router,191.28,447,85.42,0.002999816578826919,3.843,51.65,0.004170901796422966,0.0006286632924113137,8921,9.56,417,2026,857,0,0,27406,15,26063,200,Port_Scan,1,NF-CSE-CIC-IDS2018-v2
Device_3967,Gateway,517.12,334,166.09,0.003028084698851249,3.223,95.22,0.001454181049982063,0.0006947465984372723,2835,8.037,197,468,1094,8,8,48617,2,718,226,Normal,0,NF-BoT-IoT-v2
Device_3968,Actuator,908.08,19,25.39,0.0012646976553609272,4.648,32.46,0.001876183071883733,0.0006210501449470942,5573,6.585,550,1884,923,0,0,52552,5,54256,150,Normal,0,NF-BoT-IoT-v2
Device_3969,Gateway,804.37,498,70.14,0.004107436783773289,1.23,99.38,0.0007293079881364131,0.0003186473809883773,824,6.159,524,437,502,11,0,29971,28,16028,150,DoS,1,NF-BoT-IoT-v2
Device_3970,Router,65.83,426,193.6,0.002911883815207545,1.126,26.79,0.0005985983061748724,0.0003571826867126573,7919,3.665,636,775,614,3,0,52463,5,4937,425,Normal,0,NF-BoT-IoT-v2
Device_3971,Actuator,692.57,406,39.09,0.000357949972671194,3.037,24.77,0.004667346442049342,0.000578986489689926,4148,6.449,556,1266,2115,11,0,19258,15,33162,226,Normal,0,NF-BoT-IoT-v2
Device_3972,Gateway,571.9,393,151.09,0.008868635726168996,0.755,56.75,0.001030893411206389,0.000722975158120868,7080,7.278,821,69,1629,8,8,59347,28,82465,150,Normal,0,NF-CSE-CIC-IDS2018-v2
Device_3973,Actuator,907.46,364,77.71,0.008871588278631545,3.488,84.99,0.0017331511598035435,0.00041205785550611844,2998,0.414,14,499,741,8,8,51203,15,64945,220,Normal,0,NF-ToN-IoT-v2
Device_3974,Sensor,122.48,444,120.54,0.0021709043038433927,1.583,76.2,0.0026928433248546726,0.00015124112281848703,1564,1.265,967,348,2418,0,0,42697,1,44944,220,DDoS,1,NF-ToN-IoT-v2
Device_3975,Gateway,534.04,297,28.91,0.0017124350588270441,1.036,73.74,0.0018045489497553297,0.00046482299666908064,9599,3.22,860,1266,525,0,8,22633,2,72474,530,Normal,0,NF-CSE-CIC-IDS2018-v2
Device_3976,Actuator,879.46,468,68.22,0.0055181983670351195,2.343,31.85,0.004363653088556017,0.0009635559423297053,5714,3.299,564,1138,1635,11,8,61479,1,40940,200,Brute_Force,1,NF-BoT-IoT-v2
Device_3977,Actuator,410.02,121,105.16,0.006344459679516166,2.597,7.14,0.004513502340889185,0.00022194599923820043,7189,9.015,245,1411,3486,11,8,43584,28,53958,425,Normal,0,NF-CSE-CIC-IDS2018-v2
Device_3978,Actuator,481.99,495,54.02,0.009579671318726021,1.267,20.37,0.001697353241228251,0.0006525783960911861,253,6.877,692,661,1586,8,0,6690,1,55315,530,Data_Exfiltration,1,NF-BoT-IoT-v2
Device_3979,Gateway,70.46,33,112.96,0.003835749720734144,0.687,38.2,0.000550935711216896,0.0009827163801820274,6863,3.798,302,846,1298,0,0,8151,28,25147,200,DoS,1,NF-CSE-CIC-IDS2018-v2
Device_3980,Camera,278.14,300,51.75,0.0062201833943591285,2.363,97.31,0.0011297753466351676,0.0003824753422660234,6559,8.111,464,570,1200,0,8,39467,5,58310,200,Normal,0,NF-ToN-IoT-v2
Device_3981,Gateway,324.51,348,133.52,0.008793992353462664,3.918,92.38,0.002424525311601813,0.0008890047727531865,4166,3.3,937,240,180,11,8,42246,2,47128,425,Brute_Force,1,NF-ToN-IoT-v2
Device_3982,Router,945.12,335,181.83,0.004554542479230416,4.434,24.06,0.0015135571069452665,0.0008653686300042611,910,9.908,642,1969,1403,0,0,47765,5,72036,220,Normal,0,NF-CSE-CIC-IDS2018-v2
Device_3983,Gateway,282.67,177,26.24,0.001311222936457528,0.939,73.93,0.0023220139639045703,0.00034565450943495156,250,7.838,433,1692,626,11,0,56598,15,18953,200,Normal,0,NF-CSE-CIC-IDS2018-v2
Device_3984,Actuator,460.87,447,51.16,0.003836728129716745,2.861,60.01,0.0038176471486322753,0.00010753215186461619,8237,8.103,991,1331,3083,3,8,57920,2,51938,200,Normal,0,NF-ToN-IoT-v2
Device_3985,Sensor,671.3,118,170.44,0.001452012574362674,1.685,9.74,0.0021611283255008737,0.0001867537630211172,9370,2.684,612,523,1520,8,8,22871,1,54461,220,DoS,1,NF-CSE-CIC-IDS2018-v2
Device_3986,Gateway,162.18,437,130.0,0.00026473069559930783,2.186,40.31,0.0010652875354188992,0.0003720916863204409,878,1.536,462,329,3150,0,8,25363,28,55515,530,Brute_Force,1,NF-CSE-CIC-IDS2018-v2
Device_3987,Gateway,486.44,199,24.95,0.0075403752578553605,4.7,51.18,0.0018540414388661685,0.0009595429658558202,4349,3.956,878,1864,2312,0,0,26143,2,26359,425,Botnet,1,NF-BoT-IoT-v2
Device_3988,Actuator,738.54,499,102.41,0.00246039463490402,2.084,68.42,0.003740607968927812,0.0002817056435976161,4068,3.409,284,615,3482,3,0,24030,15,84499,226,Port_Scan,1,NF-CSE-CIC-IDS2018-v2
Device_3989,Sensor,866.86,364,49.85,0.00011986975380584302,2.144,33.02,0.0021779043890475113,0.000927596098467894,7767,7.721,623,89,187,3,8,34656,5,75716,200,DoS,1,NF-BoT-IoT-v2
Device_3990,Sensor,626.26,205,47.83,0.008737080339597936,1.442,93.71,0.001322735479558089,0.00018955103876094334,4696,1.825,800,1351,3987,3,8,24739,15,5272,150,DoS,1,NF-CSE-CIC-IDS2018-v2
Device_3991,Router,669.05,42,188.72,0.004493509501059969,4.82,47.93,0.0021943170321159257,0.0009701143014342896,7457,5.322,604,1514,219,11,8,41361,1,41721,220,Normal,0,NF-CSE-CIC-IDS2018-v2
Device_3992,Gateway,126.28,214,154.69,0.0024647128083689295,2.554,28.61,0.0023285527696450324,0.00030066849004401717,2653,6.319,588,1686,472,11,0,18916,28,79678,226,Normal,0,NF-BoT-IoT-v2
Device_3993,Sensor,945.78,321,142.28,0.0027016207263186503,3.067,35.06,0.0015522483034075363,0.0006367613408067936,4203,3.913,717,1981,3343,3,0,8544,28,17247,150,Brute_Force,1,NF-BoT-IoT-v2
Device_3994,Sensor,132.57,429,55.4,0.0024813251437199976,2.539,76.43,0.004978856937045891,7.899431222582767e-05,5904,2.086,534,427,529,8,8,49824,1,75910,150,Data_Exfiltration,1,NF-ToN-IoT-v2
Device_3995,Camera,774.67,191,32.53,0.0020261059957737927,1.638,65.83,0.0038613674925544205,0.0003066675294754417,4664,8.967,682,1429,817,8,0,43844,28,21100,331,Botnet,1,NF-CSE-CIC-IDS2018-v2
Device_3996,Camera,264.82,156,175.46,0.008428139623285534,4.147,75.51,0.003493029436075056,0.00021860330231460005,6564,1.475,368,1117,1251,0,0,52305,2,13540,226,Botnet,1,NF-BoT-IoT-v2
Device_3997,Sensor,933.59,436,11.12,0.0017862831802617086,0.628,32.77,0.004288848224393706,1.3382501997053311e-05,6815,3.108,157,1501,835,11,0,16648,2,58609,331,Normal,0,NF-CSE-CIC-IDS2018-v2
Device_3998,Router,719.96,277,83.74,0.005662361370406047,3.606,36.05,0.0033654540592506854,0.00016520208984015095,3778,7.59,734,118,1364,8,0,1065,1,14890,530,Normal,0,NF-CSE-CIC-IDS2018-v2
Device_3999,Sensor,753.81,20,62.75,0.0008654704222546548,3.174,42.69,0.003975803680970049,0.000597172613338819,3805,6.093,463,1893,3994,0,8,23518,1,13181,220,Brute_Force,1,NF-ToN-IoT-v2
Device_4000,Actuator,219.06,79,118.37,0.009500261624168142,1.149,22.92,0.0021213756581417425,0.00039602097147261234,3458,7.333,872,642,3840,8,0,46278,15,16698,530,Port_Scan,1,NF-CSE-CIC-IDS2018-v2
